{"type":"Feature","properties":{"id":"ATA.1","name":"Antarctica","level":1,"country":"ATA"},"geometry":{"type":"MultiPolygon","coordinates":[[[[-51.73062,-82.06259],[-52.64314,-82.16041],[-53.22492,-82.12509],[-54.76154,-82.29974],[-55.09976,-82.38437],[-55.18761,-82.45827],[-55.92723,-82.48309],[-56.33804,-82.64544],[-57.69888,-82.91025],[-57.89664,-83.00897],[-59.46996,-83.46014],[-59.87409,-83.4275],[-60.44612,-83.46868],[-61.00503,-83.424],[-61.62483,-83.31219],[-61.19249,-83.1985],[-61.04011,-83.11956],[-60.97834,-82.97519],[-61.93248,-82.97234],[-62.1007,-82.8497],[-62.52208,-82.71819],[-62.49519,-82.68174],[-62.79503,-82.51971],[-61.99568,-82.45916],[-61.75841,-82.4026],[-61.12023,-82.34433],[-60.50617,-82.2151],[-60.70873,-82.16074],[-62.07299,-82.28753],[-62.47191,-82.25644],[-63.19587,-82.29461],[-63.33336,-82.34075],[-63.84179,-82.30218],[-64.52575,-82.37786],[-65.07258,-82.40602],[-65.23347,-82.25693],[-65.48819,-82.29339],[-65.91344,-82.26312],[-66.06241,-82.19541],[-65.70153,-81.96893],[-66.25577,-81.94801],[-65.80309,-81.88836],[-63.57722,-81.87184],[-63.4794,-81.78004],[-64.75129,-81.79795],[-65.62487,-81.78411],[-65.69172,-81.71054],[-64.97924,-81.695],[-63.73737,-81.68939],[-63.37873,-81.71657],[-62.20735,-81.69256],[-62.1892,-81.59938],[-62.41417,-81.55755],[-64.58959,-81.53444],[-65.17431,-81.5123],[-67.00136,-81.28258],[-68.37165,-81.11028],[-68.08772,-81.05104],[-68.68033,-80.96087],[-69.17414,-81.02972],[-69.68545,-80.97601],[-69.97582,-80.97601],[-70.03417,-80.89267],[-70.39712,-80.82334],[-70.4337,-80.65732],[-71.1258,-80.60263],[-71.28181,-80.66351],[-72.55704,-80.7986],[-72.76919,-80.96917],[-74.04686,-80.80413],[-74.47916,-80.8344],[-74.83829,-80.91937],[-75.14883,-80.86346],[-75.55407,-80.89137],[-75.72509,-80.81854],[-75.19245,-80.77125],[-75.71198,-80.63812],[-75.42398,-80.5416],[-75.57844,-80.4035],[-75.87206,-80.30771],[-76.11535,-80.28191],[-76.27575,-80.15447],[-76.27448,-80.08115],[-77.66613,-80.18174],[-77.90054,-80.14902],[-78.37267,-80.15032],[-79.64542,-80.02125],[-79.68733,-79.9826],[-77.41906,-80.01385],[-76.63219,-79.93922],[-76.4204,-79.87981],[-76.09765,-79.73357],[-75.92463,-79.52028],[-76.06627,-79.43532],[-76.53258,-79.31292],[-78.48097,-79.2857],[-80.42935,-79.25848],[-80.53043,-79.30429],[-80.5454,-79.41432],[-80.40144,-79.48903],[-80.49234,-79.57789],[-81.11734,-79.4699],[-81.31933,-79.29852],[-81.1057,-79.20338],[-81.45132,-79.16725],[-81.74279,-79.06536],[-82.5795,-78.94459],[-82.58568,-78.86785],[-82.91808,-78.85857],[-83.25353,-78.77272],[-83.71963,-78.56015],[-83.88614,-78.41937],[-83.68126,-78.32724],[-83.02098,-78.42848],[-83.30565,-78.30267],[-83.5913,-78.22625],[-83.6953,-78.15545],[-83.67756,-78.01149],[-82.48705,-78.46575],[-82.40437,-78.47047],[-81.13889,-78.69625],[-80.29524,-78.84677],[-77.75402,-78.73577],[-77.36119,-78.62444],[-77.33072,-78.53379],[-77.41251,-78.41961],[-79.28081,-78.17182],[-80.21497,-78.04792],[-81.6162,-77.86207],[-81.39851,-77.8331],[-81.15709,-77.85231],[-80.76228,-77.78997],[-80.65689,-77.72487],[-80.22716,-77.79778],[-79.96736,-77.81292],[-79.42369,-77.87802],[-79.14558,-77.84466],[-77.78331,-77.94842],[-77.68541,-77.92986],[-75.21764,-78.14463],[-75.10802,-78.19052],[-74.26944,-78.12916],[-73.62731,-78.025],[-73.11974,-77.85638],[-72.80451,-77.69899],[-72.72228,-77.57562],[-75.08039,-77.43711],[-75.25414,-77.45761],[-75.5266,-77.54119],[-75.92129,-77.3366],[-76.08829,-77.33172],[-76.32258,-77.26287],[-76.47395,-77.16399],[-76.72232,-77.08196],[-76.85912,-77.08563],[-76.86791,-76.97356],[-77.03889,-76.92523],[-77.18688,-76.82659],[-77.52359,-76.72975],[-77.50927,-76.55608],[-77.11815,-76.56064],[-76.92907,-76.60377],[-76.49926,-76.525],[-76.37706,-76.56813],[-76.13801,-76.549],[-75.89428,-76.62103],[-75.33263,-76.60312],[-75.21028,-76.5652],[-74.08202,-76.69362],[-73.93684,-76.65301],[-73.06045,-76.6915],[-72.88142,-76.67213],[-72.57055,-76.70452],[-72.40624,-76.68939],[-71.70906,-76.76279],[-70.77481,-76.73349],[-70.33214,-76.67767],[-70.01403,-76.69362],[-69.96548,-76.63226],[-70.11925,-76.58904],[-69.97838,-76.5346],[-70.1809,-76.45062],[-69.60473,-76.33701],[-69.47484,-76.341],[-68.01814,-76.22112],[-68.10432,-76.14788],[-66.21862,-76.01084],[-66.14208,-75.98561],[-65.3771,-75.84287],[-65.26476,-75.79144],[-65.01085,-75.78729],[-64.08623,-75.59836],[-63.16161,-75.40944],[-63.08454,-75.35166],[-63.76211,-75.32464],[-64.32994,-75.36639],[-64.43444,-75.31756],[-64.27233,-75.24114],[-63.50963,-75.15936],[-63.30362,-75.17742],[-63.04092,-75.14723],[-63.2438,-75.02532],[-63.34398,-75.00742],[-63.90038,-75.03525],[-64.02139,-74.97943],[-63.64257,-74.94378],[-63.57311,-74.87135],[-63.18122,-74.91937],[-63.06224,-74.89251],[-63.14843,-74.78851],[-63.29296,-74.72015],[-63.11901,-74.65228],[-62.88199,-74.70485],[-62.67317,-74.7033],[-62.58776,-74.77386],[-62.59105,-74.9511],[-62.46727,-74.99774],[-62.13191,-74.95159],[-61.87295,-74.85149],[-61.78213,-74.72177],[-62.00788,-74.59612],[-62.13732,-74.56512],[-62.33422,-74.4581],[-61.70751,-74.50579],[-61.54271,-74.54404],[-61.06786,-74.51963],[-60.90599,-74.44915],[-60.97838,-74.42116],[-60.68196,-74.3248],[-60.65001,-74.254],[-60.85814,-74.24521],[-61.27872,-74.32985],[-61.49104,-74.32887],[-61.88801,-74.2776],[-61.66373,-74.19052],[-61.40441,-74.24863],[-61.24157,-74.20973],[-61.05541,-74.10312],[-61.08414,-74.06325],[-61.35045,-74.06618],[-61.791,-73.90667],[-61.38809,-73.88177],[-61.23241,-73.95818],[-61.03124,-73.96502],[-60.9108,-73.89983],[-60.73473,-73.71575],[-60.90282,-73.64625],[-60.79955,-73.57789],[-61.4523,-73.4778],[-61.56257,-73.53769],[-61.7176,-73.51718],[-61.71288,-73.46014],[-61.9193,-73.40879],[-61.88606,-73.365],[-61.56847,-73.35312],[-61.81631,-73.26019],[-62.06509,-73.13047],[-62.0017,-73.10418],[-61.36998,-73.20371],[-61.28327,-73.19866],[-61.16763,-73.31976],[-60.70311,-73.39105],[-60.63899,-73.22373],[-60.46935,-73.22731],[-60.45043,-73.30193],[-60.29076,-73.3222],[-60.09358,-73.29925],[-59.97521,-73.23821],[-60.03816,-73.1452],[-59.90412,-72.99342],[-59.94937,-72.8952],[-60.10733,-72.88812],[-60.24698,-73.03395],[-60.35676,-73.05202],[-60.62214,-72.94231],[-60.49169,-72.79119],[-60.52042,-72.68271],[-60.73607,-72.65439],[-61.04182,-72.70159],[-61.25927,-72.69134],[-61.21544,-72.63812],[-61.2755,-72.52606],[-61.36563,-72.466],[-61.14208,-72.4542],[-60.82348,-72.4651],[-60.64257,-72.42995],[-60.69221,-72.37469],[-60.66177,-72.25579],[-60.93786,-72.15838],[-60.68863,-72.12021],[-60.65453,-72.0416],[-61.11701,-72.05006],[-61.28669,-72.13348],[-61.4274,-72.0652],[-61.73265,-72.049],[-61.90811,-72.09222],[-62.2543,-72.13519],[-62.34911,-72.09759],[-62.11221,-72.00953],[-62.39737,-71.96063],[-62.44091,-71.91961],[-61.89045,-71.89764],[-61.77603,-71.86875],[-61.49722,-71.85491],[-61.09179,-71.87103],[-61.05606,-71.79697],[-60.77155,-71.76002],[-60.98034,-71.66082],[-60.94579,-71.61907],[-61.11905,-71.53932],[-61.55724,-71.69061],[-62.06823,-71.6736],[-61.7246,-71.60467],[-61.72582,-71.53281],[-61.3358,-71.46592],[-61.1293,-71.41481],[-61.33707,-71.36468],[-61.2919,-71.31439],[-61.03897,-71.36688],[-60.93456,-71.18222],[-61.18969,-71.10906],[-61.17658,-71.03338],[-61.33385,-71.03997],[-61.26171,-70.89422],[-61.305,-70.85605],[-61.55443,-70.84124],[-61.70421,-70.86207],[-61.79304,-70.91961],[-62.00377,-70.92132],[-62.00577,-70.79314],[-62.12926,-70.7234],[-61.84,-70.73691],[-61.6254,-70.6701],[-61.68114,-70.61883],[-61.35424,-70.56113],[-61.41637,-70.50221],[-61.93517,-70.49944],[-62.08983,-70.54762],[-62.14794,-70.43759],[-62.38048,-70.41399],[-62.43639,-70.30478],[-62.25943,-70.21836],[-62.05232,-70.26458],[-61.86872,-70.20827],[-62.00927,-70.07586],[-62.17032,-70.00677],[-62.32726,-69.9826],[-62.32726,-69.91155],[-62.52965,-69.86395],[-62.38418,-69.68108],[-62.39729,-69.51523],[-62.55858,-69.49277],[-62.65343,-69.38893],[-62.79894,-69.3484],[-62.96251,-69.379],[-63.07055,-69.30641],[-63.06037,-69.25351],[-63.17268,-69.16253],[-63.34313,-69.19638],[-63.43554,-69.15797],[-63.32079,-69.05006],[-63.62462,-69.04388],[-63.86754,-69.00701],[-63.80988,-68.94158],[-63.65005,-68.96014],[-63.44652,-68.94655],[-63.46361,-68.90293],[-63.21231,-68.83864],[-63.37076,-68.7741],[-63.8129,-68.71795],[-63.8485,-68.67742],[-63.74181,-68.57171],[-63.46544,-68.54754],[-63.32893,-68.47145],[-63.11986,-68.45721],[-62.90567,-68.49586],[-62.87173,-68.42067],[-63.32848,-68.41513],[-63.90591,-68.48895],[-64.12784,-68.54502],[-64.14562,-68.63177],[-64.24547,-68.6723],[-64.07738,-68.71494],[-64.13654,-68.77011],[-64.35945,-68.78444],[-64.58727,-68.75172],[-64.67422,-68.67107],[-64.81615,-68.68963],[-65.16649,-68.62859],[-65.33853,-68.56341],[-64.9757,-68.40781],[-65.06115,-68.36785],[-65.39159,-68.38616],[-65.48107,-68.30836],[-65.24987,-68.25661],[-65.16661,-68.21502],[-65.0052,-68.22422],[-64.80077,-68.16375],[-64.75585,-68.10809],[-64.98908,-68.08912],[-65.22643,-68.16302],[-65.35163,-68.14007],[-65.76073,-68.1657],[-65.78091,-68.09482],[-65.38036,-68.01165],[-65.67284,-67.88836],[-65.56224,-67.81219],[-65.55016,-67.72031],[-65.36587,-67.7033],[-65.33747,-67.65797],[-65.58873,-67.55438],[-65.61498,-67.49505],[-65.50145,-67.46233],[-65.61596,-67.36891],[-65.44127,-67.30625],[-65.32689,-67.3991],[-65.17781,-67.33099],[-65.05504,-67.36061],[-64.74913,-67.30731],[-64.79117,-67.26214],[-65.00768,-67.23724],[-64.8531,-67.16961],[-64.69009,-67.14837],[-64.72541,-67.09856],[-64.87621,-67.10947],[-64.9663,-67.03387],[-64.85167,-66.93524],[-64.70295,-66.92799],[-64.77379,-66.84564],[-64.62385,-66.77174],[-64.55093,-66.8733],[-64.36852,-66.91123],[-64.25536,-66.84824],[-64.11339,-66.92815],[-63.83129,-66.9179],[-63.71984,-66.86207],[-63.75133,-66.78769],[-63.93619,-66.7042],[-64.09081,-66.68841],[-64.02123,-66.55755],[-63.92642,-66.60711],[-63.79703,-66.58847],[-63.8048,-66.52972],[-63.91198,-66.50262],[-63.84581,-66.42449],[-63.90331,-66.38161],[-63.58324,-66.3943],[-63.73754,-66.31943],[-63.75577,-66.21461],[-63.57335,-66.19842],[-63.40298,-66.2575],[-63.23461,-66.23943],[-63.16299,-66.35296],[-62.90514,-66.47674],[-62.78824,-66.66432],[-62.66568,-66.71884],[-62.53409,-66.71852],[-62.51968,-66.59393],[-62.70372,-66.58074],[-62.69042,-66.50994],[-62.51447,-66.4782],[-62.55114,-66.41318],[-62.76089,-66.31609],[-62.66828,-66.22747],[-62.41613,-66.18629],[-62.22033,-66.17425],[-62.14708,-66.20387],[-61.95564,-66.20778],[-61.98233,-66.26995],[-61.89244,-66.3283],[-61.81163,-66.46445],[-61.71788,-66.47234],[-61.6693,-66.39235],[-61.68236,-66.31658],[-61.77855,-66.23024],[-61.73127,-66.20045],[-61.50137,-66.23211],[-61.49242,-66.12859],[-61.24877,-66.15879],[-61.14395,-66.22283],[-61.16763,-66.30478],[-61.09024,-66.35223],[-60.97077,-66.32586],[-60.87588,-66.18759],[-61.02221,-66.13258],[-61.00455,-66.0735],[-60.8402,-66.04534],[-60.69791,-66.11631],[-60.56338,-65.99676],[-60.5775,-65.94012],[-60.86986,-65.91123],[-61.01838,-65.92441],[-61.01407,-66.03436],[-61.24462,-65.91286],[-61.33934,-66.08766],[-61.57763,-66.02272],[-61.64712,-66.03362],[-61.59602,-66.16562],[-61.71215,-66.13958],[-62.02278,-66.1115],[-62.2484,-66.00953],[-62.26431,-65.92864],[-62.37243,-65.9157],[-62.34166,-65.7951],[-62.25353,-65.78118],[-62.06607,-65.69199],[-62.07994,-65.59637],[-61.95751,-65.56487],[-61.96085,-65.49358],[-62.09431,-65.4625],[-62.08947,-65.39349],[-62.19831,-65.30446],[-62.02172,-65.24912],[-61.93163,-65.19329],[-61.83039,-65.24188],[-61.62755,-65.24139],[-61.55578,-65.15789],[-61.73937,-65.08782],[-61.72875,-64.96868],[-61.54141,-64.97422],[-61.38121,-65.05332],[-61.19432,-64.99977],[-61.05175,-65.01092],[-60.85607,-64.86354],[-60.73518,-64.81097],[-60.6363,-64.69655],[-60.35554,-64.62819],[-60.23449,-64.52068],[-60.04076,-64.4817],[-59.95751,-64.38747],[-59.75422,-64.43629],[-59.76891,-64.56699],[-59.63561,-64.59433],[-59.55541,-64.56259],[-59.66218,-64.39153],[-59.56379,-64.3388],[-59.41763,-64.33082],[-59.3675,-64.41155],[-59.2753,-64.45485],[-58.99303,-64.44345],[-58.99083,-64.51434],[-58.81578,-64.54274],[-58.76203,-64.45867],[-58.93318,-64.38063],[-58.76993,-64.2824],[-59.08898,-64.25628],[-59.03344,-64.1889],[-58.81989,-64.21868],[-58.71329,-64.09775],[-58.73331,-64.03143],[-58.61901,-63.94476],[-58.49913,-63.91033],[-58.29247,-63.75359],[-58.07706,-63.66286],[-57.92406,-63.68401],[-57.75088,-63.65634],[-57.68639,-63.5525],[-57.48217,-63.56552],[-57.44538,-63.44443],[-57.12678,-63.50351],[-57.17553,-63.59686],[-57.09594,-63.65179],[-56.77603,-63.56308],[-56.99132,-63.46038],[-56.92886,-63.42018],[-57.0362,-63.34726],[-57.02941,-63.28102],[-57.10586,-63.24139],[-57.28661,-63.21478],[-57.88028,-63.31471],[-57.95857,-63.38112],[-58.1317,-63.44443],[-58.2565,-63.4542],[-58.89855,-63.54022],[-58.92077,-63.65097],[-59.11547,-63.71844],[-59.20922,-63.68304],[-59.36889,-63.72324],[-59.3452,-63.79241],[-59.489,-63.87908],[-59.91088,-63.84791],[-59.95385,-63.94671],[-60.30647,-63.91546],[-60.52847,-63.98602],[-60.87719,-64.04746],[-60.96288,-64.15634],[-60.92048,-64.21006],[-60.96866,-64.29567],[-61.13516,-64.3331],[-61.11319,-64.38144],[-61.42341,-64.39275],[-61.58287,-64.44264],[-61.60432,-64.56072],[-61.49104,-64.61452],[-61.65315,-64.65399],[-61.72159,-64.56292],[-61.91568,-64.57488],[-61.97085,-64.69036],[-62.14183,-64.78484],[-62.36901,-64.74912],[-62.35363,-64.70257],[-62.4702,-64.59336],[-62.57409,-64.65667],[-62.51806,-64.73187],[-62.67382,-64.77728],[-62.40722,-64.87664],[-62.59553,-64.90643],[-62.7401,-64.82301],[-62.89786,-64.93108],[-63.06713,-64.90683],[-63.23375,-64.96526],[-62.99201,-65.12542],[-63.08361,-65.16611],[-63.5266,-65.07977],[-63.65339,-65.07529],[-63.82697,-65.03021],[-64.08214,-65.19362],[-64.10985,-65.26775],[-63.98449,-65.36989],[-64.05972,-65.42938],[-63.8214,-65.46152],[-63.68228,-65.52386],[-63.96618,-65.57497],[-64.0819,-65.51482],[-64.16454,-65.56805],[-64.14513,-65.62396],[-64.47867,-65.63144],[-64.33528,-65.71657],[-64.39639,-65.80934],[-64.67138,-65.75262],[-64.69367,-65.84051],[-64.49584,-65.93939],[-64.5841,-66.03346],[-64.68651,-66.03834],[-64.91657,-65.92693],[-65.05215,-65.96266],[-65.25975,-65.95745],[-65.33202,-66.02117],[-65.09093,-66.15008],[-65.18741,-66.17254],[-65.48697,-66.12282],[-65.70547,-66.15],[-65.64053,-66.21478],[-65.82811,-66.32122],[-65.69164,-66.32049],[-65.64293,-66.37713],[-65.76207,-66.60963],[-65.64615,-66.65301],[-65.80036,-66.71575],[-66.06265,-66.62078],[-66.29214,-66.58587],[-66.51207,-66.63014],[-66.55207,-66.67929],[-66.55191,-66.81064],[-66.44058,-66.84564],[-66.61417,-67.03802],[-66.45653,-67.19883],[-66.45104,-67.30853],[-66.6942,-67.19362],[-66.8164,-67.31113],[-66.98086,-67.2763],[-66.88752,-67.16814],[-66.94221,-67.10263],[-66.91731,-66.9568],[-67.23253,-67.04176],[-67.30309,-67.0993],[-67.44473,-67.04705],[-67.54039,-67.13877],[-67.48396,-67.18174],[-67.5548,-67.26426],[-67.53588,-67.35809],[-67.6608,-67.48284],[-67.47216,-67.549],[-66.99275,-67.46868],[-66.63207,-67.54355],[-66.8192,-67.60459],[-67.01602,-67.74114],[-66.79674,-67.80047],[-66.87377,-67.91806],[-67.26871,-67.96868],[-67.18029,-68.01621],[-67.10912,-68.11826],[-66.94587,-68.22283],[-66.68944,-68.19012],[-66.62507,-68.24668],[-66.76561,-68.31357],[-67.10822,-68.27809],[-67.15225,-68.3318],[-66.95914,-68.36745],[-66.98912,-68.4778],[-67.16316,-68.48984],[-67.14818,-68.55731],[-67.01464,-68.61468],[-66.95922,-68.74814],[-67.01618,-68.78574],[-67.38418,-68.79339],[-67.45564,-68.86582],[-67.27326,-68.94329],[-66.87816,-68.96445],[-66.75914,-69.07122],[-66.95637,-69.12249],[-66.84455,-69.17547],[-67.00959,-69.26247],[-67.25304,-69.27304],[-67.33503,-69.41033],[-67.28429,-69.45696],[-67.41788,-69.50595],[-67.5275,-69.43369],[-67.80687,-69.36875],[-67.95328,-69.37461],[-68.3164,-69.28932],[-68.28917,-69.39316],[-68.6538,-69.38209],[-68.82486,-69.43133],[-68.62194,-69.52353],[-68.57201,-69.58636],[-68.36189,-69.68336],[-68.38952,-69.88014],[-68.48729,-69.9179],[-68.48375,-70.05267],[-68.34341,-70.10084],[-68.19066,-70.23496],[-67.94937,-70.31178],[-67.84634,-70.51035],[-67.68358,-70.62615],[-67.70458,-70.76336],[-67.64269,-70.85475],[-67.41112,-70.99285],[-67.40144,-71.07049],[-67.4984,-71.09075],[-67.45816,-71.18987],[-67.49909,-71.28086],[-67.61742,-71.37721],[-67.62263,-71.43336],[-67.42414,-71.62054],[-67.14216,-71.72259],[-67.18126,-71.76686],[-66.99502,-71.87713],[-66.80016,-71.9555],[-66.74795,-72.09205],[-66.92951,-72.23626],[-66.97826,-72.34954],[-67.15127,-72.42889],[-67.22191,-72.59368],[-67.5338,-72.76816],[-67.5111,-72.83408],[-67.66271,-72.87786],[-67.8369,-72.86956],[-67.94249,-72.92815],[-68.46687,-73.01572],[-68.66735,-73.08815],[-68.91674,-73.10361],[-69.33698,-73.18011],[-69.91885,-73.21852],[-70.29296,-73.29339],[-70.88292,-73.25604],[-71.062,-73.26637],[-71.42296,-73.35377],[-71.74934,-73.35166],[-71.86364,-73.37884],[-72.23925,-73.38885],[-72.51354,-73.46087],[-73.07311,-73.44443],[-73.20714,-73.54843],[-73.45043,-73.56504],[-74.10513,-73.71608],[-74.2578,-73.66546],[-74.41161,-73.67156],[-74.66283,-73.73528],[-74.90762,-73.64235],[-75.26814,-73.62119],[-75.53295,-73.7081],[-75.89782,-73.72715],[-76.21174,-73.78281],[-76.27721,-73.8209],[-76.77831,-73.7903],[-77.01977,-73.8707],[-77.24242,-73.81243],[-76.94091,-73.6679],[-76.72818,-73.59173],[-76.69872,-73.54754],[-76.87975,-73.45859],[-77.07921,-73.4625],[-77.21459,-73.50921],[-77.53116,-73.46746],[-77.85188,-73.52256],[-78.20124,-73.55633],[-78.50137,-73.55657],[-78.7827,-73.61175],[-78.87182,-73.58318],[-78.74405,-73.36492],[-78.91861,-73.29274],[-79.14257,-73.24725],[-79.23253,-73.19557],[-79.64745,-73.03867],[-80.37767,-72.94997],[-80.60631,-72.97479],[-80.65099,-73.0844],[-80.43676,-73.18816],[-80.3518,-73.34547],[-80.39379,-73.41424],[-80.81017,-73.26312],[-81.14928,-73.23992],[-81.31119,-73.27304],[-81.32824,-73.48008],[-81.11547,-73.56951],[-81.234,-73.73024],[-81.70718,-73.82684],[-81.87304,-73.8178],[-82.06477,-73.88698],[-82.9337,-73.71038],[-83.29577,-73.70615],[-83.4501,-73.68524],[-83.63166,-73.75221],[-83.88158,-73.66668],[-83.75975,-73.63494],[-83.7517,-73.56024],[-83.92772,-73.549],[-84.46691,-73.56943],[-84.85033,-73.53232],[-85.10147,-73.48707],[-85.33951,-73.39625],[-85.54288,-73.37184],[-85.65258,-73.26458],[-85.67862,-73.1775],[-85.88683,-73.17693],[-86.0712,-73.24733],[-86.36775,-73.26279],[-86.46036,-73.33733],[-86.66661,-73.372],[-86.94652,-73.38356],[-87.11075,-73.30975],[-87.50495,-73.2011],[-87.64879,-73.19451],[-87.9215,-73.2527],[-88.15233,-73.20989],[-88.44384,-73.2636],[-88.5664,-73.1653],[-88.71402,-73.11981],[-88.45539,-73.03826],[-88.40632,-72.91839],[-88.10875,-72.84336],[-88.2235,-72.71233],[-89.3485,-72.63453],[-89.35827,-72.67702],[-89.1105,-72.76434],[-89.08796,-72.96006],[-89.28002,-73.03769],[-89.2838,-73.10662],[-89.53673,-73.10426],[-89.74559,-73.14227],[-89.94685,-73.12721],[-90.20669,-73.14983],[-90.53429,-73.28021],[-91.07738,-73.3366],[-91.11486,-73.30071],[-91.66299,-73.24521],[-91.84362,-73.25506],[-91.95385,-73.1845],[-92.53987,-73.16611],[-92.80138,-73.14275],[-93.02269,-73.19313],[-93.57164,-73.17523],[-93.9359,-73.27947],[-94.3358,-73.32155],[-94.57799,-73.23553],[-95.00316,-73.24407],[-95.19376,-73.20908],[-95.68859,-73.2444],[-95.84268,-73.33148],[-96.47496,-73.29949],[-97.15656,-73.18597],[-97.41885,-73.12493],[-97.60261,-73.13616],[-97.76114,-73.19411],[-97.98119,-73.16937],[-97.71744,-73.02532],[-99.68224,-73.01727],[-99.85359,-72.99554],[-100.37686,-73.06585],[-100.76594,-72.97601],[-101.31017,-72.99082],[-101.39721,-73.01344],[-101.96032,-73.0556],[-102.07665,-72.97845],[-102.55427,-72.96347],[-102.18863,-72.89446],[-102.09398,-72.77174],[-102.3286,-72.73805],[-103.04141,-72.70761],[-103.29857,-72.75758],[-103.42992,-72.84938],[-103.26134,-73.00661],[-103.28832,-73.15936],[-103.14778,-73.17734],[-102.87365,-73.3082],[-102.60261,-73.33074],[-101.8566,-73.30446],[-101.6942,-73.33587],[-101.21264,-73.31536],[-101.12035,-73.32952],[-99.76806,-73.36419],[-99.73046,-73.44842],[-99.50235,-73.48935],[-99.48526,-73.54746],[-98.89122,-73.58847],[-98.81436,-73.63226],[-99.21011,-73.64422],[-99.86742,-73.73309],[-100.45861,-73.72617],[-100.63207,-73.78216],[-101.16393,-73.77068],[-101.38536,-73.66717],[-101.80053,-73.66326],[-101.91198,-73.63641],[-102.88976,-73.58554],[-102.98689,-73.67498],[-102.78897,-73.74879],[-102.92333,-73.85752],[-102.73327,-73.93719],[-102.39367,-73.93182],[-102.06371,-73.95745],[-101.90144,-73.99725],[-101.58922,-74.00018],[-101.4392,-74.11647],[-101.30663,-74.30657],[-101.41194,-74.35589],[-101.3959,-74.5027],[-100.92732,-74.55055],[-100.59952,-74.48455],[-100.13073,-74.4734],[-99.81578,-74.53786],[-100.0528,-74.60174],[-100.11018,-74.71624],[-99.9193,-74.76979],[-100.08336,-74.84612],[-100.36311,-74.84043],[-100.52229,-74.89088],[-100.10509,-74.94313],[-99.88443,-74.92197],[-99.32396,-74.96258],[-99.37971,-75.11273],[-98.89908,-75.17498],[-98.74421,-75.22454],[-98.42984,-75.21787],[-98.64196,-75.3095],[-99.01431,-75.33953],[-99.43139,-75.3034],[-99.83161,-75.32985],[-100.13744,-75.38445],[-100.4357,-75.35052],[-100.62857,-75.3917],[-101.1127,-75.43206],[-101.14859,-75.37176],[-101.53441,-75.34832],[-101.65685,-75.30535],[-101.5642,-75.14674],[-101.76073,-75.08294],[-102.0775,-75.12957],[-102.59655,-75.129],[-103.29597,-75.08538],[-103.81216,-75.15301],[-104.10139,-75.12078],[-104.55065,-75.16074],[-104.83625,-75.10662],[-105.0963,-75.12412],[-105.14175,-75.18133],[-105.66169,-75.22031],[-105.71695,-75.25164],[-106.44913,-75.31683],[-106.52522,-75.37282],[-106.9049,-75.30999],[-107.86608,-75.3235],[-108.10367,-75.25652],[-109.69286,-75.14609],[-109.81566,-75.21315],[-110.17284,-75.23919],[-110.44591,-75.19297],[-111.12987,-75.20208],[-111.27391,-75.23838],[-111.48107,-75.19573],[-111.52684,-75.10801],[-111.25666,-75.01995],[-111.01789,-74.98903],[-110.67544,-74.82936],[-110.29442,-74.78191],[-110.32071,-74.66627],[-110.10314,-74.5486],[-110.2482,-74.37225],[-110.4486,-74.27125],[-110.66881,-74.24049],[-110.74136,-74.32024],[-111.23078,-74.19671],[-111.64981,-74.1749],[-111.88703,-74.22861],[-111.88711,-74.31536],[-111.69709,-74.42295],[-111.48522,-74.50107],[-111.81819,-74.4909],[-111.92614,-74.5512],[-111.91682,-74.61842],[-111.54263,-74.80153],[-112.07575,-74.80885],[-112.24576,-74.86256],[-112.57018,-74.84637],[-112.72598,-74.89935],[-112.91779,-74.87314],[-113.44392,-74.94899],[-113.78966,-74.97747],[-113.88829,-75.0359],[-114.10578,-75.06894],[-114.26968,-75.00384],[-113.96963,-74.88486],[-113.82628,-74.72975],[-113.97085,-74.68255],[-114.15298,-74.71526],[-114.32579,-74.6819],[-114.05923,-74.62835],[-113.64928,-74.58799],[-113.31094,-74.48073],[-113.22509,-74.40211],[-113.80126,-74.45184],[-113.78954,-74.33327],[-113.68517,-74.29656],[-113.88321,-74.23707],[-113.42203,-74.1749],[-113.4396,-74.0997],[-113.61119,-74.02516],[-113.89249,-74.02272],[-114.18814,-74.07708],[-114.286,-74.05918],[-114.0113,-73.96836],[-113.95177,-73.91465],[-114.21003,-73.86346],[-114.50536,-73.92002],[-114.734,-73.92685],[-115.12487,-74.0949],[-115.06798,-74.25644],[-114.92308,-74.34808],[-114.83849,-74.47145],[-115.23717,-74.51507],[-115.64932,-74.53094],[-115.79357,-74.50115],[-115.98029,-74.39178],[-116.08414,-74.41912],[-116.0502,-74.49733],[-116.46288,-74.51116],[-116.69347,-74.55787],[-117.14244,-74.53484],[-117.34122,-74.54681],[-117.66234,-74.50335],[-117.79284,-74.43141],[-117.97814,-74.39983],[-117.84113,-74.33766],[-117.94693,-74.261],[-118.12389,-74.31276],[-118.97549,-74.40423],[-119.13825,-74.50335],[-118.64708,-74.50945],[-118.62914,-74.54518],[-118.86705,-74.60247],[-119.135,-74.59808],[-119.89733,-74.6819],[-120.15396,-74.66009],[-120.71703,-74.71331],[-120.82933,-74.73984],[-122.0039,-74.77516],[-122.20002,-74.75384],[-122.83625,-74.76572],[-123.11823,-74.79632],[-123.34415,-74.75644],[-123.46613,-74.78183],[-124.05134,-74.81113],[-124.36563,-74.70696],[-124.82632,-74.73602],[-124.93594,-74.7151],[-125.74006,-74.70477],[-126.11343,-74.76149],[-126.59463,-74.74245],[-126.93908,-74.67669],[-127.24474,-74.68011],[-127.62987,-74.71982],[-127.79597,-74.70387],[-128.00503,-74.74131],[-128.47301,-74.76344],[-128.7115,-74.82252],[-129.18684,-74.82643],[-129.97509,-74.91326],[-131.01281,-74.8165],[-131.55541,-74.84596],[-131.7788,-74.78094],[-132.09313,-74.76328],[-132.57872,-74.82578],[-132.79117,-74.76865],[-133.19982,-74.84026],[-133.31823,-74.83489],[-133.86555,-74.92832],[-133.92919,-74.88421],[-134.17614,-74.85491],[-134.4147,-74.85898],[-134.39224,-74.80153],[-134.58625,-74.73626],[-134.51862,-74.64324],[-135.3424,-74.56015],[-135.49547,-74.58123],[-135.7001,-74.67799],[-135.70181,-74.74733],[-136.22484,-74.70143],[-136.5653,-74.75856],[-136.7943,-74.74993],[-136.88488,-74.8283],[-136.87759,-75.03818],[-136.37438,-75.10809],[-136.34602,-75.17783],[-136.91893,-75.15618],[-137.09488,-75.17986],[-137.47745,-75.08815],[-137.74234,-75.06064],[-137.90429,-75.10556],[-139.03425,-75.14072],[-139.20425,-75.12493],[-139.56664,-75.14804],[-139.67418,-75.21852],[-139.84972,-75.24065],[-140.15705,-75.34059],[-140.27701,-75.43255],[-140.81965,-75.53094],[-141.23046,-75.49236],[-141.32653,-75.52679],[-141.23843,-75.59873],[-140.83723,-75.68287],[-140.91295,-75.76238],[-141.30175,-75.75075],[-141.52717,-75.76751],[-141.64745,-75.7068],[-141.8614,-75.52117],[-142.1302,-75.46087],[-142.46703,-75.43174],[-142.51403,-75.51881],[-142.67943,-75.56178],[-143.39183,-75.53826],[-144.30761,-75.64235],[-144.18781,-75.71282],[-144.16039,-75.80397],[-144.5904,-75.84336],[-144.89122,-75.84092],[-145.18033,-75.90716],[-145.95084,-75.88258],[-146.20922,-75.91546],[-146.49962,-76.08701],[-145.90909,-76.25921],[-145.53864,-76.31552],[-145.35464,-76.4345],[-145.71837,-76.46494],[-146.00544,-76.41676],[-146.25072,-76.42376],[-146.76098,-76.31227],[-146.95665,-76.29892],[-147.16446,-76.23219],[-148.19709,-76.08709],[-148.59142,-76.11688],[-148.6903,-76.1915],[-148.53966,-76.22828],[-149.03327,-76.30193],[-149.48335,-76.29323],[-149.65978,-76.33815],[-149.63976,-76.42995],[-148.45283,-76.50604],[-148.03954,-76.4485],[-147.08169,-76.43279],[-146.61807,-76.5324],[-146.18513,-76.66253],[-146.10997,-76.70916],[-145.53425,-76.73797],[-145.5244,-76.79892],[-145.94506,-76.83025],[-145.81037,-76.91985],[-145.59252,-76.91676],[-145.536,-77.05511],[-146.31924,-76.99049],[-146.16291,-77.05853],[-145.93688,-77.06634],[-145.27501,-77.22112],[-145.56408,-77.25156],[-145.96447,-77.25449],[-145.85351,-77.33261],[-145.40665,-77.47926],[-145.4984,-77.52516],[-145.78698,-77.47812],[-146.0255,-77.51922],[-146.3966,-77.49521],[-146.46898,-77.43987],[-146.8898,-77.25579],[-147.26415,-77.25953],[-147.23302,-77.31373],[-147.70116,-77.40944],[-147.84683,-77.26377],[-148.51305,-77.1076],[-148.86738,-77.13738],[-149.05012,-77.27565],[-149.02086,-77.33782],[-147.75821,-77.46168],[-148.8015,-77.58375],[-148.67369,-77.6749],[-148.95674,-77.70745],[-149.49852,-77.60947],[-149.59081,-77.64935],[-149.24531,-77.7575],[-149.61559,-77.80242],[-149.97496,-77.81618],[-150.24767,-77.77313],[-150.45405,-77.6806],[-151.00109,-77.55853],[-151.42089,-77.50897],[-151.5146,-77.41644],[-152.13353,-77.37575],[-152.21687,-77.32448],[-152.48546,-77.31911],[-152.47639,-77.40789],[-152.57543,-77.50205],[-153.24804,-77.44647],[-153.86242,-77.44256],[-153.9051,-77.40521],[-153.45539,-77.39837],[-153.31721,-77.33815],[-153.53405,-77.25416],[-154.09679,-77.2138],[-154.40522,-77.15293],[-154.75031,-77.1535],[-154.8944,-77.10369],[-155.29052,-77.12884],[-155.47505,-77.1679],[-155.69502,-77.08172],[-155.86555,-77.05975],[-156.32384,-77.06609],[-156.59028,-77.1124],[-156.81098,-77.1915],[-156.46711,-77.26068],[-157.08308,-77.35125],[-157.60936,-77.1583],[-157.9254,-77.05633],[-158.2202,-77.07366],[-158.31172,-77.13242],[-158.17748,-77.20582],[-158.32539,-77.29607],[-158.29182,-77.37558],[-158.14021,-77.42791],[-158.28633,-77.51393],[-158.11811,-77.55584],[-158.3249,-77.63649],[-158.63707,-77.86452],[-158.45503,-77.89935],[-158.34386,-77.97438],[-157.35383,-78.1959],[-157.19957,-78.2527],[-156.74091,-78.21331],[-156.62523,-78.14284],[-156.34801,-78.19988],[-155.25158,-78.20501],[-155.11999,-78.25701],[-154.77412,-78.23447],[-154.56794,-78.13437],[-154.39619,-78.13592],[-154.13659,-78.2483],[-154.29084,-78.38893],[-154.73034,-78.45468],[-156.05285,-78.49407],[-156.08759,-78.55731],[-156.49926,-78.59433],[-156.52827,-78.66367],[-155.05272,-78.99407],[-154.9698,-79.03476],[-153.07933,-79.13942],[-152.70466,-79.11386],[-152.56444,-79.17506],[-152.23424,-79.11093],[-151.78551,-79.08099],[-151.97509,-79.17034],[-152.41417,-79.26393],[-152.00377,-79.34246],[-150.53441,-79.53411],[-150.44689,-79.55918],[-149.0924,-79.6303],[-149.00133,-79.68621],[-147.94567,-79.78655],[-148.04377,-79.89023],[-148.51862,-79.88681],[-148.58027,-79.94964],[-147.93497,-79.98545],[-148.45507,-80.02418],[-148.8341,-80.13128],[-150.3697,-80.07464],[-150.13374,-80.18572],[-150.47728,-80.22194],[-150.60912,-80.26971],[-149.96825,-80.39373],[-150.42223,-80.42962],[-150.23591,-80.52801],[-149.66515,-80.52703],[-149.50268,-80.56878],[-149.01875,-80.59149],[-149.46166,-80.71917],[-148.40661,-80.74603],[-148.09093,-80.80706],[-147.62556,-80.84726],[-147.628,-80.92018],[-150.56871,-80.99635],[-152.52919,-81.04713],[-154.48967,-81.09791],[-156.45014,-81.1487],[-157.06391,-81.25579],[-157.05671,-81.35133],[-154.99657,-81.48919],[-154.41002,-81.56211],[-154.29845,-81.60882],[-153.79035,-81.69101],[-153.82978,-81.79225],[-154.35192,-81.8235],[-154.77497,-81.92295],[-154.80403,-81.966],[-154.11144,-82.07155],[-154.21483,-82.12566],[-152.8968,-82.37412],[-152.54292,-82.54811],[-155.05879,-82.80193],[-155.13451,-82.87754],[-155.49678,-82.9555],[-155.59223,-83.04607],[-158.49718,-83.11793],[-158.46349,-83.16717],[-157.02448,-83.20582],[-156.91767,-83.23016],[-157.55529,-83.39023],[-158.99987,-83.45713],[-159.10167,-83.53338],[-159.48424,-83.54559],[-160.07002,-83.47918],[-162.16906,-83.52467],[-162.76879,-83.39861],[-162.86994,-83.32147],[-164.16625,-83.39609],[-164.17732,-83.52711],[-164.61726,-83.50693],[-164.98322,-83.34026],[-164.85411,-83.25026],[-165.08629,-83.20208],[-167.3332,-83.19801],[-168.00939,-83.2081],[-168.0858,-83.25555],[-169.73457,-83.2444],[-170.71947,-83.19695],[-170.95539,-83.05527],[-171.40831,-82.95379],[-172.51244,-82.86989],[-172.74177,-82.91839],[-173.18102,-82.91644],[-174.26899,-82.75579],[-174.33747,-82.81211],[-174.02758,-82.91522],[-172.71147,-83.06379],[-170.95665,-83.26189],[-169.43305,-83.40944],[-168.58263,-83.53037],[-168.63435,-83.60459],[-168.05358,-83.75368],[-167.25353,-83.81113],[-166.06823,-83.81797],[-165.42072,-83.76678],[-163.99389,-83.93906],[-164.03901,-83.99065],[-163.70283,-84.0499],[-165.00971,-84.05674],[-165.15441,-84.13795],[-164.1903,-84.22552],[-164.15669,-84.29209],[-163.00109,-84.36297],[-165.40974,-84.36452],[-165.13069,-84.41985],[-163.66023,-84.42913],[-164.09663,-84.48056],[-163.86286,-84.5499],[-161.99177,-84.62233],[-158.24958,-84.76718],[-158.38362,-84.78924],[-155.64265,-84.82781],[-155.78816,-84.90455],[-157.58104,-84.88299],[-156.93883,-85.00701],[-155.50398,-85.12607],[-156.00841,-85.22194],[-158.16332,-85.16473],[-158.35151,-85.10296],[-160.8602,-84.97971],[-162.84895,-84.88307],[-162.99409,-84.91416],[-164.04743,-84.87607],[-166.9112,-84.82024],[-168.01862,-84.78102],[-168.25471,-84.64821],[-172.2109,-84.51484],[-175.17805,-84.41481],[-175.24889,-84.49749],[-175.99873,-84.4874],[-177.1068,-84.38356],[-177.7047,-84.41839],[-178.29756,-84.30771],[-179.96911,-84.3554],[-180,-84.3528],[-180,-84.51523],[-180,-85.01385],[-180,-85.51246],[-180,-86.01108],[-180,-86.50969],[-180,-87.00831],[-180,-87.50692],[-180,-88.00554],[-180,-88.50415],[-180,-89.00277],[-180,-89.50138],[-180,-90],[-179.50069,-90],[-179.00139,-90],[-178.50208,-90],[-178.00277,-90],[-177.50347,-90],[-177.00416,-90],[-176.50485,-90],[-176.00555,-90],[-175.50624,-90],[-175.00693,-90],[-174.50763,-90],[-174.00832,-90],[-173.50901,-90],[-173.00971,-90],[-172.5104,-90],[-172.0111,-90],[-171.51179,-90],[-171.01248,-90],[-170.51318,-90],[-170.01387,-90],[-169.51456,-90],[-169.01526,-90],[-168.51595,-90],[-168.01664,-90],[-167.51734,-90],[-167.01803,-90],[-166.51872,-90],[-166.01942,-90],[-165.52011,-90],[-165.0208,-90],[-164.5215,-90],[-164.02219,-90],[-163.52288,-90],[-163.02358,-90],[-162.52427,-90],[-162.02496,-90],[-161.52566,-90],[-161.02635,-90],[-160.52705,-90],[-160.02774,-90],[-159.52843,-90],[-159.02913,-90],[-158.52982,-90],[-158.03051,-90],[-157.53121,-90],[-157.0319,-90],[-156.53259,-90],[-156.03329,-90],[-155.53398,-90],[-155.03467,-90],[-154.53537,-90],[-154.03606,-90],[-153.53675,-90],[-153.03745,-90],[-152.53814,-90],[-152.03883,-90],[-151.53953,-90],[-151.04022,-90],[-150.54092,-90],[-150.04161,-90],[-149.5423,-90],[-149.043,-90],[-148.54369,-90],[-148.04438,-90],[-147.54508,-90],[-147.04577,-90],[-146.54646,-90],[-146.04716,-90],[-145.54785,-90],[-145.04854,-90],[-144.54924,-90],[-144.04993,-90],[-143.55062,-90],[-143.05132,-90],[-142.55201,-90],[-142.0527,-90],[-141.5534,-90],[-141.05409,-90],[-140.55479,-90],[-140.05548,-90],[-139.55617,-90],[-139.05686,-90],[-138.55756,-90],[-138.05825,-90],[-137.55895,-90],[-137.05964,-90],[-136.56033,-90],[-136.06103,-90],[-135.56172,-90],[-135.06241,-90],[-134.56311,-90],[-134.0638,-90],[-133.56449,-90],[-133.06519,-90],[-132.56588,-90],[-132.06657,-90],[-131.56727,-90],[-131.06796,-90],[-130.56865,-90],[-130.06935,-90],[-129.57004,-90],[-129.07074,-90],[-128.57143,-90],[-128.07212,-90],[-127.57282,-90],[-127.07351,-90],[-126.5742,-90],[-126.0749,-90],[-125.57559,-90],[-125.07628,-90],[-124.57698,-90],[-124.07767,-90],[-123.57836,-90],[-123.07906,-90],[-122.57975,-90],[-122.08044,-90],[-121.58114,-90],[-121.08183,-90],[-120.58252,-90],[-120.08322,-90],[-119.58391,-90],[-119.0846,-90],[-118.5853,-90],[-118.08599,-90],[-117.58668,-90],[-117.08738,-90],[-116.58807,-90],[-116.08877,-90],[-115.58946,-90],[-115.09015,-90],[-114.59085,-90],[-114.09154,-90],[-113.59223,-90],[-113.09293,-90],[-112.59362,-90],[-112.09431,-90],[-111.59501,-90],[-111.0957,-90],[-110.59639,-90],[-110.09709,-90],[-109.59778,-90],[-109.09847,-90],[-108.59917,-90],[-108.09986,-90],[-107.60055,-90],[-107.10125,-90],[-106.60194,-90],[-106.10263,-90],[-105.60333,-90],[-105.10402,-90],[-104.60472,-90],[-104.10541,-90],[-103.6061,-90],[-103.1068,-90],[-102.60749,-90],[-102.10818,-90],[-101.60888,-90],[-101.10957,-90],[-100.61026,-90],[-100.11096,-90],[-99.61165,-90],[-99.11234,-90],[-98.61304,-90],[-98.11373,-90],[-97.61442,-90],[-97.11512,-90],[-96.61581,-90],[-96.1165,-90],[-95.6172,-90],[-95.11789,-90],[-94.61858,-90],[-94.11928,-90],[-93.61997,-90],[-93.12067,-90],[-92.62136,-90],[-92.12205,-90],[-91.62275,-90],[-91.12344,-90],[-90.62413,-90],[-90.12483,-90],[-89.62552,-90],[-89.12621,-90],[-88.62691,-90],[-88.1276,-90],[-87.62829,-90],[-87.12899,-90],[-86.62968,-90],[-86.13037,-90],[-85.63107,-90],[-85.13176,-90],[-84.63245,-90],[-84.13315,-90],[-83.63384,-90],[-83.13453,-90],[-82.63523,-90],[-82.13592,-90],[-81.63662,-90],[-81.13731,-90],[-80.638,-90],[-80.1387,-90],[-79.63939,-90],[-79.14008,-90],[-78.64078,-90],[-78.14147,-90],[-77.64216,-90],[-77.14286,-90],[-76.64355,-90],[-76.14424,-90],[-75.64494,-90],[-75.14563,-90],[-74.64632,-90],[-74.14702,-90],[-73.64771,-90],[-73.1484,-90],[-72.6491,-90],[-72.14979,-90],[-71.65048,-90],[-71.15118,-90],[-70.65187,-90],[-70.15257,-90],[-69.65326,-90],[-69.15395,-90],[-68.65465,-90],[-68.15534,-90],[-67.65603,-90],[-67.15673,-90],[-66.65742,-90],[-66.15811,-90],[-65.65881,-90],[-65.1595,-90],[-64.66019,-90],[-64.16089,-90],[-63.66158,-90],[-63.16227,-90],[-62.66297,-90],[-62.16366,-90],[-61.66435,-90],[-61.16505,-90],[-60.66574,-90],[-60.16644,-90],[-59.66713,-90],[-59.16782,-90],[-58.66852,-90],[-58.16921,-90],[-57.6699,-90],[-57.1706,-90],[-56.67129,-90],[-56.17198,-90],[-55.67268,-90],[-55.17337,-90],[-54.67406,-90],[-54.17476,-90],[-53.67545,-90],[-53.17614,-90],[-52.67684,-90],[-52.17753,-90],[-51.67822,-90],[-51.17892,-90],[-50.67961,-90],[-50.1803,-90],[-49.681,-90],[-49.18169,-90],[-48.68239,-90],[-48.18308,-90],[-47.68377,-90],[-47.18447,-90],[-46.68516,-90],[-46.18585,-90],[-45.68655,-90],[-45.18724,-90],[-44.68793,-90],[-44.18863,-90],[-43.68932,-90],[-43.19001,-90],[-42.69071,-90],[-42.1914,-90],[-41.69209,-90],[-41.19279,-90],[-40.69348,-90],[-40.19417,-90],[-39.69487,-90],[-39.19556,-90],[-38.69625,-90],[-38.19695,-90],[-37.69764,-90],[-37.19834,-90],[-36.69903,-90],[-36.19972,-90],[-35.70042,-90],[-35.20111,-90],[-34.7018,-90],[-34.2025,-90],[-33.70319,-90],[-33.20388,-90],[-32.70458,-90],[-32.20527,-90],[-31.70596,-90],[-31.20666,-90],[-30.70735,-90],[-30.20804,-90],[-29.70874,-90],[-29.20943,-90],[-28.71012,-90],[-28.21082,-90],[-27.71151,-90],[-27.2122,-90],[-26.7129,-90],[-26.21359,-90],[-25.71429,-90],[-25.21498,-90],[-24.71567,-90],[-24.21637,-90],[-23.71706,-90],[-23.21775,-90],[-22.71845,-90],[-22.21914,-90],[-21.71983,-90],[-21.22053,-90],[-20.72122,-90],[-20.22191,-90],[-19.72261,-90],[-19.2233,-90],[-18.72399,-90],[-18.22469,-90],[-17.72538,-90],[-17.22608,-90],[-16.72677,-90],[-16.22746,-90],[-15.72815,-90],[-15.22885,-90],[-14.72954,-90],[-14.23024,-90],[-13.73093,-90],[-13.23162,-90],[-12.73232,-90],[-12.23301,-90],[-11.7337,-90],[-11.2344,-90],[-10.73509,-90],[-10.23578,-90],[-9.73648,-90],[-9.23717,-90],[-8.73786,-90],[-8.23856,-90],[-7.73925,-90],[-7.23994,-90],[-6.74064,-90],[-6.24133,-90],[-5.74202,-90],[-5.24272,-90],[-4.74341,-90],[-4.2441,-90],[-3.7448,-90],[-3.24549,-90],[-2.74619,-90],[-2.24688,-90],[-1.74757,-90],[-1.24827,-90],[-0.74896,-90],[-0.24965,-90],[0.24965,-90],[0.74896,-90],[1.24827,-90],[1.74757,-90],[2.24688,-90],[2.74619,-90],[3.24549,-90],[3.7448,-90],[4.24411,-90],[4.74341,-90],[5.24272,-90],[5.74203,-90],[6.24133,-90],[6.74064,-90],[7.23995,-90],[7.73925,-90],[8.23856,-90],[8.73786,-90],[9.23717,-90],[9.73648,-90],[10.23578,-90],[10.73509,-90],[11.2344,-90],[11.7337,-90],[12.23301,-90],[12.73232,-90],[13.23162,-90],[13.73093,-90],[14.23024,-90],[14.72954,-90],[15.22885,-90],[15.72816,-90],[16.22746,-90],[16.72677,-90],[17.22608,-90],[17.72538,-90],[18.22469,-90],[18.72399,-90],[19.2233,-90],[19.72261,-90],[20.22191,-90],[20.72122,-90],[21.22053,-90],[21.71983,-90],[22.21914,-90],[22.71845,-90],[23.21775,-90],[23.71706,-90],[24.21637,-90],[24.71567,-90],[25.21498,-90],[25.71429,-90],[26.21359,-90],[26.7129,-90],[27.21221,-90],[27.71151,-90],[28.21082,-90],[28.71013,-90],[29.20943,-90],[29.70874,-90],[30.20804,-90],[30.70735,-90],[31.20666,-90],[31.70596,-90],[32.20527,-90],[32.70458,-90],[33.20388,-90],[33.70319,-90],[34.2025,-90],[34.7018,-90],[35.20111,-90],[35.70042,-90],[36.19972,-90],[36.69903,-90],[37.19834,-90],[37.69764,-90],[38.19695,-90],[38.69626,-90],[39.19556,-90],[39.69487,-90],[40.19418,-90],[40.69348,-90],[41.19279,-90],[41.69209,-90],[42.1914,-90],[42.69071,-90],[43.19001,-90],[43.68932,-90],[44.18863,-90],[44.68793,-90],[45.18724,-90],[45.68655,-90],[46.18585,-90],[46.68516,-90],[47.18447,-90],[47.68377,-90],[48.18308,-90],[48.68239,-90],[49.18169,-90],[49.681,-90],[50.18031,-90],[50.67961,-90],[51.17892,-90],[51.67823,-90],[52.17753,-90],[52.67684,-90],[53.17614,-90],[53.67545,-90],[54.17476,-90],[54.67406,-90],[55.17337,-90],[55.67268,-90],[56.17198,-90],[56.67129,-90],[57.1706,-90],[57.6699,-90],[58.16921,-90],[58.66852,-90],[59.16782,-90],[59.66713,-90],[60.16644,-90],[60.66574,-90],[61.16505,-90],[61.66436,-90],[62.16366,-90],[62.66297,-90],[63.16228,-90],[63.66158,-90],[64.16089,-90],[64.66019,-90],[65.1595,-90],[65.65881,-90],[66.15811,-90],[66.65742,-90],[67.15673,-90],[67.65603,-90],[68.15534,-90],[68.65465,-90],[69.15395,-90],[69.65326,-90],[70.15257,-90],[70.65187,-90],[71.15118,-90],[71.65049,-90],[72.14979,-90],[72.6491,-90],[73.14841,-90],[73.64771,-90],[74.14702,-90],[74.64633,-90],[75.14563,-90],[75.64494,-90],[76.14424,-90],[76.64355,-90],[77.14286,-90],[77.64216,-90],[78.14147,-90],[78.64078,-90],[79.14008,-90],[79.63939,-90],[80.1387,-90],[80.638,-90],[81.13731,-90],[81.63662,-90],[82.13592,-90],[82.63523,-90],[83.13454,-90],[83.63384,-90],[84.13315,-90],[84.63246,-90],[85.13176,-90],[85.63107,-90],[86.13037,-90],[86.62968,-90],[87.12899,-90],[87.62829,-90],[88.1276,-90],[88.62691,-90],[89.12621,-90],[89.62552,-90],[90.12483,-90],[90.62413,-90],[91.12344,-90],[91.62275,-90],[92.12205,-90],[92.62136,-90],[93.12067,-90],[93.61997,-90],[94.11928,-90],[94.61859,-90],[95.11789,-90],[95.6172,-90],[96.11651,-90],[96.61581,-90],[97.11512,-90],[97.61442,-90],[98.11373,-90],[98.61304,-90],[99.11234,-90],[99.61165,-90],[100.11096,-90],[100.61026,-90],[101.10957,-90],[101.60888,-90],[102.10818,-90],[102.60749,-90],[103.1068,-90],[103.6061,-90],[104.10541,-90],[104.60472,-90],[105.10402,-90],[105.60333,-90],[106.10264,-90],[106.60194,-90],[107.10125,-90],[107.60056,-90],[108.09986,-90],[108.59917,-90],[109.09847,-90],[109.59778,-90],[110.09709,-90],[110.59639,-90],[111.0957,-90],[111.59501,-90],[112.09431,-90],[112.59362,-90],[113.09293,-90],[113.59223,-90],[114.09154,-90],[114.59085,-90],[115.09015,-90],[115.58946,-90],[116.08877,-90],[116.58807,-90],[117.08738,-90],[117.58669,-90],[118.08599,-90],[118.5853,-90],[119.08461,-90],[119.58391,-90],[120.08322,-90],[120.58252,-90],[121.08183,-90],[121.58114,-90],[122.08044,-90],[122.57975,-90],[123.07906,-90],[123.57836,-90],[124.07767,-90],[124.57698,-90],[125.07628,-90],[125.57559,-90],[126.0749,-90],[126.5742,-90],[127.07351,-90],[127.57282,-90],[128.07212,-90],[128.57143,-90],[129.07074,-90],[129.57004,-90],[130.06935,-90],[130.56866,-90],[131.06796,-90],[131.56727,-90],[132.06657,-90],[132.56588,-90],[133.06519,-90],[133.56449,-90],[134.0638,-90],[134.56311,-90],[135.06241,-90],[135.56172,-90],[136.06103,-90],[136.56033,-90],[137.05964,-90],[137.55895,-90],[138.05825,-90],[138.55756,-90],[139.05686,-90],[139.55617,-90],[140.05548,-90],[140.55479,-90],[141.05409,-90],[141.5534,-90],[142.05271,-90],[142.55201,-90],[143.05132,-90],[143.55062,-90],[144.04993,-90],[144.54924,-90],[145.04854,-90],[145.54785,-90],[146.04716,-90],[146.54646,-90],[147.04577,-90],[147.54508,-90],[148.04438,-90],[148.54369,-90],[149.043,-90],[149.5423,-90],[150.04161,-90],[150.54092,-90],[151.04022,-90],[151.53953,-90],[152.03884,-90],[152.53814,-90],[153.03745,-90],[153.53676,-90],[154.03606,-90],[154.53537,-90],[155.03467,-90],[155.53398,-90],[156.03329,-90],[156.53259,-90],[157.0319,-90],[157.53121,-90],[158.03051,-90],[158.52982,-90],[159.02913,-90],[159.52843,-90],[160.02774,-90],[160.52705,-90],[161.02635,-90],[161.52566,-90],[162.02497,-90],[162.52427,-90],[163.02358,-90],[163.52289,-90],[164.02219,-90],[164.5215,-90],[165.0208,-90],[165.52011,-90],[166.01942,-90],[166.51872,-90],[167.01803,-90],[167.51734,-90],[168.01664,-90],[168.51595,-90],[169.01526,-90],[169.51456,-90],[170.01387,-90],[170.51318,-90],[171.01248,-90],[171.51179,-90],[172.0111,-90],[172.5104,-90],[173.00971,-90],[173.50902,-90],[174.00832,-90],[174.50763,-90],[175.00694,-90],[175.50624,-90],[176.00555,-90],[176.50485,-90],[177.00416,-90],[177.50347,-90],[178.00277,-90],[178.50208,-90],[179.00139,-90],[179.50069,-90],[180,-90],[180,-89.50138],[180,-89.00277],[180,-88.50415],[180,-88.00554],[180,-87.50692],[180,-87.00831],[180,-86.50969],[180,-86.01108],[180,-85.51246],[180,-85.01385],[180,-84.51523],[180,-84.35338],[180,-84.3528],[179.35499,-84.19736],[178.56739,-84.18377],[177.53517,-84.05787],[175.67775,-83.9616],[174.97389,-83.8305],[173.96217,-83.88177],[173.29127,-83.85638],[173.68035,-83.79119],[172.82065,-83.6679],[171.91489,-83.68776],[171.95973,-83.62021],[171.33123,-83.55543],[171.57692,-83.50026],[171.19313,-83.44557],[170.22348,-83.48398],[170.10255,-83.40472],[169.38347,-83.33685],[168.6609,-83.39715],[167.74879,-83.25514],[168.76393,-83.19134],[168.86883,-83.14593],[168.59278,-82.99896],[168.11899,-82.96111],[167.73862,-83.0556],[167.42416,-83.02606],[167.40846,-82.92498],[167.19923,-82.89756],[167.30649,-82.81707],[166.1089,-82.65293],[165.3733,-82.60613],[165.55926,-82.49342],[165.23015,-82.39284],[164.67319,-82.3388],[163.28004,-82.42636],[163.31886,-82.48301],[160.85768,-82.50091],[160.63966,-82.42295],[163.83872,-82.23105],[163.59734,-82.09043],[163.20729,-82.03851],[162.84474,-81.91481],[163.10222,-81.87371],[162.39015,-81.79803],[162.62037,-81.75433],[162.47934,-81.68914],[161.56398,-81.60467],[161.59254,-81.57147],[161.01149,-81.54876],[161.47145,-81.48968],[161.45411,-81.42352],[160.88689,-81.35703],[160.40252,-81.32562],[160.13201,-81.20371],[160.91944,-81.2702],[160.75904,-81.15781],[160.82447,-81.09824],[160.54737,-81.00677],[160.90748,-80.99285],[160.87615,-80.91465],[160.60157,-80.86907],[159.74985,-80.8292],[160.15992,-80.78151],[161.24098,-80.80299],[161.00929,-80.75856],[161.20094,-80.64821],[160.85743,-80.61045],[160.2601,-80.67881],[159.87762,-80.65016],[160.10027,-80.59092],[160.61207,-80.54681],[160.62403,-80.47047],[161.04005,-80.49798],[160.75172,-80.38006],[158.5879,-80.47698],[158.19125,-80.44443],[158.20729,-80.40594],[158.73308,-80.32464],[158.7824,-80.25897],[160.51634,-80.05101],[161.38331,-79.94703],[161.32016,-79.87754],[160.85092,-79.95745],[160.32887,-79.86126],[159.97429,-79.92213],[159.52369,-79.87493],[159.78859,-79.77988],[160.08619,-79.77207],[160.76149,-79.65081],[159.8755,-79.66204],[159.71827,-79.56178],[160.07765,-79.57968],[160.41725,-79.52321],[160.7107,-79.4192],[160.72877,-79.34059],[160.46013,-79.30299],[160.49513,-79.19948],[160.38697,-79.16814],[160.71013,-79.09726],[160.69508,-79.03753],[161.13038,-79.04941],[161.2068,-78.94297],[161.7776,-79.06951],[162.06544,-79.06862],[161.79176,-78.90993],[161.75538,-78.83945],[161.52076,-78.79534],[161.36158,-78.57838],[161.50734,-78.51572],[161.87501,-78.52288],[161.76051,-78.61045],[162.12574,-78.75986],[162.45851,-78.82985],[162.47975,-78.89251],[162.74928,-78.94061],[162.91131,-78.88177],[163.04461,-78.74383],[163.85174,-78.73707],[164.40968,-78.60394],[165.30974,-78.60524],[165.44361,-78.56365],[166.08961,-78.56683],[166.54672,-78.71201],[167.06821,-78.70672],[167.22779,-78.6692],[167.21567,-78.60068],[167.00148,-78.50107],[166.5652,-78.50709],[165.78688,-78.42067],[165.68523,-78.26084],[165.33709,-78.19891],[165.58082,-78.13633],[165.58522,-78.04485],[165.41619,-78.02532],[165.15561,-78.16562],[165.09718,-78.254],[164.53175,-78.31715],[164.20786,-78.22576],[163.88266,-78.22096],[164.40113,-78.08603],[164.33953,-78.02996],[164.5337,-77.98707],[164.50074,-77.85394],[163.87908,-77.85947],[163.97535,-77.8025],[164.24334,-77.78191],[163.90651,-77.69638],[163.55714,-77.71998],[163.71876,-77.61492],[163.50514,-77.56943],[163.80055,-77.52801],[163.71583,-77.39658],[163.54298,-77.31316],[163.37729,-77.17669],[163.2671,-77.15911],[163.06951,-77.01873],[162.61744,-77.0014],[162.46901,-77.01531],[162.62615,-76.82488],[162.89959,-76.84108],[162.93141,-76.70745],[162.7562,-76.64935],[162.42319,-76.63926],[162.48455,-76.57244],[162.68621,-76.55006],[162.88429,-76.43906],[162.73878,-76.35857],[162.7728,-76.24375],[162.48227,-76.22064],[162.34588,-76.27565],[162.16627,-76.25026],[162.11557,-76.17018],[162.33351,-76.11395],[162.7361,-76.07391],[162.70688,-75.98105],[162.90008,-75.82293],[162.5031,-75.74489],[162.20053,-75.63787],[162.30665,-75.52939],[162.19109,-75.38779],[161.08709,-75.38437],[160.9253,-75.42799],[160.63868,-75.39764],[160.97592,-75.2872],[161.47486,-75.28558],[161.61427,-75.21429],[161.77638,-75.1889],[162.02955,-75.25986],[162.26254,-75.27117],[162.54347,-75.24017],[162.65561,-75.16741],[162.65805,-75.08099],[162.78614,-74.99],[162.54314,-74.95371],[162.45509,-74.88242],[162.58334,-74.85019],[162.59148,-74.75018],[162.73081,-74.73138],[162.83872,-74.65106],[163.01189,-74.70143],[163.27076,-74.54176],[163.18198,-74.44703],[163.4699,-74.34197],[163.53273,-74.43206],[163.67189,-74.47438],[163.66847,-74.60703],[163.78728,-74.62444],[164.31837,-74.50262],[164.58741,-74.57488],[165.23854,-74.54664],[165.43474,-74.629],[165.45777,-74.4944],[165.2881,-74.46526],[165.15382,-74.38982],[165.04469,-74.24879],[164.85987,-74.20916],[164.89381,-74.12037],[164.78793,-74.02174],[164.59327,-74.01946],[164.59148,-73.92669],[164.87086,-73.93157],[164.95249,-73.89088],[164.71461,-73.78167],[164.90594,-73.65716],[164.89381,-73.48349],[164.82911,-73.43776],[164.53875,-73.41717],[164.44321,-73.36875],[164.55885,-73.32439],[165.03199,-73.4109],[165.12501,-73.46217],[165.23121,-73.59303],[165.26059,-73.89332],[165.65187,-73.91367],[165.67026,-73.79697],[165.93776,-73.83343],[166.14438,-73.81341],[166.2942,-73.72576],[166.20086,-73.67181],[165.84474,-73.60719],[165.87371,-73.56585],[166.39137,-73.56536],[166.61427,-73.58082],[167.03297,-73.56609],[167.07692,-73.51263],[167.30535,-73.47682],[167.22193,-73.41814],[167.36313,-73.3943],[167.92937,-73.35866],[167.09523,-73.25213],[166.73951,-73.3292],[166.87208,-73.22137],[166.70558,-73.12086],[166.76678,-73.06487],[166.54916,-73.0285],[166.61647,-72.97291],[166.9463,-73.02386],[167.05844,-73.12908],[167.1714,-73.15301],[167.78077,-73.15293],[168.04152,-73.11745],[168.33416,-73.16546],[168.40252,-73.10296],[168.29762,-72.99033],[168.39405,-72.97194],[168.61427,-73.05592],[168.75262,-73.07692],[168.97975,-73.26393],[169.25115,-73.24847],[169.2199,-73.1325],[169.55502,-73.09124],[169.6312,-73.04372],[169.58448,-72.96217],[169.93247,-72.73593],[169.67888,-72.66562],[169.40211,-72.65488],[169.30177,-72.57732],[168.86736,-72.57594],[168.31617,-72.37363],[168.59425,-72.38681],[168.70672,-72.35906],[169.12648,-72.48504],[169.3921,-72.46689],[169.72731,-72.55202],[169.85743,-72.55088],[170.1517,-72.61777],[170.25538,-72.60296],[170.33961,-72.4389],[170.2824,-72.32635],[170.0464,-72.40195],[169.86671,-72.39707],[169.99155,-72.29119],[169.78273,-72.24334],[170.01637,-72.17083],[170.25636,-71.95078],[170.13844,-71.9319],[170.334,-71.80088],[170.57911,-71.93808],[170.77361,-71.95086],[170.94581,-71.86077],[170.81373,-71.6998],[170.69117,-71.657],[170.2824,-71.29876],[170.22153,-71.35166],[170.36183,-71.54404],[170.22877,-71.66888],[170.07586,-71.65602],[169.79152,-71.51946],[169.46461,-71.49114],[169.26922,-71.37998],[168.76149,-71.27557],[168.69215,-71.19052],[168.50026,-71.16106],[167.75994,-71.22796],[167.76002,-71.18377],[168.10133,-71.10849],[167.87794,-71.01434],[167.51303,-71.00416],[167.25554,-71.03834],[167.13999,-70.99635],[167.47771,-70.94939],[167.82879,-70.94264],[167.83302,-70.86142],[167.70086,-70.79127],[167.41619,-70.75905],[166.79868,-70.76653],[166.62762,-70.78533],[166.47071,-70.76629],[166.45753,-70.70916],[166.83741,-70.67669],[166.72446,-70.61826],[166.44142,-70.61126],[166.36948,-70.58392],[166.09693,-70.61728],[165.92579,-70.68426],[165.45997,-70.60174],[165.31227,-70.56032],[164.87648,-70.57383],[164.75766,-70.53786],[164.5962,-70.54607],[164.24041,-70.49114],[164.04314,-70.55185],[164.19988,-70.63934],[164.12631,-70.66155],[164.01922,-70.78655],[163.87062,-70.76946],[163.87371,-70.64178],[163.63331,-70.66513],[163.42213,-70.65358],[163.17026,-70.58758],[163.10027,-70.53297],[162.92018,-70.50254],[162.70753,-70.29974],[162.59523,-70.26914],[162.37281,-70.27581],[162.2046,-70.32806],[162.09441,-70.31414],[161.9961,-70.46429],[162.03533,-70.63836],[162.08302,-70.67693],[162.0381,-70.82952],[162.2186,-70.85467],[162.42848,-71.03167],[162.34083,-71.10947],[162.09107,-71.04078],[162.09409,-70.97682],[161.99008,-70.92254],[161.77719,-70.92588],[161.65553,-70.87078],[161.41627,-70.90447],[161.30681,-70.86045],[161.32228,-70.78525],[161.45167,-70.68597],[161.31422,-70.65008],[161.18678,-70.41204],[160.98585,-70.24131],[160.79363,-70.11826],[160.63649,-70.04876],[160.1172,-69.96917],[159.87827,-69.99041],[159.76124,-69.88519],[160.09303,-69.88763],[160.30307,-69.86159],[160.33448,-69.79607],[160.05877,-69.64365],[159.75359,-69.50189],[159.51222,-69.49912],[159.28468,-69.43304],[159.0407,-69.49065],[158.94117,-69.38177],[158.79444,-69.31487],[158.44654,-69.32676],[158.26832,-69.22503],[158.08082,-69.20989],[157.9922,-69.17213],[157.83058,-69.21404],[157.6255,-69.19541],[157.51442,-69.24472],[157.51905,-69.36248],[157.37355,-69.35467],[157.13982,-69.16131],[157.0232,-69.14479],[156.89283,-69.19052],[156.65455,-69.17067],[156.35011,-69.20192],[156.10206,-69.09881],[155.98463,-69.10076],[155.88803,-68.9826],[155.73959,-68.94394],[155.59344,-68.94695],[155.54152,-69.01344],[155.75709,-69.10117],[155.63754,-69.13421],[155.41082,-69.04363],[155.3086,-68.89332],[155.13282,-68.87021],[155.01108,-68.89886],[154.95118,-68.80291],[154.84474,-68.72772],[154.58758,-68.72633],[154.45037,-68.62575],[154.76922,-68.62184],[154.71852,-68.52825],[154.18312,-68.37656],[154.0586,-68.32203],[153.83595,-68.27361],[153.70826,-68.30006],[153.68198,-68.37607],[153.72926,-68.44866],[153.86524,-68.49375],[153.70045,-68.54567],[153.79558,-68.6408],[153.84498,-68.76043],[153.59645,-68.79363],[153.40675,-68.76914],[153.25066,-68.87819],[153.03728,-68.87591],[152.86354,-68.78997],[152.40309,-68.69866],[152.15651,-68.73642],[151.92384,-68.66676],[151.61451,-68.69842],[151.56691,-68.91676],[151.23976,-68.83164],[151.17205,-68.87005],[150.97071,-68.71722],[151.08009,-68.57399],[151.09425,-68.407],[151.01287,-68.35068],[150.85288,-68.35076],[150.65138,-68.41082],[150.37794,-68.43987],[149.91334,-68.42343],[149.78492,-68.48691],[149.39031,-68.38437],[149.25538,-68.45078],[149.09376,-68.40496],[148.83041,-68.45289],[148.69191,-68.40301],[148.4354,-68.47332],[148.28826,-68.46649],[147.88575,-68.40643],[147.84938,-68.37037],[147.62867,-68.35605],[147.26246,-68.40895],[147.03842,-68.39275],[146.96241,-68.31658],[146.71803,-68.3034],[146.85955,-68.20916],[147.0713,-68.11745],[146.97137,-68.05218],[146.79518,-68.13909],[146.6194,-68.1832],[146.55828,-68.14324],[146.80445,-68.00066],[146.71111,-67.95973],[146.38543,-67.91522],[146.53793,-67.80242],[146.4087,-67.75351],[146.26344,-67.83506],[146.10971,-67.74961],[146.22885,-67.68711],[146.19068,-67.62282],[146.04811,-67.5866],[145.79705,-67.57399],[145.73341,-67.59295],[145.68832,-67.70094],[145.57944,-67.7282],[145.48146,-67.62347],[145.44435,-67.51482],[145.23813,-67.52825],[144.94207,-67.71893],[144.80942,-67.75498],[144.64731,-67.74765],[144.46909,-67.79437],[144.24871,-67.95436],[144.15594,-67.88551],[144.02027,-67.93572],[143.88071,-67.93385],[143.84059,-67.84726],[143.90919,-67.75612],[144.09278,-67.67962],[144.19191,-67.58123],[144.16456,-67.47845],[144.09156,-67.45078],[144.20183,-67.36386],[144.32521,-67.40553],[144.43238,-67.34344],[144.51417,-67.23455],[144.66236,-67.11663],[144.51246,-67.01572],[144.3156,-67.0027],[144.15463,-67.07334],[143.85532,-67.09417],[143.87615,-66.94036],[143.75082,-66.8803],[143.47071,-66.84564],[142.99879,-66.96209],[142.82203,-67.01971],[142.47706,-67.02597],[142.26775,-66.94842],[142.19874,-66.87591],[141.9817,-66.79998],[141.57814,-66.77996],[141.26027,-66.85703],[141.00367,-66.76735],[140.51743,-66.72503],[140.08155,-66.73317],[140.02174,-66.77451],[139.86703,-66.69183],[139.67758,-66.63047],[139.45249,-66.64186],[139.45493,-66.59401],[139.25172,-66.56715],[139.02955,-66.57586],[138.92644,-66.55625],[138.73211,-66.56959],[138.60711,-66.54168],[138.3781,-66.53346],[138.22104,-66.60076],[138.14161,-66.49871],[138.01873,-66.48854],[137.73194,-66.3742],[137.41489,-66.35027],[136.94459,-66.32822],[136.73601,-66.34873],[136.63649,-66.45648],[136.73194,-66.47723],[136.67164,-66.54062],[136.51124,-66.39544],[136.35206,-66.3681],[136.15952,-66.24537],[136.08375,-66.23756],[135.84099,-66.27907],[135.64731,-66.27809],[135.48845,-66.11102],[135.34303,-66.10068],[135.29762,-66.21575],[135.17848,-66.27467],[135.17848,-66.33148],[135.03549,-66.36468],[134.9358,-66.34173],[134.73927,-66.36728],[134.42067,-66.49651],[134.10939,-66.50457],[134.3462,-66.36696],[134.25945,-66.27955],[134.01515,-66.19549],[133.91049,-66.18401],[133.79233,-66.1054],[133.60711,-66.10817],[133.50074,-66.08327],[133.12037,-66.09677],[132.82692,-66.19036],[132.6067,-66.18646],[132.47828,-66.15065],[132.1478,-66.17815],[132.0503,-66.21705],[131.75782,-66.24334],[131.39454,-66.21168],[130.87159,-66.18328],[130.72999,-66.14715],[130.52996,-66.24163],[130.34246,-66.29518],[130.2361,-66.26068],[130.10271,-66.27679],[130.00896,-66.34612],[129.87672,-66.3624],[129.72169,-66.43825],[129.71046,-66.51523],[129.53256,-66.61443],[129.46901,-66.71746],[129.57586,-66.75018],[129.38461,-66.87786],[129.43409,-66.96722],[129.2728,-67.00742],[129.20265,-67.10036],[129.01287,-67.11175],[128.76352,-67.02581],[128.68295,-67.11875],[128.52052,-67.14577],[128.10939,-67.08318],[128.07456,-67.02239],[127.83644,-67.02117],[127.69451,-67.05674],[127.43238,-67.07041],[127.33424,-66.98162],[127.19874,-66.97975],[126.99871,-66.93279],[127.06276,-66.84873],[126.96827,-66.80787],[126.70387,-66.84596],[126.68051,-66.75693],[126.81918,-66.69134],[126.71892,-66.59287],[126.76661,-66.5027],[126.85426,-66.44931],[126.55307,-66.44305],[126.39991,-66.38893],[126.29721,-66.45355],[126.11638,-66.43906],[126.09376,-66.36102],[125.8978,-66.30625],[125.70485,-66.39137],[125.41041,-66.41766],[125.14812,-66.6596],[124.62281,-66.75644],[124.41359,-66.71233],[124.26051,-66.59498],[124.01515,-66.5888],[123.73032,-66.65032],[123.51612,-66.75408],[123.14991,-66.73317],[122.43653,-66.83213],[122.2444,-66.84498],[121.93776,-66.91758],[121.82985,-66.96754],[121.85084,-67.01588],[121.51531,-67.09295],[121.40463,-67.08831],[121.03777,-67.14202],[120.92067,-67.13152],[120.49928,-67.23309],[119.9319,-67.29144],[119.44353,-67.36443],[119.29615,-67.35996],[119.02223,-67.4118],[118.81373,-67.35182],[118.73219,-67.2789],[119.53675,-67.14564],[120.34132,-67.01238],[120.35174,-66.93483],[119.9616,-67.01328],[119.67205,-67.04705],[119.32838,-67.12762],[119.14975,-67.11639],[118.92018,-67.15976],[118.66554,-67.17897],[118.25318,-67.14772],[118.36793,-67.04648],[117.91432,-67.0831],[117.73048,-67.16823],[117.58725,-67.11484],[117.29526,-67.10687],[116.99342,-67.1456],[116.85377,-67.12274],[116.94288,-66.94818],[116.79689,-66.98846],[116.50001,-67.12428],[116.3589,-67.14967],[116.2531,-67.10052],[116.12941,-67.16961],[115.96551,-67.19931],[115.79965,-67.18125],[115.52849,-67.22381],[115.3379,-67.2195],[115.24098,-67.25823],[115.21217,-67.32586],[115.06398,-67.3283],[114.81202,-67.36696],[114.6701,-67.34344],[114.03151,-67.47845],[113.70436,-67.50018],[113.64674,-67.46429],[113.86842,-67.36224],[113.90528,-67.28338],[114.03012,-67.19069],[114.39796,-67.12249],[114.59816,-67.11736],[114.76539,-67.07171],[115.16017,-67.05397],[115.38738,-67.00384],[115.59742,-66.91953],[115.78077,-66.78826],[115.59897,-66.59287],[115.17164,-66.51873],[115.11346,-66.47812],[114.67465,-66.47877],[114.32244,-66.50905],[114.48341,-66.41522],[114.32057,-66.33115],[114.40675,-66.23593],[114.16139,-66.12835],[114.08774,-66.07578],[113.89479,-66.02166],[113.77556,-65.9485],[113.30616,-65.84238],[113.20362,-65.76539],[112.87867,-65.79843],[112.76539,-65.82594],[111.84742,-65.93475],[111.61557,-65.93287],[110.92709,-66.05462],[110.71193,-66.15781],[110.48902,-66.30877],[110.52638,-66.34726],[110.72495,-66.40545],[110.65073,-66.53191],[110.70541,-66.62461],[110.6574,-66.72796],[110.44516,-66.6583],[110.25392,-66.69695],[110.09978,-66.76605],[109.88217,-66.79925],[109.84783,-66.85443],[109.61915,-66.87705],[109.60987,-66.91969],[109.38575,-66.93271],[109.14959,-66.88535],[108.83277,-66.96803],[108.72316,-66.93255],[108.66188,-66.84222],[108.57643,-66.80584],[108.29819,-66.75644],[108.13575,-66.62477],[107.88559,-66.72772],[107.86704,-66.65276],[107.77915,-66.55169],[107.43426,-66.5285],[107.11695,-66.46258],[106.76783,-66.45574],[106.59864,-66.41416],[106.30258,-66.37998],[105.49855,-66.25994],[104.86305,-66.143],[104.57325,-66.13104],[104.41603,-66.06072],[103.90821,-65.97877],[103.55991,-66.00221],[103.306,-65.92815],[103.09669,-65.92571],[103.06577,-65.893],[102.71372,-65.86126],[102.51108,-65.89121],[102.3379,-65.95127],[101.68312,-65.96722],[101.33644,-65.94402],[101.16871,-66.02947],[101.33107,-66.08392],[101.2658,-66.1469],[101.14259,-66.17693],[101.07146,-66.26702],[100.82154,-66.38453],[100.47055,-66.39739],[100.61891,-66.44818],[100.50001,-66.51873],[100.4214,-66.45306],[100.27963,-66.43108],[100.10133,-66.49131],[99.92319,-66.49969],[99.6784,-66.59222],[99.46852,-66.58229],[99.42254,-66.6622],[98.90504,-66.7833],[98.88453,-66.88274],[98.78639,-66.87851],[98.81764,-66.72828],[98.71648,-66.64275],[99.00734,-66.55291],[98.91375,-66.50457],[98.6233,-66.60931],[98.49073,-66.60377],[98.57537,-66.48602],[98.5276,-66.44899],[98.24781,-66.44793],[97.97739,-66.54713],[97.8401,-66.56609],[97.74057,-66.6583],[97.47169,-66.63128],[97.2352,-66.50799],[96.97413,-66.5084],[96.61036,-66.61484],[96.4074,-66.58375],[96.20721,-66.61354],[96.13461,-66.57334],[95.95021,-66.65748],[95.82594,-66.65],[95.63697,-66.67913],[95.35914,-66.64235],[95.32106,-66.55674],[95.17465,-66.50726],[94.91717,-66.47536],[94.5451,-66.54314],[94.42604,-66.62168],[94.13103,-66.67343],[93.99708,-66.73138],[93.88787,-66.6867],[93.75375,-66.74432],[93.62355,-66.58261],[93.18572,-66.58953],[92.97218,-66.57415],[92.76027,-66.63388],[92.3698,-66.59498],[92.21697,-66.52028],[91.96013,-66.49822],[91.37941,-66.60027],[91.14519,-66.57383],[90.54444,-66.74407],[90.37233,-66.82073],[90.08758,-66.7702],[89.81072,-66.78875],[89.65431,-66.84043],[89.47576,-66.84157],[89.30535,-66.80584],[89.00343,-66.78826],[88.89308,-66.8095],[88.7448,-66.78493],[88.44117,-66.84124],[88.23015,-66.85394],[88.1351,-66.77264],[87.96567,-66.77028],[87.84474,-66.81902],[87.72902,-66.82049],[87.10865,-66.93328],[86.91627,-67.01181],[86.69679,-67.0639],[86.55828,-67.02809],[86.23512,-67.04827],[86.06715,-67.04095],[85.88006,-67.13779],[85.61647,-67.18816],[85.44288,-67.18939],[85.167,-67.15911],[85.07032,-67.08856],[84.96217,-67.0761],[84.41407,-67.12379],[84.24969,-67.22405],[84.10157,-67.26189],[83.72413,-67.31365],[83.58473,-67.39886],[83.41684,-67.42815],[83.43092,-67.54559],[83.65642,-67.59352],[83.47267,-67.65781],[83.21534,-67.57903],[82.87729,-67.63568],[82.78151,-67.59856],[82.58619,-67.60345],[82.36199,-67.7042],[82.05942,-67.67181],[81.87672,-67.70013],[80.87623,-67.89235],[80.73707,-67.8847],[79.86704,-68.03191],[79.75709,-68.03818],[79.13136,-68.14772],[78.74659,-68.26247],[78.55991,-68.36468],[78.46437,-68.50164],[78.53159,-68.61484],[78.66993,-68.6985],[78.4441,-68.71917],[78.35084,-68.75205],[78.14291,-68.75897],[77.98561,-68.82008],[77.93621,-68.91969],[77.9485,-69.00123],[77.83131,-69.08318],[77.84165,-69.13006],[77.53321,-69.17986],[77.0005,-69.21168],[76.82814,-69.35198],[76.60515,-69.36517],[76.21567,-69.42067],[75.82049,-69.52508],[75.75392,-69.62176],[75.88331,-69.7789],[75.43824,-69.93743],[75.2173,-69.86785],[75.06072,-69.93011],[74.97202,-69.86834],[74.80006,-69.90252],[74.67018,-69.8484],[74.46705,-69.92523],[74.27459,-69.9074],[74.31691,-69.80682],[74.22137,-69.73357],[74.07488,-69.71266],[73.88404,-69.74586],[73.70485,-69.86248],[73.47299,-69.78094],[73.24887,-69.85857],[73.23072,-69.97894],[72.76629,-70.06902],[72.62745,-70.19459],[72.78004,-70.31129],[72.86964,-70.43336],[72.47739,-70.54632],[72.34596,-70.67547],[72.19223,-70.65293],[71.79624,-70.7164],[71.72682,-70.77402],[71.84816,-70.84466],[71.54176,-70.96014],[71.34156,-71.18206],[71.55584,-71.21592],[71.43556,-71.27695],[71.20249,-71.33506],[71.25343,-71.38795],[71.18043,-71.49228],[71.53981,-71.61028],[71.41049,-71.63934],[71.21901,-71.60752],[71.07789,-71.62721],[71.1211,-71.73056],[70.9712,-71.7514],[70.68727,-71.83164],[70.44239,-71.86224],[70.71111,-71.90618],[70.7295,-71.94606],[70.53004,-72.04795],[69.94646,-72.08074],[69.80494,-72.18768],[69.86248,-72.25221],[69.66879,-72.30315],[69.51515,-72.4319],[69.04217,-72.42034],[68.75229,-72.49358],[68.49431,-72.47487],[68.33277,-72.5075],[68.04119,-72.62444],[67.91863,-72.7112],[67.95973,-72.82732],[68.07488,-72.87623],[68.11736,-72.95273],[68.02231,-73.14674],[67.95916,-73.14658],[67.34197,-73.30234],[67.01645,-73.27093],[66.91814,-73.19769],[66.7339,-73.24472],[66.38543,-73.20184],[66.34604,-73.129],[66.5573,-73.03655],[66.8611,-72.97576],[66.99977,-72.9035],[67.09034,-72.68027],[67.21323,-72.43939],[67.3104,-72.34173],[67.3318,-72.12908],[67.50701,-71.99334],[67.44907,-71.89593],[67.88234,-71.6653],[67.83253,-71.53851],[68.08326,-71.36541],[68.32309,-71.30918],[68.33912,-71.2575],[68.52231,-71.24774],[68.66969,-71.20371],[68.58741,-71.14951],[68.80991,-71.07968],[69.00766,-70.94207],[69.02906,-70.85573],[69.2129,-70.67181],[69.24838,-70.40691],[69.14633,-70.30885],[68.92351,-70.30462],[68.74838,-70.3344],[68.58839,-70.46697],[68.38689,-70.40154],[68.07667,-70.45355],[67.65789,-70.32334],[67.68067,-70.27313],[67.22918,-70.30446],[67.22462,-70.25262],[67.46746,-70.20827],[67.48194,-70.13641],[67.60548,-70.01482],[67.86541,-70.00205],[67.91049,-69.92392],[68.12338,-69.84856],[68.27084,-69.83473],[68.60629,-70.02695],[68.89259,-69.99383],[69.15528,-69.87566],[69.174,-69.78623],[68.88266,-69.7409],[69.00066,-69.70428],[69.25652,-69.68816],[69.35523,-69.61712],[69.04615,-69.55731],[68.73341,-69.55088],[68.74708,-69.49245],[68.89772,-69.45468],[68.74204,-69.38926],[68.97055,-69.30926],[69.21388,-69.36736],[69.34376,-69.32187],[69.55152,-69.35312],[69.70558,-69.32732],[69.76157,-69.24635],[69.72641,-69.16969],[69.38657,-69.10198],[69.30388,-69.0473],[69.66098,-68.98431],[69.8576,-68.87249],[69.71803,-68.8624],[69.38592,-68.88494],[69.28126,-68.83131],[69.6211,-68.73553],[69.66326,-68.57887],[69.89422,-68.58066],[70.11541,-68.49358],[69.98748,-68.37168],[69.81365,-68.28525],[69.63478,-68.12217],[69.60109,-68.01873],[69.68295,-67.86443],[69.64861,-67.77996],[69.55519,-67.73846],[69.35239,-67.73008],[69.22902,-67.75856],[69.10678,-67.84629],[68.77711,-67.886],[68.71062,-67.87347],[68.37672,-67.8952],[68.07081,-67.84791],[67.33961,-67.8108],[67.12892,-67.75905],[66.72495,-67.79193],[65.92335,-67.73639],[64.72096,-67.65309],[64.42547,-67.59051],[63.96062,-67.52703],[63.65089,-67.50335],[63.11264,-67.53379],[62.77084,-67.643],[62.61736,-67.66009],[62.32944,-67.58929],[62.11744,-67.56227],[61.60808,-67.53965],[61.2732,-67.59319],[61.167,-67.5053],[60.85336,-67.46966],[60.61891,-67.40057],[60.23439,-67.38177],[60.09498,-67.40537],[59.67856,-67.39414],[59.65504,-67.51084],[59.50913,-67.52435],[59.51295,-67.60638],[59.2649,-67.48431],[59.0617,-67.50848],[59.05152,-67.42864],[58.79331,-67.34124],[58.98862,-67.31015],[59.04412,-67.23691],[58.87062,-67.16513],[58.68873,-67.157],[58.45533,-67.19492],[58.42628,-67.14861],[58.13885,-67.15203],[57.82781,-67.03338],[57.56276,-66.99424],[57.49318,-67.03444],[57.30893,-67.04258],[57.27752,-67.08489],[56.96795,-67.04616],[56.68141,-67.07415],[56.55844,-67.1098],[56.33961,-67.23203],[56.20997,-67.33668],[56.08839,-67.3484],[56.15349,-67.19606],[55.73219,-67.2636],[55.85548,-67.17034],[56.20875,-67.08294],[56.3672,-67.01019],[56.19435,-66.93385],[56.60125,-66.94345],[56.7068,-66.89967],[56.61997,-66.84824],[56.3921,-66.83229],[56.35865,-66.72324],[56.01254,-66.6609],[56.20826,-66.5875],[56.49659,-66.68572],[56.62224,-66.68133],[57.01466,-66.72926],[57.24244,-66.71893],[57.27605,-66.58123],[57.20769,-66.53118],[56.80779,-66.40545],[56.51678,-66.38795],[56.37721,-66.45281],[56.24195,-66.3681],[55.94728,-66.22479],[55.84474,-66.1491],[55.61158,-66.02793],[55.18344,-65.93092],[54.24106,-65.8764],[54.01336,-65.88974],[53.73455,-65.84588],[53.40024,-65.90195],[53.27801,-65.9],[52.84767,-65.96209],[52.22169,-65.97291],[51.77215,-66.0372],[51.47828,-66.12054],[51.35231,-66.22177],[51.20875,-66.21356],[51.05258,-66.25595],[50.53736,-66.30389],[50.32203,-66.39381],[50.24098,-66.47536],[50.19142,-66.58652],[50.23951,-66.7431],[50.28614,-66.76898],[50.61378,-66.76198],[50.82985,-66.77467],[50.76173,-66.82106],[50.5796,-66.85052],[50.42775,-66.96258],[50.47983,-67.04941],[50.65528,-67.06463],[50.92693,-67.12029],[50.89617,-67.16131],[50.58595,-67.2164],[50.30209,-67.16188],[50.20167,-67.1207],[49.99586,-67.16546],[49.93458,-67.22536],[49.78289,-67.21844],[49.89308,-67.10662],[49.79331,-67.02809],[49.48911,-67.02288],[49.31153,-67.04616],[49.21144,-66.99928],[49.3475,-66.95468],[49.32797,-66.88348],[49.21648,-66.81894],[49.05934,-66.88486],[48.58806,-66.93727],[48.3611,-67.01637],[48.35467,-67.12151],[48.44874,-67.18174],[48.73162,-67.2208],[49.04469,-67.15203],[49.34962,-67.18239],[49.32846,-67.28883],[49.17465,-67.37705],[48.62941,-67.45192],[48.56658,-67.49529],[48.59978,-67.60149],[48.71827,-67.6819],[48.70883,-67.75115],[48.61402,-67.87933],[48.38266,-68.02337],[48.23015,-68.00506],[48.17115,-67.88885],[48.39145,-67.75872],[48.16822,-67.65814],[47.87517,-67.65521],[47.48268,-67.79355],[47.3069,-67.74342],[47.57,-67.71022],[47.63445,-67.66033],[47.2649,-67.65065],[47.32716,-67.5665],[46.98129,-67.53867],[46.91961,-67.50652],[47.44109,-67.40944],[47.30568,-67.36981],[47.02426,-67.35272],[46.89243,-67.26458],[46.68776,-67.28916],[46.47999,-67.27532],[46.28077,-67.33424],[46.23455,-67.44866],[46.306,-67.55926],[46.42563,-67.615],[46.37078,-67.74342],[46.21697,-67.65301],[45.84864,-67.65748],[45.5853,-67.74489],[45.39039,-67.69598],[45.1316,-67.74717],[44.97316,-67.73113],[44.71713,-67.78362],[44.61801,-67.86045],[44.82862,-67.96592],[44.60076,-68.00335],[44.49643,-67.9594],[44.15504,-67.97845],[44.00221,-67.96852],[43.77605,-68.04648],[43.50766,-68.05934],[43.40553,-68.0346],[42.85939,-68.10377],[42.65943,-68.16578],[42.54705,-68.24578],[42.53614,-68.37957],[42.28924,-68.3777],[41.98072,-68.40634],[41.54396,-68.4721],[41.01482,-68.59645],[41.03826,-68.63421],[40.88885,-68.7094],[40.47055,-68.72617],[40.26287,-68.80218],[39.85792,-68.82952],[39.7378,-68.97625],[39.70737,-69.06797],[39.81129,-69.18092],[39.81479,-69.27996],[39.71559,-69.31552],[39.8449,-69.39324],[39.71306,-69.58685],[39.58872,-69.59881],[39.49513,-69.68629],[39.20883,-69.70664],[39.13689,-69.76377],[39.19264,-69.89251],[39.0796,-69.90586],[38.80356,-69.98773],[38.8152,-70.05535],[39.07643,-70.17262],[38.94028,-70.20468],[38.71404,-70.18873],[38.13933,-69.88144],[38.02019,-69.84938],[38.24464,-69.79567],[38.21811,-69.75612],[38.03842,-69.71746],[37.84156,-69.75905],[37.78631,-69.6819],[37.54005,-69.68475],[37.49147,-69.75457],[37.28102,-69.72845],[37.19256,-69.782],[37.24049,-69.8318],[37.00636,-69.88055],[36.97381,-69.79062],[36.78387,-69.7042],[36.75099,-69.63747],[36.33253,-69.61924],[36.37062,-69.65797],[36.14568,-69.70078],[36.10157,-69.64495],[35.70834,-69.66611],[35.24399,-69.73561],[35.07936,-69.67059],[35.20411,-69.57977],[35.10475,-69.45965],[35.19988,-69.29412],[34.83888,-69.14227],[34.66554,-69.11492],[34.58725,-69.06683],[34.3615,-69.13291],[33.92164,-69.12225],[33.77125,-69.05348],[33.97486,-68.94744],[34.09116,-68.85247],[34.37127,-68.80633],[34.36305,-68.72552],[34.2142,-68.67791],[33.21599,-68.66961],[32.83806,-68.75213],[32.56227,-68.85638],[32.49887,-68.93092],[32.53248,-69.11883],[32.70135,-69.24358],[32.92791,-69.34368],[33.0018,-69.51922],[32.97576,-69.67213],[32.83758,-69.78476],[32.85108,-69.94549],[32.74529,-70.01344],[32.56886,-70.05153],[32.3659,-70.05332],[32.26637,-70.08652],[31.84441,-70.1469],[31.60906,-70.20013],[31.28045,-70.23707],[30.93531,-70.21461],[30.7378,-70.27353],[30.4393,-70.26678],[29.84116,-70.31129],[29.74879,-70.36549],[29.44825,-70.39568],[29.3462,-70.45648],[29.20151,-70.4817],[29.02182,-70.57203],[28.77296,-70.59401],[28.45167,-70.69402],[27.62843,-70.74131],[27.19703,-70.89707],[27.30226,-70.91139],[27.27508,-70.98968],[26.92628,-70.92392],[26.80486,-70.9638],[26.44565,-71.0324],[26.26783,-71.0084],[26.10133,-71.04266],[25.91603,-71.03436],[25.71583,-70.99],[25.26059,-70.98089],[24.96803,-70.94549],[24.55519,-70.84677],[24.31935,-70.74033],[24.29152,-70.6819],[24.45541,-70.61452],[24.40887,-70.53395],[24.27752,-70.46054],[24.1089,-70.40944],[23.75245,-70.4026],[23.64357,-70.55136],[23.32301,-70.80975],[22.94174,-70.82635],[22.72495,-70.7693],[22.32692,-70.75945],[22.36736,-70.69459],[22.02849,-70.68304],[21.85279,-70.63836],[22.48097,-70.61004],[22.57928,-70.54022],[22.28321,-70.4367],[21.80161,-70.23593],[21.61134,-70.27215],[21.46437,-70.41758],[21.20851,-70.57643],[21.15854,-70.66465],[21.20118,-70.81219],[21.00538,-70.87086],[20.84425,-70.85662],[20.40398,-70.92343],[20.11231,-70.93092],[19.73276,-70.89267],[19.56739,-70.94606],[19.28924,-70.91432],[19.13054,-70.86012],[19.02849,-70.76141],[18.93092,-70.73602],[18.91521,-70.63405],[19.01629,-70.59677],[19.17018,-70.43808],[19.29664,-70.3681],[19.17351,-70.27386],[19.15349,-70.20355],[18.94166,-70.17099],[18.78297,-70.23895],[18.57301,-70.26393],[18.31617,-70.32439],[18.31031,-70.37371],[18.49822,-70.50254],[18.32984,-70.54013],[18.09376,-70.54241],[17.75115,-70.49391],[17.21697,-70.46396],[16.96095,-70.48056],[16.8711,-70.43939],[16.50514,-70.4542],[16.59815,-70.3742],[16.65333,-70.18597],[16.51987,-70.12672],[15.96258,-70.18963],[15.84539,-70.29323],[15.82692,-70.37762],[15.53484,-70.33766],[14.89796,-70.29876],[14.78004,-70.32985],[14.51051,-70.28387],[14.08058,-70.34596],[13.84881,-70.34783],[13.57032,-70.28997],[13.39967,-70.28623],[13.29233,-70.24733],[13.10817,-70.0914],[12.96925,-70.04616],[12.73512,-70.07147],[12.44459,-70.07024],[12.48308,-70.12689],[12.93979,-70.16497],[13.01832,-70.24179],[12.8379,-70.26393],[12.73658,-70.32],[12.32203,-70.37029],[12.08774,-70.54534],[12.08172,-70.674],[11.85353,-70.78151],[11.35157,-70.73659],[11.20948,-70.74969],[11.11818,-70.70045],[10.72267,-70.63689],[9.97926,-70.45355],[9.76498,-70.34856],[9.67189,-70.26784],[9.45053,-70.15651],[9.40358,-70.10426],[9.18263,-70.0709],[9.08058,-70.08929],[8.88746,-70.21551],[9.16782,-70.30804],[9.15748,-70.35955],[8.83717,-70.35394],[8.78468,-70.41758],[8.44313,-70.48235],[8.22527,-70.4944],[7.93043,-70.47234],[7.83693,-70.33994],[7.89576,-70.30999],[7.917,-70.19402],[7.8353,-70.16367],[7.42351,-70.20436],[7.43922,-70.3375],[7.65699,-70.47356],[7.56739,-70.52435],[7.10963,-70.54681],[7.0018,-70.52402],[6.78061,-70.59938],[6.55909,-70.57789],[6.04567,-70.62575],[5.58774,-70.64918],[5.00611,-70.64267],[4.62477,-70.7208],[4.3576,-70.73382],[4.22397,-70.78379],[4.09653,-70.77516],[3.80828,-70.80202],[3.57472,-70.85215],[3.32716,-70.85654],[3.07407,-70.89463],[2.75538,-70.88535],[2.51971,-70.90057],[1.94858,-70.99114],[1.48414,-71.09222],[1.45192,-71.11826],[0.93377,-71.17938],[0.54713,-71.26181],[0.43776,-71.31976],[0.23219,-71.34987],[0.07875,-71.42018],[0.01555,-71.49041],[-0.46931,-71.754],[-0.59927,-71.69443],[-0.95214,-71.62363],[-0.84529,-71.50319],[-0.81281,-71.37754],[-0.95397,-71.30047],[-1.13756,-71.2553],[-1.3107,-71.31959],[-1.30626,-71.40276],[-1.48925,-71.45875],[-1.73624,-71.41546],[-2.13126,-71.4826],[-2.23672,-71.3873],[-2.48526,-71.3694],[-2.6505,-71.28818],[-2.88707,-71.268],[-3.0161,-71.29713],[-2.9912,-71.3611],[-3.33458,-71.32488],[-3.3378,-71.42523],[-3.7071,-71.45713],[-3.70958,-71.38763],[-4.1737,-71.37005],[-4.38728,-71.32293],[-4.5996,-71.34498],[-5.19384,-71.33082],[-5.59252,-71.35312],[-5.82006,-71.34108],[-6.14977,-71.36631],[-6.28112,-71.31064],[-6.07453,-71.23138],[-6.09972,-71.15683],[-6.01989,-71.10898],[-5.73571,-71.03883],[-5.56664,-70.84173],[-5.67528,-70.73268],[-6.01358,-70.67978],[-6.31786,-70.70794],[-6.55333,-70.81504],[-6.61828,-70.924],[-7.28429,-70.79119],[-7.49205,-70.78476],[-7.85578,-70.82586],[-7.9619,-70.87314],[-7.89249,-70.97064],[-7.68863,-71.06316],[-7.5642,-71.15057],[-7.56851,-71.33465],[-7.76521,-71.4284],[-7.77579,-71.5167],[-7.59659,-71.59401],[-7.65136,-71.65789],[-7.81676,-71.67197],[-8.29524,-71.62615],[-8.42862,-71.7304],[-8.61412,-71.69988],[-8.73526,-71.56658],[-8.82982,-71.5333],[-8.75072,-71.47356],[-8.85342,-71.42067],[-9.12682,-71.41562],[-9.14005,-71.36777],[-8.98794,-71.27654],[-9.10505,-71.18532],[-9.45165,-71.09922],[-9.83361,-71.09287],[-9.93952,-71.06243],[-9.9431,-70.94451],[-10.06965,-70.91188],[-10.3944,-70.96111],[-10.42516,-71.01922],[-10.09411,-71.06422],[-9.98876,-71.11932],[-10.10106,-71.18108],[-10.59561,-71.2973],[-10.72765,-71.38909],[-10.60033,-71.52703],[-10.84,-71.58489],[-11.07209,-71.549],[-11.21813,-71.46649],[-11.37059,-71.42343],[-11.60949,-71.41693],[-11.71679,-71.32871],[-11.66015,-71.27646],[-11.87951,-71.26035],[-12.20857,-71.30267],[-12.38073,-71.39544],[-12.33092,-71.49481],[-12.17516,-71.62396],[-11.9879,-71.67946],[-11.52741,-71.7553],[-10.94909,-71.74285],[-10.84716,-71.78086],[-10.94416,-71.86541],[-11.0323,-72.04892],[-11.25036,-72.10076],[-11.24974,-72.19069],[-11.34142,-72.25652],[-11.35656,-72.39642],[-11.55651,-72.44362],[-12.24437,-72.5407],[-12.45604,-72.55967],[-12.86119,-72.6535],[-12.90233,-72.70037],[-13.18126,-72.80389],[-13.5194,-72.84539],[-13.65307,-72.79168],[-13.89957,-72.77109],[-14.2211,-72.71168],[-14.22265,-72.8283],[-13.89525,-72.98675],[-14.09748,-73.13299],[-14.50927,-73.12037],[-14.88321,-73.04241],[-15.17992,-73.04412],[-15.25691,-73.07879],[-15.54141,-73.07684],[-15.8697,-73.13909],[-15.97887,-73.19459],[-15.97619,-73.30381],[-16.43847,-73.41326],[-16.54357,-73.46868],[-16.60285,-73.63356],[-16.4947,-73.7138],[-16.3308,-73.70924],[-15.92968,-73.75018],[-15.90982,-73.81699],[-16.1964,-73.83408],[-16.26244,-73.89479],[-16.17593,-73.93922],[-15.68627,-73.9485],[-14.69713,-73.78965],[-14.59577,-73.84271],[-14.36181,-73.85768],[-14.69298,-74.00164],[-14.82799,-74.08123],[-15.10953,-74.13152],[-15.30211,-74.22145],[-15.31957,-74.31911],[-15.19555,-74.36053],[-15.75308,-74.43043],[-15.92662,-74.37754],[-16.59728,-74.30739],[-17.45629,-74.33717],[-17.61205,-74.40252],[-17.62316,-74.58522],[-17.96569,-74.63787],[-17.80215,-74.77654],[-17.99698,-74.82269],[-18.13109,-74.93873],[-18.53588,-75.05315],[-18.54629,-75.1469],[-18.70494,-75.16155],[-18.87352,-75.24944],[-18.61482,-75.33066],[-18.5065,-75.4157],[-18.65364,-75.48211],[-18.98713,-75.4428],[-19.00597,-75.52068],[-19.24047,-75.54843],[-19.76765,-75.54949],[-20.39948,-75.4721],[-20.70547,-75.52842],[-20.72167,-75.57822],[-21.17394,-75.70501],[-21.68053,-75.67116],[-21.86278,-75.70957],[-22.07396,-75.70582],[-22.30187,-75.64463],[-22.53335,-75.64202],[-22.65075,-75.69069],[-23.10509,-75.70468],[-23.26936,-75.73797],[-24.21373,-75.75644],[-24.32559,-75.77988],[-25.94815,-75.93304],[-26.28771,-75.99668],[-26.62654,-76.09515],[-26.79406,-76.09205],[-26.98518,-76.16969],[-27.33764,-76.17205],[-27.59765,-76.22747],[-27.81965,-76.22747],[-28.85912,-76.35328],[-29.53698,-76.49733],[-29.65807,-76.57692],[-30.15347,-76.63535],[-30.69213,-76.84979],[-31.69612,-76.97666],[-31.86864,-77.06764],[-31.91503,-77.15081],[-32.11946,-77.17067],[-32.50064,-77.12615],[-32.95458,-77.1889],[-33.12043,-77.25311],[-33.34634,-77.25945],[-33.7211,-77.31097],[-33.97545,-77.41888],[-34.32055,-77.4664],[-34.7115,-77.62949],[-34.75927,-77.74774],[-34.6643,-77.85361],[-35.05647,-77.82342],[-35.31286,-77.84441],[-35.46646,-77.96795],[-35.58096,-78.15049],[-35.82384,-78.15569],[-36.01309,-78.21054],[-36.26016,-78.39235],[-36.44115,-78.61126],[-36.41128,-78.75351],[-36.25133,-78.85166],[-34.25845,-79.07659],[-34.21813,-79.13812],[-32.82018,-79.24391],[-30.61119,-79.07497],[-30.29751,-79.03729],[-29.94176,-79.11142],[-30.44945,-79.21722],[-30.52473,-79.28639],[-30.0598,-79.26279],[-29.54137,-79.28004],[-30.65209,-79.56316],[-30.67325,-79.58807],[-28.69211,-79.65271],[-26.71098,-79.71735],[-24.72985,-79.782],[-24.25621,-79.7151],[-24.26203,-79.82236],[-23.73876,-79.83001],[-22.76683,-79.9262],[-22.90563,-79.98284],[-24.06859,-80.00994],[-24.25414,-80.07594],[-26.19514,-80.09149],[-26.33287,-80.122],[-28.2917,-80.1526],[-29.76081,-80.17555],[-29.92418,-80.28436],[-31.27888,-80.29713],[-31.31949,-80.30885],[-30.50585,-80.4782],[-32.03051,-80.43524],[-33.47619,-80.61541],[-35.35839,-80.61533],[-35.21496,-80.69541],[-35.72167,-80.78606],[-36.03319,-80.92067],[-36.45787,-80.93467],[-36.81697,-80.97503],[-36.9785,-81.05242],[-37.37218,-81.06992],[-37.62279,-80.99603],[-38.75536,-80.87103],[-39.83849,-81.04355],[-40.39802,-81.16985],[-40.56932,-81.15488],[-41.1195,-81.22617],[-41.58788,-81.3401],[-41.76382,-81.41041],[-41.98619,-81.61956],[-42.23518,-81.69134],[-43.1903,-81.89967],[-43.25585,-82.04754],[-43.14778,-82.11419],[-43.35318,-82.2094],[-44.0111,-82.39121],[-44.01354,-82.26295],[-44.53722,-82.3803],[-45.52042,-82.52662],[-46.05362,-82.55486],[-46.5183,-82.50335],[-46.68879,-82.40545],[-46.08877,-82.22438],[-46.05394,-82.08327],[-46.2792,-81.90976],[-47.05504,-81.99326],[-47.43122,-81.91766],[-47.88768,-81.92197],[-48.38036,-81.89031],[-50.55793,-81.99383],[-50.76317,-81.95875],[-51.73062,-82.06259]]],[[[167.66375,-78.12737],[167.60328,-78.03021],[167.3484,-78.05877],[167.06788,-78.15496],[166.79567,-78.2116],[166.65268,-78.16139],[166.31031,-78.1124],[165.9861,-78.10955],[166.09783,-78.26784],[166.31512,-78.31032],[166.72975,-78.27703],[166.94728,-78.22226],[167.29127,-78.2527],[167.49684,-78.22698],[167.66375,-78.12737]]],[[[-45.05394,-60.70306],[-45.02042,-60.69036],[-45.02961,-60.65683],[-45.069,-60.66025],[-45.08336,-60.68467],[-45.05394,-60.70306]]],[[[-59.28677,-80.20965],[-59.51989,-80.11191],[-59.89794,-80.11582],[-59.77595,-80.04518],[-59.88317,-79.88397],[-59.82063,-79.76922],[-60.40315,-79.75726],[-60.07445,-79.69411],[-60.07665,-79.65602],[-61.02693,-79.80608],[-61.12076,-79.87347],[-61.46605,-79.88161],[-61.23811,-79.98496],[-61.70075,-80.01539],[-61.80614,-80.05088],[-61.51586,-80.24188],[-61.22256,-80.27313],[-61.75036,-80.36834],[-64.06596,-80.38313],[-65.91845,-80.39495],[-66.22883,-80.31959],[-66.17955,-80.20778],[-66.57665,-80.22731],[-66.80476,-80.32855],[-66.70092,-80.41237],[-65.25123,-80.61564],[-64.28478,-80.75115],[-64.12751,-80.65358],[-63.79235,-80.60613],[-63.1411,-80.59246],[-62.95848,-80.77532],[-62.52208,-80.86492],[-60.65266,-80.96038],[-60.3614,-80.91611],[-59.819,-80.74489],[-59.66592,-80.64642],[-59.85924,-80.59498],[-59.75744,-80.33571],[-59.58039,-80.21136],[-59.28677,-80.20965]]],[[[-66.14908,-79.62819],[-66.75097,-79.61679],[-66.91808,-79.56609],[-67.8321,-79.57936],[-67.69042,-79.63828],[-66.93334,-79.79258],[-66.97301,-79.92164],[-66.4193,-79.96038],[-66.39537,-80.05983],[-66.22273,-80.08636],[-65.51159,-79.96453],[-65.56579,-79.81268],[-65.69127,-79.75189],[-66.01659,-79.77483],[-66.2718,-79.72145],[-66.14908,-79.62819]]],[[[-68.23306,-79.2859],[-67.85334,-79.28094],[-67.51382,-79.32497],[-68.50402,-79.40537],[-68.39269,-79.4708],[-67.46788,-79.50604],[-67.25788,-79.46136],[-67.51106,-79.39723],[-67.05907,-79.26133],[-67.61311,-79.21152],[-68.01769,-79.22584],[-68.23306,-79.2859]]],[[[-33.91649,-79.31259],[-34.02086,-79.26849],[-35.50341,-79.0901],[-35.84415,-79.16863],[-36.65958,-79.22308],[-36.72639,-79.29811],[-34.07087,-79.3615],[-33.91649,-79.31259]]],[[[-66.73436,-78.44183],[-66.60554,-78.3637],[-66.99291,-78.30674],[-67.57763,-78.37184],[-67.73013,-78.42034],[-69.43724,-78.68711],[-69.83336,-78.79974],[-70.59276,-78.88592],[-71.39542,-79.10174],[-71.5996,-79.19997],[-71.75292,-79.32513],[-71.81566,-79.47918],[-71.6704,-79.58115],[-71.44416,-79.65293],[-70.34179,-79.69687],[-69.64656,-79.60377],[-69.58731,-79.5202],[-69.80085,-79.46884],[-69.29601,-79.21771],[-68.99861,-79.14666],[-68.94644,-79.09726],[-67.39953,-78.66424],[-67.05675,-78.49529],[-66.73436,-78.44183]]],[[[-52.51879,-80.20013],[-52.28759,-80.10166],[-52.40933,-80.05511],[-52.89025,-80.17702],[-53.45763,-80.1609],[-53.78942,-80.36061],[-54.16381,-80.53004],[-54.37759,-80.57741],[-54.40783,-80.74],[-54.16161,-80.87713],[-52.22223,-80.83883],[-49.798,-80.79095],[-49.71923,-80.68564],[-47.81533,-80.5362],[-45.91143,-80.38676],[-43.53156,-80.19997],[-43.47712,-80.09466],[-43.85652,-79.99749],[-43.59618,-79.96347],[-43.28124,-79.98797],[-43.01574,-79.84979],[-42.93643,-79.52207],[-42.97155,-79.42995],[-43.34846,-79.23919],[-43.14883,-79.17946],[-43.43004,-79.08489],[-43.45987,-78.9555],[-43.739,-78.80055],[-45.21898,-78.81894],[-45.37047,-78.78606],[-45.15575,-78.66188],[-43.96312,-78.60328],[-43.89981,-78.58424],[-43.71825,-78.36745],[-43.81884,-78.2483],[-44.51456,-78.04217],[-45.93407,-77.81707],[-47.22252,-77.77264],[-49.07234,-78.04217],[-49.27807,-78.20086],[-49.89489,-78.45322],[-50.20409,-78.59303],[-50.26732,-78.72324],[-50.43053,-78.81259],[-50.21443,-78.83294],[-50.37906,-78.92986],[-50.56135,-78.95957],[-50.45547,-79.02215],[-50.48436,-79.12933],[-50.71312,-79.28167],[-50.46007,-79.31211],[-50.2462,-79.44329],[-50.26366,-79.53574],[-50.54137,-79.63787],[-50.91617,-79.73301],[-51.06257,-79.79941],[-52.39635,-80.18499],[-52.51879,-80.20013]]],[[[-20.36657,-74.42539],[-20.42565,-74.30901],[-20.5799,-74.22096],[-20.69286,-74.10198],[-20.59862,-73.99049],[-20.58312,-73.8541],[-20.49584,-73.79372],[-20.55663,-73.62078],[-20.8142,-73.64642],[-20.92439,-73.70436],[-21.00951,-73.87054],[-21.14537,-73.95013],[-21.33605,-74.00368],[-21.89395,-74.04168],[-21.71345,-74.08847],[-21.29947,-74.10589],[-21.12243,-74.14284],[-20.95983,-74.23854],[-20.80663,-74.47519],[-20.52855,-74.50262],[-20.36657,-74.42539]]],[[[-104.68712,-73.09653],[-104.9357,-72.95086],[-105.15538,-73.0053],[-105.03767,-73.14039],[-104.74694,-73.21852],[-104.5327,-73.17449],[-104.68712,-73.09653]]],[[[-74.84679,-72.86663],[-75.29581,-72.81951],[-75.44734,-72.82838],[-75.76154,-72.89642],[-75.50109,-72.98935],[-75.21105,-73.00555],[-75.52453,-73.11338],[-75.85822,-73.04762],[-76.03917,-73.08424],[-76.12613,-73.15879],[-76.03099,-73.28387],[-75.87458,-73.34661],[-74.59313,-73.61452],[-74.41845,-73.54827],[-74.36091,-73.46038],[-74.55236,-73.38738],[-74.53238,-73.33172],[-74.69469,-73.27654],[-74.50841,-73.25237],[-74.3861,-73.10272],[-74.21858,-72.99082],[-74.30956,-72.92107],[-74.50398,-72.88209],[-74.84679,-72.86663]]],[[[-90.9016,-72.81976],[-90.75796,-72.69744],[-90.8164,-72.60345],[-91.04418,-72.54314],[-91.39004,-72.55006],[-91.68651,-72.60996],[-91.52847,-72.78314],[-91.3334,-72.89756],[-91.44909,-72.95184],[-91.52465,-73.19256],[-91.2058,-73.19443],[-90.91771,-73.10125],[-90.76106,-72.98008],[-90.7399,-72.86443],[-90.9016,-72.81976]]],[[[-94.49144,-72.52239],[-94.58088,-72.46893],[-94.81045,-72.5346],[-95.19782,-72.58864],[-95.20124,-72.67734],[-94.50475,-72.63274],[-94.39981,-72.60735],[-94.49144,-72.52239]]],[[[-95.49922,-72.31561],[-95.75328,-72.33294],[-96.03881,-72.2575],[-95.64098,-72.20664],[-95.50292,-72.15162],[-95.71593,-72.10459],[-95.95328,-72.14381],[-96.44127,-72.19345],[-96.72378,-72.26409],[-96.99999,-72.21429],[-96.62011,-72.10662],[-96.44005,-72.07838],[-96.42284,-72.00457],[-96.20027,-72.0237],[-96.06534,-71.91383],[-96.36046,-71.83506],[-96.73624,-71.86093],[-96.92211,-71.83489],[-97.04821,-71.8764],[-97.16161,-72.06325],[-97.30565,-72.17685],[-97.53059,-72.15944],[-97.59093,-72.08408],[-97.41251,-72.0346],[-97.40787,-71.98659],[-97.82885,-71.93336],[-97.85253,-72.11696],[-98.22863,-72.04502],[-98.29088,-71.97422],[-98.11522,-71.94655],[-97.98241,-71.85963],[-98.53165,-71.75677],[-98.82811,-71.76051],[-99.08971,-71.87119],[-99.10407,-71.92164],[-98.78547,-72.00237],[-98.63402,-72.09808],[-99.0004,-72.08392],[-99.2047,-71.99749],[-99.40136,-71.94329],[-99.59683,-71.93873],[-99.7495,-72.0403],[-100.02359,-71.97275],[-99.94441,-71.89381],[-100.0288,-71.84271],[-100.2399,-71.82578],[-100.43737,-71.87933],[-102.08703,-71.97389],[-102.27359,-72.01784],[-102.29223,-72.12672],[-101.96727,-72.19329],[-101.72521,-72.16302],[-101.60924,-72.18873],[-100.20531,-72.27125],[-99.76464,-72.37347],[-99.18643,-72.37542],[-99.46809,-72.46136],[-99.39655,-72.49822],[-98.53547,-72.46412],[-98.58015,-72.57285],[-97.59935,-72.55722],[-97.25902,-72.50709],[-97.12605,-72.56121],[-96.93611,-72.58017],[-96.60432,-72.5608],[-96.05476,-72.58367],[-95.94392,-72.54616],[-96.02257,-72.43646],[-95.75528,-72.43776],[-95.51549,-72.40203],[-95.49922,-72.31561]]],[[[-74.91267,-71.02337],[-74.4005,-70.97527],[-73.61889,-70.775],[-73.54748,-70.71624],[-73.8839,-70.57057],[-74.03612,-70.54811],[-74.24844,-70.60654],[-74.48355,-70.59344],[-74.46988,-70.7514],[-74.5961,-70.79412],[-74.67431,-70.70241],[-74.82087,-70.60703],[-75.02945,-70.60809],[-75.0393,-70.69118],[-75.19982,-70.77662],[-76.109,-70.83766],[-76.38207,-70.88828],[-76.54255,-70.96559],[-76.46557,-71.07073],[-76.34557,-71.12298],[-76.13044,-71.13787],[-74.91267,-71.02337]]],[[[-3.43041,-70.53851],[-2.82982,-70.5237],[-2.68505,-70.47234],[-2.69603,-70.34319],[-2.83381,-70.28143],[-2.9886,-70.28053],[-3.26049,-70.33123],[-3.4925,-70.48105],[-3.43041,-70.53851]]],[[[-75.48351,-70.13372],[-74.87316,-70.18353],[-74.63683,-70.12225],[-74.57925,-70.07334],[-74.64244,-69.99188],[-74.40713,-69.93768],[-74.54792,-69.85491],[-74.71776,-69.80381],[-74.78702,-69.73602],[-74.9628,-69.71689],[-75.29939,-69.78932],[-75.23013,-69.84173],[-75.60432,-69.86492],[-75.7788,-69.92327],[-75.83169,-70.01637],[-75.6931,-70.11305],[-75.48351,-70.13372]]],[[[-72.84553,-69.58563],[-72.7718,-69.64983],[-72.20531,-69.73447],[-72.14037,-69.62412],[-72.39855,-69.46526],[-72.66185,-69.41611],[-72.8334,-69.42555],[-72.98192,-69.51393],[-72.84553,-69.58563]]],[[[-61.75548,-69.45428],[-61.85973,-69.3598],[-62.19205,-69.18621],[-62.37955,-69.14861],[-62.57917,-69.18914],[-62.46866,-69.32252],[-62.19884,-69.50807],[-62.20018,-69.59726],[-62.12084,-69.6889],[-61.95995,-69.70843],[-61.87621,-69.59336],[-61.91975,-69.53777],[-61.73542,-69.49326],[-61.75548,-69.45428]]],[[[-71.46007,-72.62916],[-70.92308,-72.65097],[-70.86168,-72.59157],[-70.52383,-72.66758],[-70.2565,-72.63055],[-70.06981,-72.6347],[-69.21817,-72.5429],[-69.13878,-72.37542],[-68.90005,-72.34889],[-68.91283,-72.29306],[-68.66869,-72.21673],[-68.41413,-72.21966],[-68.34187,-72.05706],[-68.48314,-71.8969],[-68.24974,-71.88307],[-68.16124,-71.60638],[-68.27391,-71.43662],[-68.2268,-71.34124],[-68.23811,-71.16888],[-68.29572,-71.09783],[-68.29918,-70.86907],[-68.4663,-70.61452],[-68.58479,-70.55283],[-68.72037,-70.36907],[-69.02745,-70.15976],[-69.28478,-69.92311],[-69.33121,-69.8056],[-69.31713,-69.62591],[-69.47838,-69.55576],[-69.56338,-69.4367],[-69.70279,-69.31609],[-70.07722,-69.29111],[-70.02184,-69.19158],[-70.09435,-69.13616],[-69.99429,-69.09368],[-70.07754,-69.04925],[-70.10558,-68.89072],[-70.31314,-68.83758],[-70.40209,-68.7868],[-70.87247,-68.81406],[-71.01085,-68.85906],[-71.4038,-68.86004],[-72.01269,-68.9555],[-72.16812,-69.05576],[-72.11587,-69.15716],[-72.14208,-69.23235],[-72.04186,-69.29599],[-71.68981,-69.41131],[-71.61587,-69.45485],[-71.74128,-69.56658],[-71.74205,-69.6469],[-71.91161,-69.70827],[-71.84642,-69.8484],[-71.91222,-69.96592],[-71.6975,-70.07545],[-71.39965,-70.12786],[-71.31688,-70.17734],[-70.93928,-70.2164],[-70.77977,-70.12566],[-70.65217,-70.12029],[-70.47362,-70.1679],[-70.2307,-70.13633],[-70.2318,-70.23512],[-70.11119,-70.24277],[-69.6695,-70.35394],[-69.69457,-70.42059],[-70.1175,-70.32977],[-70.99861,-70.46575],[-71.00308,-70.51377],[-71.22134,-70.62607],[-71.26651,-70.68011],[-71.16609,-70.75595],[-71.00219,-70.76556],[-70.70128,-70.8318],[-70.4027,-70.81911],[-69.95254,-70.87884],[-69.77627,-70.85809],[-69.83654,-70.96185],[-69.79674,-71.04363],[-69.838,-71.15195],[-70.01195,-71.14479],[-70.20848,-70.98797],[-70.4112,-70.94541],[-70.71788,-70.99847],[-71.0255,-70.96217],[-71.30993,-71.02321],[-71.54629,-71.13665],[-71.69005,-71.15887],[-72.39542,-71.06512],[-72.78612,-71.06276],[-73.06493,-71.1028],[-73.12458,-71.14398],[-72.89586,-71.2304],[-72.3153,-71.28883],[-72.18895,-71.37314],[-72.56745,-71.36419],[-72.75739,-71.40455],[-73.40795,-71.31536],[-73.58532,-71.32293],[-73.6693,-71.36793],[-73.58308,-71.45631],[-73.33641,-71.5368],[-73.45881,-71.59531],[-73.75691,-71.51035],[-73.8522,-71.45566],[-74.12218,-71.38299],[-74.42276,-71.42832],[-74.39704,-71.58367],[-74.2788,-71.636],[-74.39025,-71.66814],[-74.64403,-71.62656],[-74.88585,-71.52842],[-75.12466,-71.54534],[-75.19945,-71.60491],[-75.40372,-71.67083],[-75.17715,-71.75262],[-75.40242,-71.80104],[-75.4287,-71.87493],[-75.35603,-71.9236],[-74.81599,-72.06487],[-74.65827,-72.07497],[-74.3968,-72.0403],[-74.22077,-72.14446],[-74.00475,-72.17352],[-73.50133,-72.01247],[-73.8789,-71.86419],[-73.78905,-71.83856],[-73.50463,-71.83554],[-73.03506,-71.92645],[-72.85936,-71.92099],[-72.71154,-71.86093],[-72.68887,-71.75351],[-72.54064,-71.73154],[-72.33894,-71.61346],[-72.00133,-71.75416],[-71.83056,-71.80283],[-71.78844,-71.89861],[-71.48428,-71.84059],[-71.30541,-71.84092],[-71.06579,-71.88201],[-70.87975,-71.84637],[-70.71972,-71.90569],[-70.76977,-71.98968],[-71.08698,-72.04957],[-72.01159,-72.11972],[-72.05525,-72.15814],[-71.66397,-72.21868],[-71.55264,-72.27842],[-71.36718,-72.28786],[-71.04377,-72.25758],[-70.73619,-72.17848],[-70.45767,-72.14023],[-70.18334,-72.27386],[-70.57453,-72.34881],[-70.70971,-72.39642],[-71.87108,-72.34881],[-72.06493,-72.31813],[-72.67675,-72.27125],[-72.81957,-72.29217],[-73.09162,-72.3834],[-73.10924,-72.4734],[-72.79971,-72.59417],[-72.48681,-72.59026],[-72.40827,-72.67449],[-71.46007,-72.62916]]],[[[-69.10928,-67.62615],[-68.93187,-67.69752],[-68.88459,-67.76247],[-68.64379,-67.71478],[-68.54161,-67.73203],[-68.41267,-67.64105],[-68.43236,-67.57391],[-68.2836,-67.52272],[-68.13903,-67.57147],[-67.97379,-67.46844],[-67.96516,-67.39463],[-68.25097,-67.36932],[-67.67683,-67.14804],[-67.80614,-67.08766],[-67.97643,-67.0665],[-67.92325,-66.99725],[-68.02623,-66.94061],[-67.9134,-66.81146],[-67.73937,-66.75262],[-67.64196,-66.6832],[-67.74104,-66.6242],[-67.86046,-66.62566],[-68.32095,-66.78924],[-68.37784,-66.82073],[-68.70702,-67.10963],[-68.83747,-67.26678],[-69.06607,-67.38763],[-69.1549,-67.47568],[-69.16478,-67.57928],[-69.10928,-67.62615]]],[[[-62.90644,-64.52117],[-63.02965,-64.52117],[-63.33169,-64.44508],[-63.27863,-64.35622],[-63.15099,-64.30828],[-63.31322,-64.25498],[-63.57494,-64.26523],[-63.57628,-64.31658],[-63.72085,-64.43621],[-63.93615,-64.46575],[-63.90294,-64.53476],[-64.19953,-64.59205],[-64.18855,-64.63991],[-64.28209,-64.70989],[-64.12971,-64.7164],[-64.02916,-64.77451],[-63.8048,-64.78688],[-63.65071,-64.8165],[-63.46369,-64.72226],[-63.3358,-64.75897],[-63.15355,-64.64381],[-62.85656,-64.58221],[-62.90644,-64.52117]]],[[[-62.65656,-64.50302],[-62.55191,-64.4695],[-62.38549,-64.466],[-62.24063,-64.39316],[-62.20104,-64.29437],[-62.06037,-64.22731],[-62.1317,-64.16229],[-62.26692,-64.0993],[-62.26537,-64.03248],[-62.47818,-64.01458],[-62.48811,-64.08896],[-62.6234,-64.13055],[-62.46931,-64.24847],[-62.66584,-64.39218],[-62.65656,-64.50302]]],[[[-57.51334,-64.341],[-57.43049,-64.38592],[-57.29552,-64.37119],[-57.38671,-64.30584],[-57.30126,-64.18239],[-57.15538,-64.08514],[-57.52123,-64.02093],[-57.54239,-63.93922],[-57.82958,-64.0748],[-57.81823,-64.00416],[-57.88793,-63.97568],[-57.75544,-63.89609],[-57.8072,-63.81813],[-57.95263,-63.85996],[-58.07628,-63.84677],[-58.11864,-63.89804],[-58.25768,-63.90683],[-58.46036,-64.08571],[-58.36193,-64.13909],[-58.19522,-64.0866],[-58.13109,-64.10223],[-58.18322,-64.21307],[-58.04198,-64.25506],[-58.27819,-64.29843],[-58.19347,-64.38104],[-58.04882,-64.31797],[-57.96752,-64.39853],[-57.80313,-64.38128],[-57.786,-64.31561],[-57.51334,-64.341]]],[[[-55.15937,-63.20387],[-55.53498,-63.17913],[-55.57567,-63.12908],[-55.72305,-63.14756],[-55.97452,-63.1469],[-56.24527,-63.19207],[-56.36954,-63.22812],[-56.54751,-63.34637],[-56.45027,-63.42929],[-56.33617,-63.43678],[-56.09488,-63.38877],[-55.90136,-63.29664],[-55.7919,-63.28558],[-55.62523,-63.33416],[-55.48591,-63.32692],[-55.17272,-63.3576],[-55.06395,-63.31927],[-55.08576,-63.22161],[-55.15937,-63.20387]]],[[[-61.16039,-62.66334],[-61.05622,-62.68287],[-60.81176,-62.67197],[-60.7447,-62.62184],[-60.5996,-62.64039],[-60.37922,-62.61012],[-60.40075,-62.66725],[-60.29817,-62.69134],[-60.24596,-62.75286],[-59.98941,-62.63014],[-60.07958,-62.56365],[-60.01085,-62.52565],[-60.12946,-62.46006],[-60.2788,-62.54127],[-60.49108,-62.57708],[-60.67479,-62.5486],[-60.79662,-62.46893],[-60.8238,-62.57578],[-60.96231,-62.61159],[-61.15087,-62.58465],[-61.16039,-62.66334]]],[[[-58.46691,-62.16041],[-58.39147,-62.08489],[-58.24283,-62.18157],[-58.13996,-62.05625],[-57.98908,-62.07985],[-57.81265,-62.01385],[-57.6372,-62.00937],[-57.70547,-61.9157],[-57.8358,-61.94199],[-58.00788,-61.90447],[-58.22444,-61.96022],[-58.41405,-61.93328],[-58.46532,-61.96648],[-58.67821,-62.004],[-58.7128,-62.05267],[-58.94603,-62.15879],[-58.58462,-62.24896],[-58.46752,-62.21551],[-58.46691,-62.16041]]],[[[-55.07795,-61.09319],[-55.37804,-61.07049],[-55.44904,-61.115],[-55.28148,-61.25693],[-55.17894,-61.25547],[-55.03458,-61.15643],[-54.72956,-61.15228],[-54.65152,-61.10654],[-54.9735,-61.10711],[-55.07795,-61.09319]]],[[[-44.51854,-60.71844],[-44.60928,-60.70892],[-44.81994,-60.74],[-44.56627,-60.74505],[-44.51854,-60.71844]]],[[[-46.00699,-60.61273],[-45.93293,-60.62282],[-45.7893,-60.58408],[-45.71886,-60.6456],[-45.42146,-60.64658],[-45.32921,-60.63242],[-45.48705,-60.54469],[-45.66576,-60.5241],[-45.85196,-60.5473],[-45.95507,-60.52776],[-46.00699,-60.61273]]],[[[-162.33983,-82.92376],[-162.48152,-82.87664],[-163.7497,-82.83359],[-163.56233,-82.92409],[-163.60155,-82.99017],[-163.2613,-83.08099],[-162.40241,-83.14837],[-162.01268,-83.12607],[-161.8133,-83.03867],[-161.57579,-83.02435],[-162.33983,-82.92376]]],[[[-160.57112,-81.59889],[-160.44221,-81.56024],[-160.67573,-81.46282],[-162.98388,-81.27028],[-163.85119,-81.31894],[-163.99006,-81.4035],[-163.72851,-81.48162],[-160.57112,-81.59889]]],[[[-29.61832,-79.91123],[-29.90624,-79.81504],[-30.65412,-79.84612],[-31.09545,-79.81072],[-31.59166,-79.6487],[-32.0244,-79.64967],[-31.91633,-79.77215],[-32.08947,-79.80926],[-31.54174,-79.89853],[-30.48265,-79.945],[-30.36644,-80.01775],[-29.98908,-79.96559],[-30.25235,-79.88616],[-29.92369,-79.86981],[-29.61832,-79.91123]]],[[[-159.84215,-79.34856],[-160.29487,-79.2658],[-160.52192,-79.1867],[-161.36408,-78.99684],[-161.38191,-78.95924],[-162.35322,-78.75262],[-163.24299,-78.70631],[-163.265,-78.75726],[-163.6385,-78.84482],[-164.14806,-78.99212],[-164.24568,-79.04323],[-164.29784,-79.23008],[-164.16096,-79.33343],[-163.93663,-79.41172],[-163.48152,-79.48968],[-162.55864,-79.61132],[-160.71288,-79.85459],[-159.06981,-79.81878],[-158.97484,-79.72234],[-159.18916,-79.65276],[-159.33495,-79.52825],[-159.84215,-79.34856]]],[[[169.27345,-77.45452],[169.14405,-77.43174],[168.21957,-77.37233],[167.56813,-77.41326],[167.06577,-77.31634],[167.08815,-77.24065],[166.82716,-77.1609],[166.52443,-77.18304],[166.40008,-77.26653],[166.65447,-77.36256],[166.37062,-77.49822],[166.21648,-77.52093],[166.38868,-77.61338],[166.87526,-77.67034],[166.78932,-77.76995],[167.25766,-77.71592],[167.40805,-77.64398],[168.08741,-77.6456],[168.40089,-77.69622],[168.87257,-77.64039],[169.0503,-77.56992],[169.31821,-77.5372],[169.27345,-77.45452]]],[[[-127.12849,-74.46941],[-127.33796,-74.40455],[-127.50402,-74.40472],[-127.75805,-74.34271],[-128.1892,-74.31609],[-128.06591,-74.46233],[-127.90563,-74.55299],[-127.55175,-74.64365],[-127.21593,-74.58815],[-127.12849,-74.46941]]],[[[-119.82103,-74.12078],[-119.50007,-74.10662],[-119.00377,-73.98357],[-118.87084,-73.88568],[-118.97444,-73.80486],[-119.1234,-73.78086],[-119.49494,-73.77256],[-119.69848,-73.81829],[-119.81163,-73.88795],[-119.6361,-74.00123],[-119.91149,-74.07098],[-119.82103,-74.12078]]],[[[-120.26122,-73.92783],[-120.64737,-73.89674],[-120.41511,-73.84686],[-120.3758,-73.79648],[-120.54015,-73.75335],[-120.68643,-73.76727],[-122.05578,-73.71575],[-122.27237,-73.68222],[-123.06558,-73.67539],[-123.28913,-73.77451],[-123.24889,-73.82334],[-123.01696,-73.83082],[-122.93407,-73.87933],[-122.34984,-73.92498],[-122.73107,-73.99774],[-122.74429,-74.05169],[-122.92418,-74.09157],[-122.93956,-74.14023],[-122.73619,-74.20745],[-123.02819,-74.2483],[-122.9038,-74.33701],[-122.57209,-74.38649],[-122.24348,-74.41326],[-121.09903,-74.34808],[-120.94424,-74.30869],[-121.08544,-74.23463],[-121.00402,-74.14837],[-120.27554,-74.00319],[-120.26122,-73.92783]]],[[[-127.47317,-73.54957],[-127.166,-73.60263],[-127.26887,-73.71787],[-127.00524,-73.74041],[-126.98424,-73.68548],[-126.83544,-73.64617],[-126.54654,-73.67034],[-126.40551,-73.77842],[-126.47545,-73.84222],[-125.81273,-73.96657],[-125.7189,-74.0403],[-125.10928,-74.12282],[-125.20344,-74.16302],[-124.78425,-74.22601],[-124.24498,-74.21478],[-124.00744,-74.26344],[-123.80626,-74.21502],[-123.89928,-74.17815],[-123.78303,-74.10963],[-123.94904,-74.02402],[-124.20881,-73.93434],[-124.03653,-73.88958],[-124.11217,-73.8327],[-124.62951,-73.73073],[-124.94884,-73.81439],[-125.26057,-73.79193],[-125.58943,-73.82391],[-125.77644,-73.81032],[-125.90713,-73.75506],[-125.73078,-73.7164],[-125.27001,-73.69883],[-125.24633,-73.61053],[-125.46996,-73.57887],[-125.62971,-73.49456],[-125.59927,-73.42938],[-125.94249,-73.37591],[-126.10407,-73.29616],[-126.52717,-73.26832],[-127.30321,-73.31813],[-127.49494,-73.44012],[-127.47317,-73.54957]]],[[[26.76564,-70.2243],[26.70607,-70.12965],[26.58969,-70.0748],[26.3274,-70.06658],[25.98732,-70.195],[25.91228,-70.28493],[26.0573,-70.39105],[26.45777,-70.45013],[26.56544,-70.4201],[26.83985,-70.41204],[26.87989,-70.31894],[26.76564,-70.2243]]],[[[1.41098,-70.04022],[1.29957,-70.02337],[1.04249,-70.04599],[0.93971,-70.10491],[0.9568,-70.19166],[1.22348,-70.37916],[1.27573,-70.27386],[1.46502,-70.15049],[1.41098,-70.04022]]],[[[100.56593,-65.40301],[100.3851,-65.47861],[100.26824,-65.59466],[100.29803,-65.65862],[100.50367,-65.67311],[100.55787,-65.70403],[100.96705,-65.68287],[101.23072,-65.57399],[101.2518,-65.49375],[101.12672,-65.41188],[100.93458,-65.37868],[100.56593,-65.40301]]],[[[-90.60692,-68.81748],[-90.51244,-68.80918],[-90.53502,-68.7326],[-90.61571,-68.73064],[-90.60692,-68.81748]]]]}}