{"type":"Feature","properties":{"id":"USA.51","name":"Alaska","level":1,"country":"USA"},"geometry":{"type":"MultiPolygon","coordinates":[[[[-141.00556,69.65095],[-141.22061,69.67406],[-141.29109,69.63402],[-141.41291,69.65038],[-141.48412,69.69758],[-141.65331,69.76215],[-141.83703,69.79076],[-141.92056,69.81538],[-141.98819,69.79267],[-142.10733,69.84894],[-142.2709,69.85602],[-142.3695,69.89545],[-142.43781,69.94896],[-142.4969,69.95384],[-142.60082,70.01313],[-142.87955,70.07404],[-142.96361,70.06265],[-143.03649,70.09243],[-143.11872,70.0856],[-143.23567,70.11823],[-143.35814,70.10615],[-143.67439,70.0904],[-143.7425,70.10602],[-143.91893,70.07136],[-144.01744,70.0926],[-144.18692,70.04361],[-144.38614,70.04401],[-144.50927,70.01997],[-144.59016,69.98282],[-144.70645,69.97602],[-144.87157,69.99799],[-144.94156,69.97797],[-145.15392,70.00308],[-145.30138,69.99966],[-145.33922,70.03034],[-145.47118,70.05781],[-145.50097,70.08601],[-145.59968,70.08076],[-145.8802,70.17495],[-145.98314,70.15388],[-146.08263,70.15567],[-146.23058,70.18602],[-146.43326,70.18244],[-146.84878,70.19343],[-146.88069,70.17495],[-147.12369,70.16755],[-147.41649,70.2023],[-147.6796,70.21223],[-147.80614,70.23648],[-147.79869,70.29043],[-147.88805,70.31216],[-147.96223,70.30142],[-148.06481,70.31883],[-148.15075,70.35643],[-148.25739,70.35448],[-148.38142,70.31249],[-148.51183,70.31834],[-148.51818,70.36921],[-148.68244,70.42011],[-148.79585,70.41454],[-149.0445,70.46857],[-149.34447,70.51008],[-149.38378,70.48819],[-149.56709,70.51073],[-149.72472,70.51073],[-149.81163,70.49616],[-149.88972,70.51276],[-150.11913,70.44286],[-150.25304,70.44208],[-150.41674,70.42137],[-150.36152,70.47972],[-150.4925,70.47663],[-150.51313,70.50389],[-150.61909,70.51073],[-150.79353,70.50332],[-150.86242,70.46979],[-151.17772,70.44872],[-151.2436,70.3793],[-151.35249,70.42642],[-151.45417,70.43895],[-151.73644,70.43561],[-151.97968,70.44872],[-151.94331,70.48046],[-151.79039,70.50239],[-151.76036,70.56672],[-151.8487,70.55854],[-151.96911,70.5716],[-152.45617,70.55585],[-152.53453,70.54487],[-152.58056,70.58295],[-152.25341,70.59951],[-152.44795,70.62604],[-152.51411,70.68891],[-152.4134,70.72211],[-152.21923,70.81802],[-152.3275,70.85688],[-152.54585,70.88752],[-152.71251,70.89037],[-152.65746,70.84593],[-152.71491,70.82103],[-152.81574,70.88691],[-153.16487,70.92788],[-153.30244,70.92866],[-153.3568,70.90278],[-153.51403,70.88691],[-153.89354,70.89838],[-153.98534,70.84691],[-154.13097,70.79133],[-154.24787,70.78242],[-154.30907,70.8308],[-154.43517,70.83926],[-154.53881,70.82616],[-154.63121,70.85277],[-154.71288,70.90559],[-154.66246,70.92552],[-154.59712,71.00047],[-154.63121,71.03156],[-154.77526,71.08397],[-154.91893,71.11347],[-155.0111,71.11591],[-155.10932,71.15038],[-155.28917,71.08613],[-155.19673,71.04145],[-155.40587,70.99677],[-155.51789,70.95214],[-155.54243,70.8664],[-155.64704,70.83588],[-155.7506,70.84422],[-155.91979,70.82543],[-155.99486,70.88691],[-156.08723,70.92699],[-156.00792,70.94213],[-156.07209,70.97394],[-155.83076,70.9831],[-155.71715,71.03461],[-155.59374,71.06973],[-155.5561,71.1271],[-155.62474,71.18354],[-155.80089,71.20881],[-155.99934,71.19453],[-156.11095,71.22333],[-156.09736,71.2438],[-156.23701,71.26919],[-156.42841,71.26496],[-156.53425,71.30012],[-156.60444,71.35366],[-156.68183,71.35273],[-156.81721,71.30634],[-157.0255,71.20319],[-157.23119,71.07136],[-157.55907,70.95136],[-157.86494,70.86644],[-158.04304,70.83686],[-158.38939,70.83674],[-158.338,70.81802],[-158.7154,70.79133],[-159.06041,70.81655],[-158.98973,70.77705],[-159.11974,70.76398],[-159.23615,70.77082],[-159.3568,70.7602],[-159.44905,70.77705],[-159.31184,70.81245],[-159.14057,70.82543],[-159.20625,70.8664],[-159.3463,70.86335],[-159.66816,70.805],[-159.83625,70.70807],[-159.91303,70.70063],[-160.09626,70.64305],[-159.94786,70.63642],[-159.86461,70.59907],[-159.82531,70.54377],[-159.71593,70.49706],[-159.53083,70.53242],[-159.49531,70.51582],[-159.66963,70.47309],[-159.79931,70.49921],[-159.88679,70.39887],[-159.84252,70.34943],[-160.05634,70.37495],[-159.94848,70.49445],[-160.01106,70.52033],[-159.92199,70.54487],[-159.94709,70.59724],[-160.10298,70.57852],[-160.21618,70.57905],[-160.44896,70.48965],[-160.86067,70.34732],[-161.06701,70.31485],[-161.21064,70.2768],[-161.34215,70.25878],[-161.63195,70.25609],[-161.73815,70.2023],[-161.86461,70.16914],[-162.12169,70.15388],[-162.0255,70.19546],[-161.89953,70.17866],[-161.84053,70.19546],[-161.86103,70.29043],[-161.90571,70.32062],[-162.01496,70.27733],[-162.05285,70.24384],[-162.19941,70.16437],[-162.32148,70.12726],[-162.37495,70.0856],[-162.4615,70.05964],[-162.53779,69.95673],[-162.71162,69.88068],[-162.94978,69.79047],[-163.04853,69.68724],[-163.02546,69.62629],[-163.08068,69.58535],[-163.07079,69.52041],[-163.12165,69.45433],[-163.1258,69.38996],[-163.15575,69.35936],[-163.28612,69.31098],[-163.62255,69.11921],[-163.96455,69.00312],[-164.17036,68.9538],[-164.34643,68.92939],[-164.79076,68.91425],[-165.04406,68.8815],[-165.32209,68.87645],[-165.66474,68.86156],[-165.81359,68.87946],[-166.0091,68.87275],[-166.08564,68.89143],[-166.23676,68.87482],[-166.1938,68.77969],[-166.23998,68.56428],[-166.30626,68.52204],[-166.31465,68.48102],[-166.37035,68.44082],[-166.33821,68.39997],[-166.45478,68.39887],[-166.54817,68.35883],[-166.64375,68.34455],[-166.29662,68.29963],[-166.20588,68.26264],[-166.10346,68.2399],[-165.92809,68.13695],[-165.76899,68.10688],[-165.61999,68.09195],[-165.4372,68.06025],[-165.23274,67.99763],[-165.05394,67.93305],[-164.85603,67.84955],[-164.69355,67.82461],[-164.44603,67.70991],[-164.15148,67.61962],[-164.04646,67.56371],[-163.96162,67.49868],[-163.81005,67.33515],[-163.77343,67.22565],[-163.76561,67.13996],[-163.6883,67.10322],[-163.43309,67.08503],[-163.40563,67.07587],[-163.14232,67.05703],[-163.07392,67.03555],[-162.93733,67.02928],[-162.8889,67.04296],[-162.73335,67.04881],[-162.66377,67.01606],[-162.55879,67.01997],[-162.39045,67.13361],[-162.35448,67.13231],[-162.4676,67.00947],[-162.4355,66.99103],[-162.25487,67.05292],[-162.24804,67.01504],[-161.99022,67.04922],[-161.83515,67.055],[-161.74022,67.01728],[-161.68757,67.02928],[-161.58955,66.99323],[-161.62885,66.96406],[-161.73066,66.95356],[-161.73408,66.92308],[-161.80639,66.8996],[-161.80016,66.85375],[-161.88056,66.81476],[-161.86828,66.70628],[-161.64973,66.61286],[-161.54633,66.59797],[-161.56261,66.56639],[-161.44673,66.54377],[-161.31371,66.5353],[-161.24096,66.56005],[-161.23725,66.59797],[-161.13606,66.65192],[-160.88097,66.67243],[-160.81355,66.66205],[-160.69831,66.61286],[-160.55171,66.59113],[-160.48485,66.63447],[-160.32543,66.6048],[-160.21919,66.53205],[-160.21618,66.43281],[-160.24909,66.40229],[-160.45092,66.39374],[-160.61718,66.37141],[-160.78478,66.3745],[-160.98363,66.44058],[-161.06098,66.48615],[-161.14192,66.49803],[-161.19343,66.53608],[-161.26289,66.52924],[-161.33918,66.48872],[-161.43403,66.46849],[-161.60717,66.45393],[-161.87084,66.53217],[-161.99482,66.62181],[-162.08076,66.66621],[-162.07575,66.7062],[-162.01496,66.77237],[-162.12092,66.8061],[-162.32714,66.9604],[-162.4171,66.92251],[-162.51997,66.92056],[-162.63874,66.8996],[-162.62531,66.86148],[-162.52583,66.78974],[-162.50459,66.74982],[-162.44054,66.73078],[-162.26452,66.72272],[-162.1632,66.68277],[-162.07946,66.6232],[-161.93249,66.55634],[-161.86726,66.48127],[-161.87597,66.44009],[-161.94831,66.36652],[-161.7928,66.38508],[-161.74462,66.4055],[-161.51069,66.40766],[-161.13573,66.34317],[-160.99702,66.24103],[-161.06774,66.1385],[-161.11433,66.20694],[-161.17577,66.22736],[-161.32067,66.23282],[-161.3601,66.27521],[-161.50593,66.27888],[-161.57124,66.258],[-161.68529,66.13862],[-161.89537,65.97948],[-161.91564,66.04243],[-162.17943,66.07591],[-162.3061,66.04243],[-162.38801,66.03559],[-162.4879,66.06289],[-162.65473,66.03852],[-162.68285,66.06977],[-162.76476,66.10391],[-162.9477,66.1035],[-163.12165,66.07038],[-163.28645,66.07591],[-163.35436,66.09764],[-163.68049,66.0786],[-163.7591,66.09024],[-163.85497,66.13373],[-163.89049,66.16763],[-164.07824,66.2226],[-163.91877,66.24649],[-163.85468,66.28946],[-163.89562,66.33723],[-163.89562,66.39932],[-163.86425,66.43647],[-163.78462,66.47089],[-163.7591,66.50483],[-163.80687,66.57001],[-163.62873,66.57001],[-163.73632,66.60346],[-163.9864,66.61225],[-164.27436,66.60228],[-164.52265,66.58242],[-164.71809,66.55634],[-164.73131,66.53266],[-164.95055,66.46015],[-164.95824,66.44025],[-165.06196,66.40754],[-165.10521,66.4453],[-165.30573,66.43696],[-165.48766,66.40229],[-165.76643,66.32364],[-165.83869,66.28897],[-165.88996,66.24103],[-165.84895,66.22012],[-165.71089,66.21263],[-165.50011,66.15229],[-165.75499,66.10529],[-166.0937,66.12531],[-166.18493,66.17499],[-166.28746,66.17963],[-166.4608,66.12865],[-166.53563,66.11945],[-166.72496,66.06135],[-166.81538,66.00764],[-166.92805,65.9914],[-166.87682,65.94685],[-167.05988,65.87763],[-167.21325,65.86432],[-167.28832,65.90522],[-167.34594,65.89859],[-167.56102,65.80891],[-167.55919,65.77871],[-167.5006,65.74079],[-167.58092,65.72069],[-167.82274,65.72028],[-167.85607,65.68354],[-168.00044,65.64256],[-168.06294,65.65135],[-168.02802,65.69676],[-168.0716,65.7071],[-168.13744,65.66503],[-168.081,65.5915],[-167.72212,65.50466],[-167.60433,65.45342],[-167.39855,65.40108],[-167.1843,65.39324],[-167.00045,65.37812],[-166.9383,65.38508],[-166.5028,65.33625],[-166.37377,65.30533],[-166.31013,65.31219],[-166.14041,65.28569],[-166.03119,65.2431],[-166.12457,65.23427],[-166.2516,65.25806],[-166.40388,65.25414],[-166.48872,65.23428],[-166.46923,65.18928],[-166.60997,65.1223],[-166.75426,65.11563],[-166.91766,65.15439],[-166.87861,65.10273],[-166.74951,65.06201],[-166.68738,65.02283],[-166.68453,64.98218],[-166.39021,64.89851],[-166.39391,64.82274],[-166.48038,64.80201],[-166.48347,64.72964],[-166.37035,64.63784],[-166.18969,64.58519],[-166.00239,64.57144],[-165.87751,64.54824],[-165.44624,64.51187],[-165.03551,64.44831],[-164.83711,64.45523],[-164.88569,64.49152],[-164.80744,64.52115],[-164.69172,64.53132],[-164.65038,64.50226],[-164.34187,64.59003],[-164.26622,64.57575],[-163.97138,64.56953],[-163.81713,64.59003],[-163.67854,64.58633],[-163.53657,64.56452],[-163.27929,64.48574],[-163.22468,64.43171],[-163.135,64.41254],[-163.11461,64.46101],[-163.05297,64.50996],[-163.1623,64.52204],[-163.21101,64.55585],[-163.31347,64.56208],[-163.38976,64.59687],[-163.2425,64.64838],[-163.149,64.65827],[-163.14765,64.62714],[-162.82746,64.50064],[-162.87462,64.45966],[-162.8155,64.40892],[-162.82002,64.37031],[-162.78132,64.3437],[-162.64265,64.39444],[-162.60717,64.50678],[-162.51122,64.55866],[-162.27021,64.61929],[-162.21943,64.6647],[-162.08088,64.7211],[-161.98253,64.70307],[-161.89631,64.75397],[-161.71642,64.79487],[-161.5644,64.77041],[-161.42219,64.77436],[-161.32226,64.84553],[-161.30761,64.87202],[-161.22944,64.89598],[-161.18257,64.93952],[-161.04438,64.86253],[-160.88471,64.81013],[-160.78771,64.71784],[-160.80317,64.64338],[-160.92878,64.58259],[-161.03502,64.50776],[-161.09333,64.50259],[-161.3404,64.52399],[-161.38752,64.54206],[-161.45698,64.52115],[-161.48571,64.4571],[-161.42943,64.4333],[-161.22675,64.41181],[-161.20311,64.36408],[-161.11591,64.31],[-160.97346,64.25047],[-160.95165,64.20628],[-160.94526,64.09601],[-160.92878,64.04816],[-160.80504,63.90449],[-160.76696,63.82412],[-160.79157,63.74653],[-160.9499,63.63666],[-161.03388,63.61005],[-161.05651,63.57441],[-161.18627,63.50556],[-161.38805,63.47956],[-161.44054,63.46019],[-161.51159,63.47281],[-161.57343,63.45539],[-161.66035,63.46963],[-162.16889,63.43122],[-162.08698,63.45234],[-162.03144,63.48664],[-162.08422,63.51472],[-162.23725,63.54629],[-162.31355,63.53425],[-162.28002,63.48908],[-162.4016,63.43122],[-162.59651,63.27668],[-162.69664,63.22919],[-162.80634,63.21955],[-162.88081,63.14094],[-162.96923,63.11441],[-163.09398,63.05736],[-163.29015,63.04881],[-163.35053,63.03083],[-163.44066,63.09602],[-163.52855,63.11669],[-163.60253,63.10562],[-163.64655,63.15892],[-163.76732,63.22476],[-163.82738,63.21955],[-163.99458,63.25625],[-164.14537,63.26215],[-164.36583,63.22919],[-164.48778,63.17072],[-164.57909,63.14057],[-164.52282,63.08832],[-164.37666,63.0705],[-164.31395,63.01411],[-164.4416,63.03189],[-164.66259,63.03205],[-164.7235,63.01293],[-164.81611,62.92719],[-164.84923,62.85993],[-164.88317,62.84154],[-164.85908,62.79487],[-164.88317,62.73908],[-164.84325,62.70515],[-164.81322,62.62019],[-164.74035,62.63447],[-164.61262,62.69302],[-164.53978,62.73884],[-164.47907,62.74592],[-164.7047,62.61249],[-164.83471,62.58438],[-164.80061,62.54719],[-164.86787,62.53803],[-165.02033,62.54108],[-165.13305,62.51569],[-165.27355,62.43745],[-165.34459,62.36603],[-165.4477,62.30288],[-165.59459,62.17829],[-165.70556,62.1166],[-165.75951,62.02562],[-165.73908,61.96507],[-165.68932,61.91031],[-165.64411,61.89525],[-165.60908,61.8513],[-165.72606,61.84846],[-165.7801,61.82795],[-165.9759,61.8354],[-166.10277,61.82111],[-166.00337,61.73493],[-165.9112,61.70417],[-165.78242,61.68407],[-166.0196,61.65713],[-166.11644,61.63614],[-166.18537,61.65668],[-166.19994,61.59455],[-166.13825,61.5161],[-166.0504,61.5434],[-165.9239,61.56216],[-165.77697,61.51582],[-165.7801,61.45799],[-165.8911,61.42878],[-165.92125,61.39936],[-165.87678,61.33658],[-165.82872,61.31297],[-165.69945,61.30341],[-165.62373,61.28046],[-165.6435,61.2215],[-165.62169,61.1435],[-165.5821,61.10859],[-165.51281,61.08698],[-165.37373,61.0716],[-165.37658,61.1291],[-165.34638,61.15672],[-165.39961,61.19562],[-165.39025,61.2246],[-165.31294,61.26089],[-165.22578,61.2731],[-165.22712,61.30891],[-165.28047,61.31867],[-165.25312,61.3618],[-165.19103,61.38296],[-165.20466,61.41022],[-165.15473,61.43342],[-165.07917,61.43708],[-165.00862,61.50349],[-164.87763,61.52603],[-164.74226,61.62836],[-164.76338,61.54169],[-164.84069,61.50275],[-164.96772,61.48957],[-165.05781,61.45173],[-165.07624,61.41938],[-165.15876,61.41865],[-165.15779,61.36579],[-165.22578,61.34813],[-165.20466,61.31061],[-165.22545,61.25943],[-165.29332,61.25483],[-165.36274,61.2128],[-165.34687,61.19709],[-165.2115,61.14956],[-165.0587,61.06289],[-164.9272,61.08698],[-164.97419,61.02534],[-165.08861,61.01984],[-165.19848,60.97822],[-165.12898,60.92349],[-165.01525,60.92105],[-164.95824,60.95087],[-164.85582,60.95087],[-164.81489,60.90811],[-164.71495,60.93724],[-164.62804,60.93232],[-164.58454,60.90009],[-164.56444,60.85468],[-164.36376,60.87206],[-164.00707,60.86221],[-163.91332,60.89256],[-163.88667,60.92797],[-163.70409,60.99966],[-163.66967,60.99189],[-163.72509,60.93236],[-163.57946,60.91987],[-163.57844,60.8841],[-163.69762,60.86835],[-163.76594,60.88947],[-163.85285,60.88325],[-163.86152,60.85468],[-163.54365,60.81],[-163.42431,60.76472],[-163.42915,60.71699],[-163.4643,60.67658],[-163.64354,60.60155],[-163.79438,60.58417],[-163.83617,60.63955],[-163.80687,60.73493],[-163.83869,60.76903],[-163.95564,60.77985],[-164.01976,60.76655],[-164.10175,60.71817],[-164.13508,60.66372],[-164.25935,60.65327],[-164.21837,60.69017],[-164.26622,60.75235],[-164.27082,60.78791],[-164.41637,60.80012],[-164.46483,60.82054],[-164.66914,60.82575],[-164.69758,60.85468],[-164.64208,60.89989],[-164.66841,60.92178],[-164.84826,60.87165],[-164.98217,60.79633],[-165.03136,60.78701],[-164.99922,60.71137],[-165.11876,60.65864],[-165.24885,60.61465],[-165.31428,60.58088],[-165.3839,60.58104],[-165.43122,60.55305],[-165.36974,60.51211],[-165.22175,60.49901],[-165.16023,60.52196],[-165.01045,60.55451],[-164.97419,60.53364],[-165.024,60.46898],[-165.12157,60.45051],[-165.12914,60.43171],[-165.07152,60.38483],[-164.98896,60.34138],[-164.80883,60.30809],[-164.75349,60.2871],[-164.67329,60.3122],[-164.66112,60.26643],[-164.6147,60.23188],[-164.4853,60.18374],[-164.49519,60.15986],[-164.41267,60.09178],[-164.34813,60.06647],[-164.20055,60.03433],[-164.13646,59.99136],[-164.21227,59.95498],[-164.20478,59.9156],[-164.15986,59.86457],[-164.09834,59.83369],[-163.87715,59.79955],[-163.61494,59.80085],[-163.31648,59.83027],[-163.08764,59.85912],[-162.80797,59.94257],[-162.7528,59.96825],[-162.7517,60.00495],[-162.63976,59.98139],[-162.52583,59.9975],[-162.47553,60.07343],[-162.49323,60.13679],[-162.45381,60.17316],[-162.46919,60.2049],[-162.55842,60.23749],[-162.5537,60.2862],[-162.60835,60.32709],[-162.49787,60.36127],[-162.42894,60.43696],[-162.3061,60.53319],[-162.27632,60.61294],[-162.07226,60.66523],[-161.94494,60.685],[-161.96711,60.64566],[-162.06135,60.65103],[-162.22411,60.58784],[-162.22753,60.50898],[-162.30309,60.47085],[-162.3192,60.42259],[-162.39047,60.32947],[-162.45858,60.29509],[-162.34166,60.21898],[-162.37495,60.17634],[-162.31724,60.11306],[-162.23842,60.13562],[-162.24006,60.08979],[-162.20983,60.02546],[-162.15807,59.97651],[-162.10875,59.96516],[-162.08178,59.87788],[-161.99413,59.8111],[-161.88154,59.69717],[-161.85924,59.62812],[-161.71394,59.50137],[-161.80162,59.47919],[-161.8474,59.42219],[-161.9466,59.38776],[-161.9709,59.35391],[-161.96825,59.28083],[-162.02953,59.23013],[-161.97411,59.13142],[-161.89647,59.07539],[-161.84053,59.12055],[-161.72313,59.11579],[-161.64672,59.13935],[-161.57787,59.12051],[-161.614,59.08076],[-161.72517,59.0351],[-161.83471,59.00288],[-161.79955,58.98395],[-161.79067,58.89987],[-161.75862,58.82632],[-161.65559,58.80646],[-161.71738,58.75484],[-161.78624,58.75873],[-161.86542,58.71626],[-161.84284,58.69164],[-161.8911,58.65371],[-161.9903,58.6791],[-162.12178,58.66386],[-162.07717,58.62089],[-161.91284,58.63186],[-161.71019,58.614],[-161.66564,58.59081],[-161.56237,58.60203],[-161.48832,58.64039],[-161.36389,58.65965],[-161.35747,58.72625],[-161.29011,58.77045],[-161.1797,58.78273],[-160.99333,58.84669],[-160.96141,58.87325],[-160.88855,58.8841],[-160.82937,58.85265],[-160.7685,58.89643],[-160.66716,58.94764],[-160.35217,59.07066],[-160.25512,58.9903],[-160.25719,58.91193],[-160.15807,58.89932],[-160.13231,58.8664],[-160.04581,58.88259],[-159.99714,58.87409],[-159.99022,58.83999],[-159.91148,58.7758],[-159.79485,58.80028],[-159.80704,58.84466],[-159.72518,58.91044],[-159.61749,58.93132],[-159.58694,58.90746],[-159.63024,58.85272],[-159.55146,58.8474],[-159.38495,58.75582],[-159.11461,58.49006],[-159.07848,58.49112],[-159.05126,58.42471],[-158.93976,58.39807],[-158.82966,58.40477],[-158.70869,58.49226],[-158.77001,58.51846],[-158.85159,58.67709],[-158.8894,58.70629],[-158.91462,58.77538],[-158.82714,58.8194],[-158.80431,58.79466],[-158.89008,58.76362],[-158.82795,58.73627],[-158.78795,58.76976],[-158.79389,58.81635],[-158.76997,58.91108],[-158.72948,58.8736],[-158.6444,58.91128],[-158.57787,58.95917],[-158.52119,59.03734],[-158.45726,59.07587],[-158.31664,59.06245],[-158.1728,59.01301],[-158.38329,59.03856],[-158.49132,59.00153],[-158.42113,58.97712],[-158.49926,58.9488],[-158.48884,58.92251],[-158.56615,58.81949],[-158.54613,58.79926],[-158.40831,58.77009],[-158.34529,58.72407],[-158.31587,58.64655],[-158.26301,58.62352],[-158.15368,58.614],[-157.9781,58.64753],[-157.81418,58.68771],[-157.65746,58.73619],[-157.56818,58.74789],[-157.47521,58.79963],[-157.37312,58.82477],[-157.25447,58.84048],[-157.08446,58.88666],[-157.0349,58.95942],[-156.96129,58.96345],[-156.9886,58.89521],[-157.0255,58.86347],[-157.00227,58.83999],[-157.0688,58.77847],[-157.06188,58.72622],[-157.26728,58.62027],[-157.35859,58.54637],[-157.43615,58.52163],[-157.50268,58.46369],[-157.56208,58.36367],[-157.56847,58.32075],[-157.52904,58.25601],[-157.45747,58.22089],[-157.34752,58.2392],[-157.18708,58.2049],[-157.19432,58.19392],[-157.35546,58.20995],[-157.42744,58.17585],[-157.54353,58.17585],[-157.60554,58.10521],[-157.63667,57.90937],[-157.70881,57.72993],[-157.70458,57.63764],[-157.67195,57.61811],[-157.60216,57.62401],[-157.58727,57.56318],[-157.59752,57.50096],[-157.5139,57.50975],[-157.50939,57.47626],[-157.65673,57.48359],[-157.65278,57.50361],[-157.70966,57.56867],[-157.78661,57.5561],[-157.87279,57.51362],[-157.94074,57.49746],[-158.01708,57.42853],[-158.07966,57.39663],[-158.05809,57.36709],[-158.18269,57.36201],[-158.31245,57.31489],[-158.6079,57.10098],[-158.68212,57.02204],[-158.69489,56.96918],[-158.68908,56.88451],[-158.65282,56.83625],[-158.68147,56.78661],[-158.78075,56.77753],[-158.87365,56.79784],[-158.94502,56.84292],[-158.97606,56.78486],[-159.02489,56.79658],[-159.17528,56.76374],[-159.32457,56.67402],[-159.45637,56.62934],[-159.55891,56.62035],[-159.74572,56.57933],[-159.84773,56.54051],[-160.01704,56.44538],[-160.18871,56.38691],[-160.23729,56.33918],[-160.36872,56.27684],[-160.45556,56.17235],[-160.46259,56.11262],[-160.5681,56.00755],[-160.52074,55.93521],[-160.3192,55.86628],[-160.3192,55.82526],[-160.26769,55.77228],[-160.36913,55.78677],[-160.40119,55.81098],[-160.47627,55.80476],[-160.4796,55.85029],[-160.5122,55.86994],[-160.68871,55.86229],[-160.78453,55.88768],[-160.7567,55.78612],[-160.66609,55.74405],[-160.67573,55.70563],[-160.76814,55.75853],[-160.82038,55.73916],[-161.02339,55.89077],[-160.97932,55.93745],[-160.86046,55.93452],[-160.87413,55.99315],[-160.93236,55.9903],[-161.05329,55.94111],[-161.12422,55.96125],[-161.20686,55.95563],[-161.45771,55.95393],[-161.5255,55.93488],[-161.82628,55.87987],[-161.91295,55.83088],[-162.0926,55.76407],[-162.14904,55.72285],[-162.227,55.6979],[-162.55,55.45873],[-162.50426,55.44042],[-162.49104,55.38028],[-162.56676,55.34545],[-162.65331,55.36152],[-162.73701,55.31094],[-162.89635,55.26667],[-162.83369,55.2294],[-162.89582,55.18964],[-162.96203,55.16901],[-163.06294,55.17577],[-163.05171,55.21434],[-163.33454,55.11953],[-163.29914,55.06123],[-163.28136,54.94465],[-163.3476,54.94082],[-163.3271,54.88618],[-163.38976,54.85887],[-163.35741,54.81761],[-163.32079,54.81387],[-163.23143,54.84479],[-163.20039,54.87295],[-163.06257,54.92878],[-163.06725,54.97329],[-163.17475,55.0017],[-163.21764,55.04536],[-163.18305,55.13915],[-163.04113,55.09935],[-162.97435,55.00951],[-162.92085,54.95742],[-162.87763,54.93895],[-162.78295,54.93594],[-162.72383,54.97553],[-162.66718,55.05061],[-162.62141,55.03022],[-162.6455,54.99844],[-162.55993,54.96125],[-162.61213,55.0622],[-162.64277,55.07111],[-162.61412,55.16633],[-162.71833,55.21792],[-162.70674,55.25951],[-162.66828,55.29141],[-162.58332,55.30109],[-162.53095,55.24877],[-162.47997,55.17552],[-162.43639,55.14008],[-162.41649,55.09789],[-162.5174,55.11469],[-162.51155,55.0786],[-162.42272,55.03636],[-162.35106,55.04011],[-162.31969,55.07111],[-162.27477,55.0196],[-162.2021,55.03986],[-162.23095,55.11274],[-162.19274,55.14256],[-162.10578,55.08942],[-162.05903,55.0786],[-162.00129,55.09321],[-161.95661,55.12572],[-162.03234,55.17414],[-162.01801,55.23981],[-161.89452,55.24242],[-161.81709,55.31684],[-161.71642,55.39326],[-161.69652,55.49258],[-161.70836,55.52709],[-161.65217,55.56118],[-161.6208,55.61298],[-161.43879,55.63874],[-161.29186,55.59195],[-161.26122,55.56171],[-161.15925,55.5454],[-161.18261,55.52363],[-161.31664,55.5432],[-161.38874,55.57217],[-161.48192,55.48037],[-161.48799,55.4278],[-161.51842,55.38337],[-161.47911,55.36103],[-161.36872,55.38544],[-161.27916,55.35489],[-161.07209,55.40835],[-161.02497,55.42744],[-160.92455,55.51911],[-160.83178,55.51162],[-160.84858,55.47305],[-160.78258,55.44709],[-160.68342,55.46467],[-160.66185,55.50625],[-160.74096,55.52489],[-160.74177,55.54865],[-160.65742,55.55199],[-160.61347,55.60554],[-160.54853,55.48908],[-160.47753,55.49462],[-160.43517,55.57685],[-160.3664,55.61298],[-160.41942,55.65388],[-160.25719,55.64655],[-160.16405,55.65713],[-160.03087,55.73554],[-160.04365,55.79279],[-159.97313,55.77749],[-159.8568,55.79047],[-159.83039,55.85273],[-159.70185,55.84382],[-159.62523,55.81269],[-159.67797,55.75202],[-159.63337,55.70112],[-159.70971,55.66763],[-159.62474,55.64029],[-159.66133,55.60554],[-159.71129,55.61933],[-159.72106,55.56708],[-159.62654,55.57827],[-159.61986,55.61115],[-159.54943,55.66498],[-159.56444,55.70429],[-159.50365,55.76691],[-159.52526,55.83658],[-159.55891,55.87987],[-159.46955,55.90034],[-159.4757,55.83149],[-159.41633,55.80215],[-159.40062,55.85944],[-159.35591,55.87946],[-159.20165,55.89289],[-159.09931,55.92829],[-158.92829,55.92084],[-158.85945,56.01293],[-158.81538,55.99152],[-158.75654,56.00788],[-158.71203,55.95405],[-158.66759,55.96931],[-158.64708,56.01704],[-158.7154,56.03071],[-158.66633,56.06171],[-158.63459,56.12006],[-158.56456,56.16791],[-158.56591,56.19501],[-158.47887,56.18382],[-158.54406,56.15363],[-158.60192,56.08674],[-158.60094,56.04043],[-158.53364,56.00446],[-158.48363,56.03238],[-158.44164,56.13312],[-158.38239,56.13593],[-158.31831,56.17471],[-158.34887,56.22932],[-158.24775,56.25568],[-158.20824,56.28392],[-158.34545,56.32559],[-158.44164,56.31192],[-158.47297,56.34276],[-158.55085,56.30817],[-158.53722,56.24982],[-158.62011,56.25617],[-158.6328,56.29825],[-158.52355,56.36591],[-158.43102,56.43806],[-158.35505,56.47114],[-158.26159,56.45799],[-158.16633,56.45893],[-158.06798,56.51191],[-157.95653,56.48261],[-157.87715,56.47822],[-157.8369,56.51651],[-157.85883,56.56513],[-157.96361,56.56997],[-158.07502,56.53832],[-158.11876,56.56289],[-158.03327,56.5987],[-157.96553,56.61237],[-157.91344,56.65388],[-157.86156,56.65229],[-157.80419,56.67813],[-157.7508,56.67426],[-157.71544,56.63398],[-157.66466,56.6114],[-157.58381,56.63129],[-157.48265,56.62035],[-157.45519,56.64322],[-157.48579,56.67499],[-157.55785,56.68553],[-157.57343,56.71662],[-157.5091,56.76374],[-157.44734,56.7569],[-157.40425,56.77375],[-157.46589,56.84003],[-157.41967,56.86738],[-157.36543,56.85147],[-157.28685,56.8017],[-157.1894,56.77627],[-157.14782,56.81513],[-157.07844,56.8371],[-157.05036,56.87816],[-156.99608,56.9077],[-156.94087,56.91454],[-156.88935,56.95209],[-156.8415,56.904],[-156.80944,56.90668],[-156.76753,57.01179],[-156.72444,57.04279],[-156.68696,57.00397],[-156.57421,56.98322],[-156.56538,57.00454],[-156.64537,57.05858],[-156.50886,57.05174],[-156.48835,57.11384],[-156.37592,57.14326],[-156.34602,57.1778],[-156.44738,57.22993],[-156.35737,57.25214],[-156.34435,57.31184],[-156.39196,57.31485],[-156.53649,57.27912],[-156.55724,57.30561],[-156.47163,57.33979],[-156.33886,57.41543],[-156.22826,57.44221],[-156.16759,57.47362],[-156.06066,57.43024],[-156.02221,57.45645],[-156.05114,57.51789],[-155.97871,57.54792],[-155.81615,57.5725],[-155.74165,57.55207],[-155.7342,57.62714],[-155.7032,57.64826],[-155.61181,57.66584],[-155.58861,57.68964],[-155.63862,57.72647],[-155.60509,57.79222],[-155.43342,57.7458],[-155.3944,57.72574],[-155.31029,57.74042],[-155.33466,57.82648],[-155.22724,57.84211],[-155.25508,57.88032],[-155.13793,57.87311],[-155.06867,57.89737],[-155.12531,57.95673],[-155.06347,57.96239],[-155.02314,58.02558],[-154.88105,58.0312],[-154.78889,58.00389],[-154.69274,58.06892],[-154.64476,58.03547],[-154.58312,58.02497],[-154.54564,58.07111],[-154.57702,58.12572],[-154.46984,58.08983],[-154.44319,58.14448],[-154.38646,58.11762],[-154.34911,58.14509],[-154.28034,58.13304],[-154.23579,58.15534],[-154.22118,58.19139],[-154.16572,58.21678],[-154.20604,58.26756],[-154.12133,58.27973],[-154.17138,58.32176],[-154.28136,58.27416],[-154.35139,58.27139],[-154.30012,58.32038],[-154.19481,58.34658],[-154.08857,58.36075],[-154.00023,58.38557],[-154.06892,58.42219],[-154.09643,58.46772],[-154.08165,58.49519],[-153.96711,58.49112],[-153.89977,58.58625],[-153.8994,58.61669],[-153.69066,58.62157],[-153.59028,58.6586],[-153.43883,58.73359],[-153.40819,58.76114],[-153.37755,58.82905],[-153.33837,58.85505],[-153.33161,58.93378],[-153.38069,58.94066],[-153.41503,58.97403],[-153.49743,59.00349],[-153.5609,58.99071],[-153.62389,59.0113],[-153.71154,59.07075],[-153.89476,59.06562],[-154.02196,59.08393],[-154.08259,59.07331],[-154.14037,59.03116],[-154.18733,59.03498],[-154.19835,59.07697],[-154.17732,59.12979],[-154.23949,59.1516],[-154.14631,59.20254],[-154.14021,59.28168],[-154.02721,59.3417],[-154.07637,59.38117],[-153.94599,59.40229],[-153.8966,59.4322],[-153.75145,59.44025],[-153.72472,59.46605],[-153.79182,59.54291],[-153.62194,59.55524],[-153.58641,59.56745],[-153.57323,59.64216],[-153.47301,59.66234],[-153.44262,59.72748],[-153.35896,59.72077],[-153.42524,59.6555],[-153.31721,59.63882],[-153.16625,59.66401],[-153.05529,59.71015],[-153.00007,59.80036],[-153.01387,59.83234],[-153.15083,59.81965],[-153.27916,59.83234],[-153.22973,59.86848],[-153.02119,59.8889],[-152.85668,59.88207],[-152.7379,59.90839],[-152.66478,59.9947],[-152.61714,60.01927],[-152.5786,60.07014],[-152.59028,60.09223],[-152.6778,60.13337],[-152.69843,60.17011],[-152.86266,60.20771],[-152.80553,60.23509],[-152.67174,60.24519],[-152.61616,60.22427],[-152.53453,60.26569],[-152.41596,60.29776],[-152.36811,60.35786],[-152.24592,60.39598],[-152.31758,60.42056],[-152.34008,60.47614],[-152.2329,60.55988],[-152.10131,60.61384],[-152.05138,60.67316],[-151.93151,60.72529],[-151.84069,60.75113],[-151.77973,60.72407],[-151.71776,60.74307],[-151.80101,60.82832],[-151.79528,60.86896],[-151.74694,60.91682],[-151.68122,60.92866],[-151.56676,60.99453],[-151.43781,61.01984],[-151.36237,61.01236],[-151.15477,61.06444],[-151.0609,61.16328],[-150.94774,61.21101],[-150.89155,61.2143],[-150.73091,61.25397],[-150.63362,61.29865],[-150.54174,61.28657],[-150.45055,61.25259],[-150.28051,61.25996],[-149.98375,61.24632],[-149.92785,61.28929],[-149.911,61.35269],[-149.86189,61.39594],[-149.75739,61.45336],[-149.64867,61.48819],[-149.42817,61.51317],[-149.32002,61.47915],[-149.65571,61.409],[-149.73058,61.35187],[-149.79674,61.33902],[-149.86889,61.28254],[-149.89598,61.23208],[-149.97594,61.19847],[-150.01561,61.20637],[-150.06733,61.15575],[-149.78315,61.04536],[-149.61799,60.99462],[-149.48371,60.98241],[-149.33405,60.93033],[-149.22505,60.95087],[-149.11164,60.92862],[-149.06086,60.89728],[-149.12609,60.88361],[-149.46727,60.91991],[-149.52611,60.93724],[-149.62169,60.93724],[-149.75292,60.97382],[-149.82405,60.97822],[-150.04377,60.91682],[-150.22529,60.93724],[-150.29389,60.96727],[-150.33483,61.03286],[-150.38703,61.04727],[-150.4525,61.03425],[-150.76325,60.9267],[-151.07148,60.78535],[-151.253,60.77534],[-151.3238,60.73908],[-151.41731,60.71817],[-151.35497,60.63964],[-151.32177,60.57416],[-151.28279,60.53706],[-151.30598,60.38695],[-151.39025,60.35944],[-151.40327,60.25243],[-151.46544,60.18769],[-151.70604,60.04169],[-151.88288,59.78653],[-151.83137,59.71621],[-151.74694,59.68285],[-151.4726,59.63569],[-151.10912,59.78653],[-151.02351,59.79556],[-150.99279,59.77904],[-151.09895,59.72069],[-151.14179,59.67036],[-151.18456,59.6555],[-151.19477,59.5976],[-151.25886,59.59614],[-151.2733,59.55996],[-151.36274,59.55996],[-151.44148,59.53221],[-151.44042,59.49364],[-151.65184,59.48591],[-151.71825,59.45087],[-151.80773,59.44383],[-151.89403,59.41283],[-151.8966,59.35957],[-151.98583,59.31293],[-151.97716,59.27936],[-151.88716,59.24836],[-151.84028,59.21345],[-151.76338,59.22419],[-151.74153,59.16714],[-151.5681,59.17577],[-151.48908,59.19965],[-151.50129,59.23469],[-151.39684,59.25829],[-151.29442,59.22419],[-151.16161,59.20771],[-151.11034,59.21894],[-151.09248,59.2851],[-150.99804,59.27265],[-150.96589,59.23444],[-150.89196,59.25751],[-150.91767,59.32657],[-150.86388,59.33552],[-150.75463,59.38239],[-150.72863,59.42219],[-150.65307,59.4239],[-150.58051,59.48192],[-150.65697,59.55248],[-150.5301,59.60187],[-150.55333,59.53571],[-150.4652,59.49445],[-150.39318,59.57673],[-150.27339,59.64936],[-150.30346,59.56989],[-150.3448,59.55557],[-150.38325,59.49787],[-150.32624,59.47598],[-150.25678,59.52611],[-150.1772,59.53205],[-150.19945,59.56883],[-150.1103,59.58002],[-150.09313,59.66206],[-150.0312,59.63711],[-149.95747,59.66983],[-149.91649,59.7176],[-150.04064,59.77562],[-150.01867,59.79853],[-149.91991,59.77904],[-149.87182,59.74152],[-149.80724,59.7176],[-149.81395,59.69302],[-149.74608,59.66718],[-149.76911,59.78653],[-149.84113,59.83519],[-149.76594,59.83967],[-149.7386,59.89086],[-149.74083,59.94847],[-149.67028,59.93985],[-149.62788,59.82832],[-149.57685,59.89761],[-149.51244,59.93732],[-149.45263,59.94505],[-149.44416,59.97769],[-149.3889,59.9975],[-149.44074,60.04971],[-149.42988,60.11481],[-149.35411,60.09097],[-149.34113,60.02241],[-149.29951,59.97427],[-149.29308,59.88764],[-149.23127,59.9156],[-149.19274,60.01411],[-149.13476,60.04751],[-149.03881,60.0528],[-149.12141,59.99136],[-149.10688,59.96898],[-149.01899,59.98452],[-148.92601,59.9715],[-148.87499,59.93732],[-148.7589,59.96406],[-148.66523,59.9558],[-148.64558,59.92316],[-148.56176,59.9571],[-148.53441,60.01313],[-148.47094,59.97089],[-148.40197,59.99136],[-148.44298,60.02546],[-148.38793,60.0585],[-148.33312,60.17011],[-148.27863,60.12727],[-148.16491,60.14908],[-148.10835,60.20112],[-148.14131,60.23216],[-148.20409,60.22016],[-148.26484,60.23216],[-148.38154,60.21723],[-148.33874,60.26244],[-148.27624,60.27961],[-148.16979,60.35285],[-148.08735,60.39598],[-148.0124,60.41071],[-147.94188,60.44306],[-147.95694,60.49844],[-148.08361,60.60489],[-148.19591,60.55451],[-148.2766,60.49494],[-148.4702,60.54621],[-148.6153,60.48575],[-148.65587,60.49844],[-148.48847,60.58222],[-148.41645,60.55923],[-148.31526,60.54971],[-148.24812,60.6083],[-148.20629,60.62055],[-148.21019,60.66291],[-148.24499,60.6977],[-148.26464,60.76081],[-148.39582,60.65668],[-148.40197,60.725],[-148.36107,60.74482],[-148.43305,60.77961],[-148.57893,60.73579],[-148.5832,60.71235],[-148.66747,60.67451],[-148.65087,60.73737],[-148.57836,60.78172],[-148.58637,60.83047],[-148.45726,60.84101],[-148.39582,60.86156],[-148.3072,60.85273],[-148.30647,60.8957],[-148.17235,61.02326],[-148.17772,61.07661],[-148.31383,61.04027],[-148.30516,61.07709],[-148.16015,61.11469],[-148.08625,61.0314],[-148.02098,61.03742],[-147.96377,61.11473],[-147.90868,61.16014],[-147.83348,61.19758],[-147.74804,61.27607],[-147.72322,61.25593],[-147.76521,61.21845],[-147.75772,61.19111],[-147.91808,61.09431],[-147.95694,61.01236],[-148.0504,60.95014],[-147.9381,60.90876],[-147.87019,60.83771],[-147.79556,60.82738],[-147.75137,60.84504],[-147.81298,60.8758],[-147.79247,60.91682],[-147.68196,60.86469],[-147.59679,60.88569],[-147.60383,60.96117],[-147.63418,60.9748],[-147.55972,61.11164],[-147.484,61.0738],[-147.53246,61.05394],[-147.54548,60.98566],[-147.50976,60.92573],[-147.36461,60.89126],[-147.25731,60.93789],[-147.28751,60.98493],[-147.2071,60.97598],[-147.10066,61.01529],[-146.97883,60.99873],[-147.03156,60.95771],[-146.94872,60.94965],[-146.87133,60.98518],[-146.81554,61.03181],[-146.72057,61.06489],[-146.58585,61.13646],[-146.32579,61.13646],[-146.23644,61.09431],[-146.28376,61.08145],[-146.55687,61.08592],[-146.56542,61.04654],[-146.67276,61.0327],[-146.69982,60.97687],[-146.75328,60.95502],[-146.6835,60.87983],[-146.5546,60.84545],[-146.51146,60.81859],[-146.38728,60.84789],[-146.31725,60.83674],[-146.25377,60.88573],[-146.19547,60.85468],[-146.26285,60.81086],[-146.34333,60.78889],[-146.56261,60.75096],[-146.69571,60.74482],[-146.64419,60.6977],[-146.54992,60.7014],[-146.48229,60.68696],[-146.31212,60.74482],[-146.22248,60.75576],[-146.14086,60.74482],[-146.1173,60.72138],[-146.26317,60.65371],[-146.19774,60.63654],[-145.9143,60.70393],[-146.00365,60.63565],[-145.92577,60.64521],[-145.88223,60.68623],[-145.82421,60.66486],[-145.84459,60.62104],[-145.69176,60.65668],[-145.6813,60.6081],[-145.7718,60.54243],[-145.93875,60.45607],[-145.86606,60.44766],[-145.73162,60.46528],[-145.57258,60.45112],[-145.50402,60.43081],[-145.48229,60.39598],[-145.38915,60.36254],[-145.30525,60.35578],[-145.23591,60.36811],[-145.16348,60.41714],[-145.114,60.42943],[-145.01952,60.52644],[-144.89322,60.56733],[-144.85586,60.62206],[-144.80329,60.63532],[-144.75609,60.68403],[-144.61604,60.71394],[-144.6612,60.6601],[-144.74645,60.67658],[-144.76846,60.62515],[-144.80923,60.60334],[-144.83178,60.52578],[-144.87906,60.49592],[-144.79084,60.46491],[-144.91454,60.38117],[-144.88964,60.35025],[-144.94164,60.30663],[-144.78405,60.30598],[-144.69465,60.27253],[-144.64,60.21723],[-144.57112,60.19062],[-144.49071,60.21625],[-144.44856,60.17634],[-144.34756,60.20112],[-144.19054,60.18659],[-144.20547,60.14517],[-144.05077,60.07966],[-144.00255,60.03974],[-143.91861,59.99702],[-143.86319,60.00039],[-143.60961,60.04947],[-143.46394,60.0528],[-143.19579,60.06769],[-142.79849,60.11237],[-142.63964,60.10244],[-142.48742,60.07591],[-142.19774,60.0528],[-142.10416,60.03531],[-141.96911,60.02814],[-141.73265,59.96312],[-141.61388,59.96906],[-141.38589,60.03482],[-141.45507,60.07844],[-141.47761,60.11107],[-141.44351,60.13569],[-141.30504,60.08633],[-141.26159,60.01179],[-141.27526,59.94355],[-141.4132,59.89997],[-141.42854,59.87214],[-141.27416,59.84919],[-141.00984,59.79043],[-140.86315,59.74555],[-140.61701,59.70848],[-140.32274,59.70124],[-140.13707,59.73994],[-139.95824,59.79462],[-139.84903,59.8194],[-139.70596,59.92178],[-139.58483,59.95506],[-139.57994,60.00731],[-139.50723,60.04654],[-139.46207,60.01179],[-139.39025,59.99136],[-139.21874,59.87104],[-139.02831,59.86152],[-139.03637,59.84687],[-139.17369,59.85082],[-139.26464,59.84162],[-139.26334,59.78579],[-139.34203,59.7204],[-139.34309,59.78653],[-139.30516,59.86469],[-139.371,59.92988],[-139.47322,59.9936],[-139.52184,59.951],[-139.62108,59.89029],[-139.56208,59.77237],[-139.47338,59.7176],[-139.57921,59.63959],[-139.57579,59.61457],[-139.65758,59.57551],[-139.76578,59.54784],[-139.857,59.54629],[-139.46312,59.41242],[-139.38638,59.41511],[-139.38915,59.38227],[-139.3037,59.35053],[-139.24006,59.38117],[-139.20588,59.31977],[-138.98168,59.27485],[-138.65363,59.16397],[-138.44909,59.19164],[-138.50695,59.1247],[-138.36978,59.10126],[-138.36266,59.07978],[-138.28116,59.06241],[-138.18488,59.02558],[-137.98436,58.91999],[-137.92418,58.8474],[-137.93098,58.80305],[-137.86962,58.76577],[-137.70474,58.68635],[-137.64297,58.63451],[-137.47911,58.68293],[-137.49962,58.64814],[-137.55427,58.62084],[-137.51854,58.56477],[-137.47143,58.55439],[-137.32189,58.48066],[-137.19791,58.44269],[-137.13142,58.40131],[-137.07836,58.39326],[-136.97936,58.40689],[-136.84752,58.37275],[-136.82624,58.319],[-136.71141,58.26887],[-136.69083,58.23041],[-136.59838,58.22305],[-136.5607,58.27131],[-136.65673,58.33967],[-136.58471,58.35708],[-136.49283,58.31444],[-136.43419,58.31916],[-136.37059,58.29955],[-136.36571,58.35236],[-136.41006,58.37934],[-136.50031,58.38508],[-136.45905,58.4169],[-136.27245,58.35961],[-136.27282,58.31297],[-136.07628,58.34561],[-136.02672,58.38813],[-136.08068,58.47956],[-136.13191,58.51952],[-136.12824,58.57075],[-136.17756,58.57307],[-136.18318,58.614],[-136.28051,58.66022],[-136.35192,58.6385],[-136.3426,58.69156],[-136.38386,58.72508],[-136.49185,58.74921],[-136.51968,58.74095],[-136.64989,58.82005],[-136.61486,58.82543],[-136.54747,58.77912],[-136.48477,58.79963],[-136.58755,58.84833],[-136.64306,58.83979],[-136.75886,58.87279],[-136.81778,58.87067],[-136.89586,58.8924],[-136.9947,58.89338],[-137.01301,58.92251],[-136.91796,58.92007],[-136.91124,58.95433],[-137.00805,59.02172],[-137.01301,59.0528],[-136.82738,58.95669],[-136.63345,58.89179],[-136.51081,58.94257],[-136.47521,58.83658],[-136.26911,58.76415],[-136.20971,58.7508],[-136.15953,58.76826],[-136.10863,58.83316],[-136.10119,58.91572],[-136.03295,58.92251],[-136.04654,58.86103],[-135.94359,58.89204],[-135.93545,58.91625],[-135.79808,58.91267],[-135.75862,58.88837],[-135.96312,58.86205],[-136.06029,58.82591],[-136.03209,58.77188],[-135.96402,58.71646],[-135.88695,58.61254],[-135.88956,58.5799],[-135.84113,58.52839],[-135.90319,58.47748],[-135.88671,58.37938],[-135.67658,58.40668],[-135.62751,58.42626],[-135.50707,58.38068],[-135.46443,58.41169],[-135.41592,58.39497],[-135.38158,58.31094],[-135.30956,58.25214],[-135.14562,58.21678],[-135.08967,58.24421],[-135.09325,58.29523],[-135.05285,58.30927],[-135.05728,58.35155],[-135.09968,58.44379],[-135.22619,58.61229],[-135.16845,58.64574],[-135.22997,58.71524],[-135.23103,58.77167],[-135.33064,58.87783],[-135.3282,58.91975],[-135.38581,58.95433],[-135.38834,59.03783],[-135.37499,59.08698],[-135.43643,59.128],[-135.48485,59.18317],[-135.47045,59.22549],[-135.3955,59.18317],[-135.36075,59.11376],[-135.307,59.11107],[-135.35953,59.21377],[-135.42626,59.2416],[-135.46703,59.30573],[-135.40111,59.31989],[-135.35949,59.45698],[-135.33169,59.45157],[-135.36754,59.31293],[-135.36181,59.27082],[-135.27257,59.18317],[-135.2296,59.12588],[-135.20368,59.03238],[-135.1669,58.99079],[-135.16128,58.94331],[-135.12857,58.89521],[-135.14362,58.83389],[-135.05215,58.75239],[-134.9982,58.82005],[-134.94612,58.79975],[-134.92585,58.75495],[-134.94054,58.71613],[-134.92077,58.67829],[-134.97566,58.65892],[-134.82697,58.51097],[-134.78287,58.49307],[-134.76732,58.40034],[-134.73477,58.37377],[-134.65445,58.38642],[-134.59732,58.36547],[-134.49795,58.35395],[-134.24161,58.2143],[-134.15787,58.20429],[-134.11286,58.23208],[-134.14712,58.28498],[-134.12507,58.31867],[-134.06314,58.35025],[-134.05036,58.42609],[-133.97468,58.4499],[-133.97663,58.50483],[-133.92007,58.49755],[-133.96296,58.42219],[-134.00451,58.4086],[-133.98241,58.31562],[-134.0677,58.27888],[-134.05704,58.23998],[-134.08707,58.18659],[-134.05972,58.07217],[-133.91845,57.98566],[-133.86437,57.98697],[-133.75548,58.0301],[-133.66934,58.01752],[-133.73762,57.95673],[-133.77489,57.98884],[-133.86115,57.95673],[-133.68635,57.79072],[-133.63459,57.80524],[-133.64013,57.86791],[-133.55431,57.92943],[-133.20629,57.89468],[-133.34313,57.88475],[-133.39855,57.90396],[-133.55199,57.91511],[-133.55232,57.7923],[-133.52892,57.75092],[-133.41759,57.71939],[-133.36026,57.68236],[-133.18273,57.62377],[-133.21044,57.58894],[-133.44221,57.66812],[-133.49499,57.67207],[-133.57286,57.71605],[-133.64826,57.70283],[-133.6588,57.62092],[-133.60509,57.57929],[-133.43904,57.56949],[-133.49743,57.53156],[-133.5004,57.47602],[-133.43741,57.42353],[-133.33593,57.43818],[-133.33975,57.41177],[-133.45645,57.38076],[-133.39147,57.33515],[-133.2237,57.31928],[-133.25479,57.28107],[-133.44221,57.28449],[-133.4851,57.277],[-133.48864,57.22089],[-133.55199,57.18146],[-133.3636,57.12836],[-133.31701,57.10248],[-133.26647,57.11319],[-133.24413,57.16844],[-133.12108,57.14427],[-133.16519,57.08601],[-133.09301,57.08649],[-132.98351,57.04491],[-132.87768,57.02131],[-132.8098,57.05565],[-132.76769,56.96967],[-132.84105,56.96772],[-132.86042,56.91885],[-132.79092,56.88544],[-132.76138,56.84577],[-132.67321,56.8028],[-132.47948,56.74283],[-132.53099,56.70856],[-132.46874,56.69188],[-132.55004,56.63898],[-132.47688,56.60448],[-132.30504,56.6402],[-132.35021,56.57941],[-132.34972,56.53693],[-132.28401,56.49348],[-132.20328,56.47126],[-132.16104,56.38019],[-132.06066,56.38101],[-131.9713,56.35643],[-131.95934,56.2945],[-131.90783,56.23273],[-131.87682,56.22309],[-131.68871,56.2163],[-131.69839,56.19623],[-131.81379,56.19599],[-131.96304,56.15738],[-131.96304,56.07168],[-131.94351,56.0069],[-131.96837,55.95869],[-132.05687,55.94453],[-132.03604,55.89379],[-132.08601,55.84577],[-132.0736,55.8028],[-132.16885,55.80231],[-132.1822,55.77684],[-132.26155,55.73965],[-132.2119,55.69807],[-132.17162,55.58853],[-132.13463,55.56517],[-131.96141,55.50104],[-131.92369,55.54727],[-131.93627,55.59809],[-131.88732,55.61921],[-131.82771,55.66787],[-131.82527,55.72549],[-131.79052,55.74274],[-131.76382,55.79735],[-131.77794,55.82539],[-131.8933,55.85537],[-131.81737,55.883],[-131.73591,55.88671],[-131.63817,55.93],[-131.56412,55.94701],[-131.49633,55.98973],[-131.41438,56.0102],[-131.34187,55.96092],[-131.29027,55.98835],[-131.19225,56.01455],[-131.10652,56.07168],[-131.04442,56.05805],[-131.18493,55.98672],[-131.16519,55.94058],[-131.06151,55.87678],[-131.01342,55.81843],[-130.88988,55.71528],[-130.9073,55.68187],[-130.87316,55.62295],[-130.86632,55.55028],[-130.88679,55.45161],[-130.87316,55.34203],[-130.83385,55.30439],[-130.72631,55.31464],[-130.6704,55.34992],[-130.63215,55.291],[-130.9383,55.2871],[-130.95848,55.25609],[-131.05761,55.19868],[-131.06493,55.14346],[-130.99665,55.0854],[-130.89021,55.10529],[-130.81111,55.14688],[-130.79751,55.10847],[-130.85416,55.1031],[-130.9497,55.0738],[-131.00967,55.00536],[-130.93269,54.94017],[-130.95519,54.90937],[-130.93342,54.88019],[-130.93423,54.82445],[-130.86632,54.77318],[-130.80663,54.77875],[-130.77693,54.83153],[-130.73404,54.84309],[-130.67785,54.81452],[-130.60652,54.83861],[-130.58031,54.80638],[-130.48876,54.84418],[-130.36539,54.90729],[-130.29434,54.97187],[-130.26985,55.01655],[-130.22887,55.04385],[-130.20027,55.10415],[-130.07824,55.23379],[-129.98925,55.284],[-130.0393,55.33076],[-130.05256,55.41401],[-130.14696,55.54719],[-130.15315,55.58511],[-130.12645,55.654],[-130.17365,55.7495],[-130.14883,55.79536],[-130.02282,55.90135],[-130.01901,56.00222],[-130.07154,56.08412],[-130.11676,56.10565],[-130.21125,56.08996],[-130.40397,56.1219],[-130.45805,56.21065],[-130.49552,56.23243],[-130.64577,56.26194],[-130.76033,56.34519],[-130.83909,56.37245],[-131.01693,56.38705],[-131.10055,56.40767],[-131.58589,56.59505],[-131.69229,56.58507],[-131.79911,56.58766],[-131.8321,56.60337],[-131.83898,56.68228],[-131.88797,56.74796],[-131.87156,56.79346],[-132.10738,56.85875],[-132.03186,57.02841],[-132.34122,57.08039],[-132.23099,57.19682],[-132.3623,57.3457],[-132.55245,57.49908],[-132.91715,57.8805],[-133.07515,58.00788],[-133.16559,58.14731],[-133.37457,58.29097],[-133.43012,58.3721],[-133.39224,58.40388],[-133.46309,58.46222],[-133.62628,58.5464],[-133.70008,58.59937],[-133.7964,58.69342],[-133.87123,58.7359],[-134.22219,58.84271],[-134.31694,58.9038],[-134.34342,58.96886],[-134.39939,58.97495],[-134.39802,59.05195],[-134.47757,59.11495],[-134.55672,59.12306],[-134.66038,59.1813],[-134.70552,59.24011],[-134.93243,59.27065],[-135.0162,59.33617],[-134.99325,59.38191],[-135.09575,59.41886],[-135.02325,59.47715],[-135.0162,59.54345],[-135.08787,59.60654],[-135.15779,59.62329],[-135.25988,59.69822],[-135.40439,59.75331],[-135.48276,59.79248],[-135.92382,59.66675],[-136.2585,59.62158],[-136.35033,59.59238],[-136.25847,59.55611],[-136.24473,59.5282],[-136.27504,59.48645],[-136.36684,59.44955],[-136.46756,59.46164],[-136.46655,59.2878],[-136.48479,59.2538],[-136.56949,59.17215],[-136.61349,59.15422],[-136.7855,59.15722],[-136.84082,59.14817],[-137.2819,58.98715],[-137.42311,58.90772],[-137.48687,58.90008],[-137.50775,58.93997],[-137.48439,58.9919],[-137.58209,59.20657],[-137.61136,59.23933],[-138.21954,59.556],[-138.59921,59.75382],[-138.65435,59.8055],[-138.6921,59.88689],[-138.74259,59.91319],[-139.00376,59.97722],[-139.05161,59.99489],[-139.18215,60.07339],[-139.18323,60.10016],[-139.07319,60.29984],[-139.10161,60.3466],[-139.62835,60.3341],[-139.72842,60.30903],[-139.91693,60.20785],[-140.01579,60.18739],[-140.42411,60.29317],[-140.46279,60.28914],[-140.53374,60.21855],[-140.97955,60.2958],[-141.00116,60.32107],[-141.00136,60.75841],[-141.00159,61.19583],[-141.00183,61.63309],[-141.00206,62.21623],[-141.00229,62.65359],[-141.00253,63.09088],[-141.0026,63.38249],[-141.00291,63.9655],[-141.00315,64.54867],[-141.00338,64.98601],[-141.00364,65.56918],[-141.00392,66.15227],[-141.00415,66.58958],[-141.00439,67.17272],[-141.0047,67.75581],[-141.00477,68.04742],[-141.00508,68.63049],[-141.00532,69.21361],[-141.00556,69.65095]]],[[[-132.64769,54.81786],[-132.6293,54.904],[-132.70979,54.94082],[-132.77807,54.93456],[-132.79406,54.90192],[-132.77196,54.86225],[-132.72741,54.8404],[-132.68179,54.78376],[-132.64769,54.81786]]],[[[-131.24372,54.93456],[-131.24372,54.9892],[-131.33019,54.96137],[-131.45157,54.95441],[-131.44172,54.92032],[-131.33117,54.86123],[-131.2032,54.9007],[-131.24372,54.93456]]],[[[-132.82649,55.05439],[-132.87365,55.03636],[-132.75072,54.99543],[-132.6682,55.05069],[-132.72277,55.13321],[-132.82266,55.1905],[-132.86742,55.16055],[-132.85656,55.09907],[-132.79914,55.0854],[-132.82649,55.05439]]],[[[-132.70295,54.70124],[-132.75756,54.74217],[-132.72248,54.77656],[-132.7626,54.82445],[-132.82649,54.84455],[-132.88728,54.93456],[-132.94249,54.94819],[-132.95759,55.02334],[-132.99714,55.06428],[-133.08654,55.09223],[-132.99714,55.12572],[-133.06542,55.1503],[-133.06676,55.20091],[-133.10424,55.21158],[-133.12141,55.25129],[-133.194,55.22224],[-133.15477,55.19465],[-133.16845,55.15371],[-133.21687,55.09907],[-133.20324,55.05805],[-133.13484,54.9975],[-133.1328,54.94335],[-133.06456,54.94709],[-133.0371,54.87739],[-132.98038,54.83153],[-132.9217,54.8452],[-132.93806,54.78775],[-132.85619,54.7447],[-132.84288,54.69379],[-132.70295,54.70124]]],[[[-131.47956,55.00629],[-131.40429,55.0113],[-131.34553,55.05805],[-131.35228,55.12263],[-131.39558,55.2154],[-131.45128,55.22378],[-131.53124,55.27424],[-131.58129,55.25336],[-131.58654,55.21866],[-131.53148,55.15176],[-131.58287,55.12556],[-131.58104,55.09007],[-131.6245,55.0174],[-131.583,54.99535],[-131.53112,55.03022],[-131.47956,55.00629]]],[[[-133.29137,55.26293],[-133.28527,55.31794],[-133.3181,55.33906],[-133.43224,55.31444],[-133.44563,55.22915],[-133.30655,55.20311],[-133.24014,55.22036],[-133.20938,55.27041],[-133.29137,55.26293]]],[[[-131.81847,55.41376],[-131.84952,55.41608],[-131.85318,55.30048],[-131.81778,55.19798],[-131.74332,55.14273],[-131.6361,55.2993],[-131.69652,55.34345],[-131.81847,55.41376]]],[[[-133.44961,55.40693],[-133.58056,55.42622],[-133.65567,55.37279],[-133.62145,55.35419],[-133.66539,55.32339],[-133.6363,55.25316],[-133.59431,55.24299],[-133.56518,55.31981],[-133.50536,55.36445],[-133.44221,55.38028],[-133.44961,55.40693]]],[[[-133.5384,55.48265],[-133.60045,55.4479],[-133.49478,55.42951],[-133.42809,55.44652],[-133.43175,55.49653],[-133.51769,55.51484],[-133.5384,55.48265]]],[[[-133.34659,55.4479],[-133.27343,55.50031],[-133.27208,55.53046],[-133.32445,55.55695],[-133.39061,55.5572],[-133.43318,55.52798],[-133.34659,55.4479]]],[[[-133.60387,55.48945],[-133.58678,55.54414],[-133.70287,55.55777],[-133.70962,55.46581],[-133.65197,55.4479],[-133.60387,55.48945]]],[[[-133.30565,55.79735],[-133.35167,55.78779],[-133.46695,55.79047],[-133.50451,55.8229],[-133.68236,55.79047],[-133.62385,55.72948],[-133.5421,55.69489],[-133.48717,55.70673],[-133.50381,55.76618],[-133.41788,55.73847],[-133.31005,55.78221],[-133.30565,55.79735]]],[[[-133.28515,55.90717],[-133.33975,55.84577],[-133.28335,55.79597],[-133.23591,55.78571],[-133.21687,55.86628],[-133.25406,55.8642],[-133.28515,55.90717]]],[[[-155.65233,55.88666],[-155.66342,55.85601],[-155.74165,55.83149],[-155.71869,55.77485],[-155.59726,55.76043],[-155.55724,55.80048],[-155.57038,55.852],[-155.5561,55.91462],[-155.63532,55.90575],[-155.65233,55.88666]]],[[[-134.17927,55.91462],[-134.29869,55.9265],[-134.33479,55.89509],[-134.31843,55.83381],[-134.25841,55.81843],[-134.19595,55.87336],[-134.17927,55.91462]]],[[[-133.9195,55.92084],[-133.91267,55.86278],[-133.87165,55.84675],[-133.83218,55.90058],[-133.85603,55.94229],[-133.9195,55.92084]]],[[[-130.9619,55.58511],[-130.9383,55.65152],[-130.96874,55.70112],[-131.04613,55.76659],[-131.04442,55.79047],[-131.17955,55.92353],[-131.28026,55.96516],[-131.40416,55.92829],[-131.44685,55.93545],[-131.51574,55.90961],[-131.57885,55.90717],[-131.53449,55.852],[-131.67064,55.8395],[-131.67846,55.79922],[-131.6293,55.76773],[-131.70922,55.73965],[-131.68688,55.68391],[-131.70743,55.62963],[-131.61978,55.59528],[-131.65054,55.55028],[-131.81029,55.47663],[-131.78661,55.42731],[-131.66153,55.34321],[-131.57311,55.30524],[-131.50886,55.31171],[-131.46569,55.37226],[-131.51618,55.46003],[-131.489,55.51179],[-131.42125,55.53046],[-131.46898,55.45869],[-131.46215,55.42744],[-131.39452,55.36595],[-131.32543,55.44676],[-131.27074,55.44733],[-131.32966,55.38142],[-131.36644,55.37108],[-131.38223,55.32941],[-131.45474,55.31135],[-131.45055,55.2779],[-131.40416,55.26293],[-131.29833,55.27656],[-131.26382,55.30939],[-131.28307,55.37108],[-131.19542,55.38736],[-131.21573,55.31757],[-131.25626,55.27058],[-131.31139,55.23558],[-131.19201,55.18574],[-131.1376,55.23139],[-131.06518,55.26105],[-131.01838,55.35432],[-131.03099,55.40046],[-130.96715,55.42377],[-130.98302,55.46528],[-130.97557,55.57201],[-130.9619,55.58511]]],[[[-133.60729,56.07852],[-133.68098,56.06916],[-133.6892,56.04377],[-133.77107,55.98046],[-133.79491,55.94359],[-133.75813,55.92084],[-133.63097,55.91865],[-133.58975,55.95576],[-133.51789,55.98233],[-133.47033,56.01728],[-133.3955,56.02635],[-133.33975,55.99657],[-133.29955,56.01203],[-133.30883,56.10301],[-133.28515,56.13312],[-133.39269,56.16047],[-133.50797,56.11945],[-133.61701,56.13154],[-133.60729,56.07852]]],[[[-132.54841,56.30443],[-132.60334,56.23615],[-132.68139,56.22919],[-132.70499,56.11742],[-132.64542,56.05809],[-132.59386,56.08658],[-132.55895,56.07168],[-132.44909,56.06485],[-132.46207,56.03669],[-132.3876,56.03071],[-132.42858,55.96931],[-132.30337,55.91535],[-132.12263,55.9455],[-132.16788,56.05122],[-132.16356,56.07477],[-132.09219,56.10643],[-132.19213,56.17658],[-132.29137,56.18838],[-132.35945,56.21792],[-132.38532,56.33218],[-132.42748,56.3522],[-132.52115,56.34321],[-132.54841,56.30443]]],[[[-131.97672,54.83153],[-131.96862,54.8535],[-132.0454,54.88719],[-131.97606,54.90815],[-131.97672,54.99543],[-131.99682,55.03449],[-132.13459,54.97016],[-132.20885,55.00263],[-132.07689,55.04877],[-131.97598,55.17695],[-131.96931,55.2049],[-131.99429,55.26813],[-132.05069,55.25894],[-132.11388,55.20148],[-132.23632,55.24494],[-132.14818,55.2486],[-132.09073,55.2768],[-132.14395,55.32502],[-132.1549,55.36595],[-132.201,55.36921],[-132.25011,55.41376],[-132.32461,55.40599],[-132.36091,55.38325],[-132.41153,55.41376],[-132.32409,55.44709],[-132.40127,55.51679],[-132.51911,55.50666],[-132.55525,55.46841],[-132.61701,55.45751],[-132.65982,55.47565],[-132.562,55.50625],[-132.51452,55.54719],[-132.53099,55.5987],[-132.49104,55.60371],[-132.4348,55.55028],[-132.33385,55.53229],[-132.25048,55.50312],[-132.17321,55.45283],[-132.15758,55.49673],[-132.21483,55.5312],[-132.28771,55.5373],[-132.33922,55.60554],[-132.34667,55.64313],[-132.39371,55.6684],[-132.46272,55.66763],[-132.44909,55.72285],[-132.46272,55.77684],[-132.53173,55.84854],[-132.67097,55.94213],[-132.73644,55.99657],[-132.84244,56.03905],[-132.89586,56.02546],[-132.91853,56.0659],[-133.06281,56.05231],[-133.14049,56.11945],[-133.07286,56.11262],[-133.04629,56.15424],[-133.05386,56.23444],[-133.14061,56.2663],[-133.13931,56.29902],[-133.18212,56.33234],[-133.2941,56.31379],[-133.34154,56.33344],[-133.43908,56.33234],[-133.58678,56.35285],[-133.56631,56.30443],[-133.61962,56.2895],[-133.61217,56.21235],[-133.57311,56.18496],[-133.4903,56.19147],[-133.4254,56.16791],[-133.28551,56.16739],[-133.26464,56.14741],[-133.27912,56.0764],[-133.25023,56.05598],[-133.23176,55.97036],[-133.25976,55.9453],[-133.23672,55.90034],[-133.17504,55.86567],[-133.14794,55.81843],[-133.21398,55.78335],[-133.23668,55.74506],[-133.30565,55.76386],[-133.32396,55.7093],[-133.38524,55.7093],[-133.38817,55.65021],[-133.35704,55.6162],[-133.25129,55.58478],[-133.2036,55.5869],[-133.0631,55.62348],[-133.07286,55.57827],[-133.12487,55.50218],[-133.107,55.46214],[-133.0467,55.43708],[-133.02872,55.40058],[-132.95617,55.37279],[-133.01773,55.35033],[-133.06066,55.3686],[-133.1787,55.38642],[-133.22989,55.37279],[-133.25707,55.33393],[-133.21296,55.2792],[-133.13093,55.29027],[-133.08654,55.27656],[-132.95958,55.27656],[-132.91373,55.26472],[-133.03043,55.2141],[-132.94933,55.20832],[-132.85997,55.23558],[-132.80822,55.22822],[-132.78482,55.18842],[-132.69612,55.14688],[-132.63093,55.14688],[-132.61612,55.18195],[-132.55834,55.16791],[-132.60855,55.11921],[-132.51114,55.11274],[-132.57942,54.95441],[-132.4226,54.93016],[-132.35969,54.94082],[-132.34972,54.89643],[-132.26476,54.84455],[-132.33654,54.81489],[-132.27774,54.79743],[-132.2976,54.74445],[-132.24722,54.74331],[-132.14997,54.69864],[-132.00402,54.69379],[-131.99657,54.77692],[-131.9488,54.78998],[-131.97672,54.83153]]],[[[-132.6129,56.40062],[-132.64086,56.44221],[-132.70295,56.4621],[-132.79674,56.44392],[-132.92422,56.45197],[-132.99283,56.41861],[-133.04894,56.36278],[-133.03889,56.33051],[-132.86889,56.24348],[-132.81965,56.23615],[-132.73274,56.25165],[-132.64721,56.28242],[-132.63463,56.30443],[-132.65966,56.36823],[-132.6129,56.40062]]],[[[-132.00402,56.33918],[-132.0528,56.36205],[-132.12389,56.34321],[-132.19587,56.38019],[-132.2399,56.4453],[-132.33922,56.48322],[-132.37662,56.47187],[-132.33894,56.42243],[-132.34667,56.35969],[-132.32714,56.33027],[-132.35289,56.27778],[-132.30647,56.23457],[-132.24303,56.20205],[-132.17577,56.18944],[-132.07234,56.11945],[-132.01325,56.14134],[-131.9962,56.18854],[-131.92833,56.19457],[-131.94009,56.23306],[-132.00402,56.33918]]],[[[-154.05582,56.53034],[-153.96569,56.50463],[-153.8935,56.53522],[-153.87715,56.56513],[-154.02046,56.55549],[-154.05582,56.53034]]],[[[-157.06062,56.58222],[-157.09858,56.59398],[-157.25927,56.5834],[-157.3087,56.53067],[-157.15998,56.53034],[-157.13947,56.55207],[-157.02595,56.54995],[-157.06062,56.58222]]],[[[-154.42516,56.59304],[-154.53633,56.5976],[-154.70014,56.53034],[-154.7705,56.47085],[-154.79125,56.43085],[-154.73823,56.39826],[-154.61079,56.48322],[-154.48754,56.51679],[-154.52888,56.55207],[-154.51671,56.59016],[-154.42516,56.59304]]],[[[-154.08259,56.55207],[-154.08259,56.60611],[-154.22619,56.60834],[-154.33776,56.56391],[-154.33381,56.5196],[-154.21007,56.50365],[-154.08259,56.55207]]],[[[-132.95958,56.78799],[-132.92443,56.75755],[-132.92203,56.68867],[-132.89086,56.62938],[-132.9545,56.59227],[-132.93749,56.51756],[-132.79166,56.49689],[-132.57372,56.55948],[-132.53344,56.60033],[-132.58381,56.61811],[-132.62336,56.66527],[-132.73327,56.72598],[-132.75194,56.75922],[-132.81631,56.79735],[-132.87051,56.79784],[-132.92203,56.82583],[-132.95958,56.78799]]],[[[-133.88467,56.49006],[-133.85774,56.58747],[-133.79906,56.5987],[-133.73591,56.56713],[-133.70568,56.60415],[-133.73217,56.66315],[-133.77514,56.69888],[-133.71715,56.77119],[-133.80118,56.777],[-133.85367,56.7569],[-133.87755,56.70856],[-133.92077,56.6999],[-133.91926,56.77025],[-133.93562,56.8122],[-133.99083,56.83202],[-134.01268,56.88516],[-134.17585,56.92202],[-134.10753,56.84634],[-134.18269,56.85993],[-134.22033,56.88996],[-134.30614,56.8979],[-134.3192,56.85993],[-134.40856,56.84292],[-134.38809,56.7569],[-134.39708,56.72956],[-134.35757,56.67658],[-134.30675,56.66576],[-134.22761,56.60741],[-134.24694,56.56338],[-134.19009,56.54466],[-134.13915,56.49873],[-134.05948,56.51529],[-134.06737,56.47761],[-134.03185,56.42113],[-134.11437,56.39379],[-134.15534,56.4112],[-134.23917,56.40449],[-134.23107,56.36962],[-134.28197,56.36278],[-134.25992,56.3159],[-134.21467,56.29133],[-134.26305,56.24628],[-134.2473,56.17837],[-134.20006,56.15054],[-134.21068,56.06281],[-134.14167,56.04377],[-134.08641,56.09219],[-134.10359,56.14029],[-134.16218,56.13996],[-134.19009,56.17813],[-134.09024,56.19269],[-134.10753,56.24299],[-134.07242,56.2486],[-134.06908,56.3028],[-134.03258,56.30683],[-134.0393,56.2163],[-134.00927,56.18513],[-134.03669,56.1232],[-133.99397,56.08788],[-133.94913,56.09235],[-133.91617,56.159],[-133.94384,56.21198],[-133.89558,56.21996],[-133.90811,56.27635],[-133.98127,56.28388],[-133.95669,56.35969],[-133.86897,56.28474],[-133.84162,56.33759],[-133.91637,56.37336],[-133.8452,56.43439],[-133.88467,56.49006]]],[[[-133.91267,57.08275],[-134.01134,57.05516],[-134.01818,57.01756],[-133.88842,56.95551],[-133.83918,56.9195],[-133.75495,56.90058],[-133.82014,56.85541],[-133.74059,56.80891],[-133.69664,56.83202],[-133.68786,56.73013],[-133.69567,56.65937],[-133.66185,56.6402],[-133.64607,56.5926],[-133.65941,56.46418],[-133.62125,56.44221],[-133.52717,56.43903],[-133.44131,56.4538],[-133.36905,56.50056],[-133.34659,56.47574],[-133.23668,56.47574],[-133.14794,56.4621],[-133.12442,56.51073],[-133.07909,56.53034],[-133.11408,56.593],[-133.10709,56.621],[-133.2237,56.64704],[-133.22179,56.73164],[-133.28673,56.72712],[-133.32673,56.76374],[-133.33129,56.83438],[-133.21841,56.78767],[-133.18566,56.72163],[-133.11091,56.66059],[-132.99918,56.60554],[-132.93395,56.64159],[-132.95617,56.7569],[-132.99108,56.80842],[-132.93566,56.86685],[-132.98038,56.93505],[-133.10912,56.99873],[-133.31591,56.99087],[-133.38817,56.99714],[-133.46471,57.02456],[-133.58287,57.05004],[-133.88703,57.09003],[-133.91267,57.08275]]],[[[-152.90787,57.16474],[-152.97924,57.17642],[-153.15441,57.16454],[-153.26049,57.20563],[-153.37898,57.11762],[-153.41161,57.07905],[-153.34138,57.05292],[-153.32555,57.02204],[-153.23558,57.00983],[-153.21565,57.07221],[-153.15953,57.09711],[-153.11079,57.08881],[-153.03425,57.12743],[-153.00691,57.11384],[-152.92614,57.12596],[-152.90787,57.16474]]],[[[-135.60155,57.17158],[-135.61437,57.22358],[-135.55378,57.22993],[-135.61522,57.28449],[-135.72476,57.32893],[-135.82409,57.33234],[-135.83922,57.24567],[-135.79772,57.22883],[-135.82067,57.19575],[-135.77969,57.16572],[-135.7108,57.16844],[-135.76207,57.11416],[-135.82315,57.07978],[-135.84113,56.98969],[-135.62824,57.0102],[-135.60163,57.03555],[-135.54629,57.1411],[-135.60155,57.17158]]],[[[-134.62149,56.74384],[-134.64135,56.79784],[-134.68977,56.84968],[-134.68619,56.8935],[-134.71768,56.92202],[-134.72395,56.99604],[-134.78649,57.11799],[-134.83312,57.1411],[-134.80826,57.18138],[-134.85485,57.21625],[-134.83312,57.24665],[-134.90868,57.25633],[-134.97106,57.31245],[-134.90949,57.33979],[-134.99478,57.39777],[-135.13028,57.44111],[-135.14224,57.46943],[-135.22077,57.4831],[-135.38117,57.55362],[-135.43651,57.54999],[-135.51903,57.50731],[-135.50471,57.4665],[-135.58585,57.39256],[-135.67321,57.34968],[-135.57771,57.28791],[-135.5292,57.23672],[-135.45596,57.25332],[-135.33405,57.25039],[-135.41291,57.1579],[-135.37686,57.15009],[-135.37499,57.09272],[-135.31029,57.04735],[-135.16535,57.04173],[-135.16405,57.01362],[-135.25398,57.00373],[-135.35001,56.9704],[-135.36376,56.94628],[-135.2945,56.89216],[-135.36779,56.87401],[-135.36754,56.82893],[-135.30736,56.82087],[-135.26928,56.78901],[-135.17422,56.82636],[-135.15469,56.74592],[-135.20226,56.69473],[-135.11221,56.6787],[-135.11901,56.61713],[-135.06652,56.60611],[-134.98371,56.64492],[-134.94701,56.58731],[-135.01936,56.58564],[-135.05285,56.53783],[-134.94237,56.42158],[-134.88244,56.32958],[-134.82697,56.32559],[-134.82697,56.29076],[-134.74999,56.21735],[-134.66926,56.2163],[-134.62637,56.26146],[-134.64879,56.33918],[-134.62149,56.4112],[-134.62605,56.48623],[-134.66926,56.53783],[-134.61461,56.5583],[-134.60782,56.59589],[-134.62149,56.74384]]],[[[-153.30175,57.8332],[-153.21296,57.83031],[-153.27973,57.9029],[-153.32665,57.92658],[-153.48225,57.97777],[-153.54194,57.93561],[-153.39692,57.86384],[-153.32527,57.85863],[-153.30175,57.8332]]],[[[-152.16088,57.62714],[-152.34276,57.63398],[-152.43834,57.61717],[-152.46776,57.65717],[-152.47309,57.72602],[-152.45897,57.76813],[-152.35729,57.79902],[-152.32909,57.82575],[-152.4228,57.85928],[-152.48632,57.91071],[-152.63695,57.91511],[-152.68537,57.88784],[-152.72639,57.8332],[-152.81798,57.86042],[-152.85871,57.8144],[-152.85668,57.74042],[-152.92524,57.76826],[-152.87763,57.88618],[-152.8083,57.90827],[-152.86229,57.93452],[-152.98265,57.95148],[-153.01277,57.9291],[-153.16694,57.97004],[-153.28425,58.01044],[-153.29515,57.9864],[-153.20246,57.94619],[-153.21198,57.9018],[-153.19188,57.80524],[-153.22973,57.79222],[-153.35017,57.81269],[-153.425,57.84272],[-153.47667,57.82136],[-153.32579,57.74942],[-153.38439,57.71857],[-153.42182,57.7674],[-153.47431,57.77363],[-153.5583,57.73835],[-153.57441,57.83955],[-153.6278,57.85318],[-153.64509,57.88369],[-153.72383,57.90209],[-153.84345,57.87059],[-153.92463,57.81049],[-153.92553,57.72956],[-153.87641,57.70112],[-153.69896,57.68236],[-153.60468,57.6376],[-153.8109,57.659],[-153.86872,57.62861],[-153.75398,57.56196],[-153.8498,57.55882],[-153.80883,57.51789],[-153.81135,57.41234],[-153.89074,57.40803],[-153.9355,57.53498],[-154.00056,57.62971],[-154.05586,57.6551],[-154.15144,57.6551],[-154.23933,57.67329],[-154.36437,57.62714],[-154.45556,57.57673],[-154.52343,57.57001],[-154.61473,57.52656],[-154.65339,57.46076],[-154.72688,57.42853],[-154.70845,57.3957],[-154.73424,57.36709],[-154.81001,57.34658],[-154.75817,57.31558],[-154.78315,57.27294],[-154.68586,57.28449],[-154.60151,57.25894],[-154.53502,57.17463],[-154.51635,57.07758],[-154.52855,56.99165],[-154.38874,56.96385],[-154.29609,56.91454],[-154.23799,56.89956],[-154.15831,56.96918],[-154.15319,57.01976],[-154.11193,57.07673],[-154.1212,57.12373],[-154.27241,57.11738],[-154.38423,57.05174],[-154.43781,57.05728],[-154.49494,57.11359],[-154.36067,57.14794],[-154.24083,57.15477],[-154.12043,57.14794],[-154.0832,57.12743],[-153.95966,57.12006],[-154.08003,57.0666],[-154.13781,57.00397],[-154.09956,56.96483],[-153.97358,57.06192],[-153.80573,57.1542],[-153.73994,57.13369],[-153.88264,57.08051],[-153.96264,56.9951],[-153.97334,56.96296],[-153.87715,56.97663],[-153.88899,56.93037],[-153.96809,56.9055],[-154.0006,56.87299],[-154.06379,56.8474],[-154.13012,56.78653],[-154.12263,56.7412],[-154.055,56.76252],[-153.96251,56.74824],[-153.85017,56.81452],[-153.83772,56.84418],[-153.70983,56.85993],[-153.71361,56.91454],[-153.61799,56.93915],[-153.55976,56.98652],[-153.61083,57.02383],[-153.55903,57.07905],[-153.49816,57.07429],[-153.52684,57.1267],[-153.45527,57.11685],[-153.35017,57.19115],[-153.25328,57.23672],[-153.0963,57.21825],[-152.9591,57.25715],[-153.05732,57.32632],[-152.91442,57.33979],[-152.89192,57.30402],[-152.83747,57.27074],[-152.73168,57.30744],[-152.69221,57.28327],[-152.59602,57.37393],[-152.6341,57.40575],[-152.72639,57.42853],[-152.80065,57.47077],[-152.92866,57.48237],[-152.8424,57.51789],[-152.74291,57.50898],[-152.69432,57.47484],[-152.6125,57.48013],[-152.59101,57.45091],[-152.44054,57.44282],[-152.36299,57.42853],[-152.33031,57.44595],[-152.30891,57.50902],[-152.2497,57.54149],[-152.16088,57.62714]]],[[[-136.3898,57.96357],[-136.36193,58.0312],[-136.47533,58.09785],[-136.54284,58.0659],[-136.56115,58.01752],[-136.53319,57.94929],[-136.47859,57.92878],[-136.41991,57.86555],[-136.37906,57.93529],[-136.3898,57.96357]]],[[[-153.41836,58.06599],[-153.37959,58.04951],[-153.25328,58.05231],[-153.02693,57.98876],[-152.94542,57.99771],[-153.00007,58.0312],[-153.05842,58.04206],[-153.10619,58.09463],[-153.18196,58.09325],[-153.29548,58.14643],[-153.41836,58.06599]]],[[[-151.86608,58.25776],[-151.89708,58.19286],[-151.82885,58.18203],[-151.79345,58.2447],[-151.86608,58.25776]]],[[[-135.84797,57.39436],[-135.70743,57.36652],[-135.65323,57.38789],[-135.54629,57.46605],[-135.55826,57.53339],[-135.59577,57.56452],[-135.60485,57.60708],[-135.76342,57.67032],[-135.70397,57.67552],[-135.77229,57.72956],[-135.76818,57.75971],[-135.62804,57.70604],[-135.51211,57.64826],[-135.32079,57.58491],[-135.05687,57.46662],[-134.90599,57.45726],[-134.81387,57.49746],[-134.84268,57.52269],[-134.85123,57.60493],[-134.88435,57.65424],[-134.91389,57.75585],[-134.98302,57.76154],[-135.16271,57.72956],[-135.1975,57.70966],[-135.3275,57.72956],[-135.32897,57.76972],[-135.37238,57.80524],[-135.49991,57.83478],[-135.51285,57.85814],[-135.61376,57.89594],[-135.79223,57.93415],[-135.84581,57.99217],[-135.69644,57.9361],[-135.50569,57.89143],[-135.25939,57.79597],[-135.20303,57.7851],[-135.01378,57.78588],[-134.94245,57.80659],[-135.03978,57.86791],[-135.16031,57.9038],[-135.14468,57.92499],[-134.96508,57.88605],[-134.91576,57.92105],[-134.90201,57.97313],[-134.92479,58.02749],[-134.97997,58.05036],[-135.10806,58.07217],[-135.38927,58.14106],[-135.45751,58.12739],[-135.43643,58.07958],[-135.51553,58.05854],[-135.5572,58.00764],[-135.62743,57.95889],[-135.70897,57.97826],[-135.62483,58.01317],[-135.62731,58.04141],[-135.56062,58.09325],[-135.52343,58.10244],[-135.50194,58.17381],[-135.63565,58.23041],[-135.715,58.22972],[-135.75886,58.26862],[-135.81355,58.27436],[-135.92284,58.23192],[-135.98229,58.16763],[-136.10293,58.22163],[-136.17756,58.18944],[-136.22468,58.14924],[-136.26317,58.21695],[-136.3557,58.21988],[-136.29304,58.1479],[-136.40526,58.13394],[-136.40966,58.0799],[-136.32551,58.03929],[-136.29695,58.01057],[-136.36437,57.97578],[-136.34826,57.92878],[-136.39485,57.88569],[-136.36242,57.84016],[-136.27725,57.77534],[-136.08821,57.68854],[-136.14281,57.64476],[-135.94677,57.51634],[-136.01244,57.51789],[-135.94909,57.46186],[-135.84065,57.4145],[-135.84797,57.39436]]],[[[-134.59728,58.23725],[-134.47033,58.22582],[-134.25841,58.19628],[-134.27937,58.22065],[-134.38126,58.27139],[-134.48184,58.33348],[-134.56334,58.34455],[-134.67984,58.30927],[-134.65079,58.26773],[-134.59728,58.23725]]],[[[-134.35399,57.09272],[-134.38809,57.10639],[-134.24559,57.18256],[-134.16739,57.19156],[-134.12743,57.26464],[-134.14224,57.35017],[-134.08023,57.35277],[-133.98241,57.3085],[-133.93932,57.30866],[-133.86498,57.35513],[-133.89322,57.435],[-133.9796,57.41328],[-133.97704,57.44921],[-134.06627,57.46137],[-134.03987,57.49531],[-133.93249,57.47285],[-133.91283,57.49201],[-133.93786,57.61856],[-134.01114,57.6538],[-134.06554,57.6503],[-134.057,57.69587],[-134.20873,57.83991],[-134.25178,57.85692],[-134.31224,57.97944],[-134.23811,57.99283],[-134.3192,58.0312],[-134.23009,58.06293],[-134.23107,58.02497],[-134.14167,57.95673],[-134.11437,57.88032],[-134.06884,57.83161],[-134.01061,57.80659],[-133.96296,57.69233],[-133.86001,57.65803],[-133.89464,57.75804],[-133.88842,57.79841],[-133.97956,57.87783],[-134.00231,57.93936],[-134.08641,57.99771],[-134.09024,58.02607],[-134.16934,58.07779],[-134.16076,58.1385],[-134.18639,58.1684],[-134.33161,58.14814],[-134.44465,58.1774],[-134.55126,58.18179],[-134.69319,58.1684],[-134.71129,58.22309],[-134.79605,58.29865],[-134.80944,58.33063],[-134.87474,58.36762],[-134.96915,58.36323],[-134.93187,58.26362],[-134.88362,58.25471],[-134.91568,58.20995],[-134.85021,58.17935],[-134.79784,58.11278],[-134.80004,58.03522],[-134.75121,57.99022],[-134.7622,57.97215],[-134.72126,57.89737],[-134.69888,57.81249],[-134.71605,57.7458],[-134.67667,57.68236],[-134.65355,57.59821],[-134.60456,57.56367],[-134.56688,57.51105],[-134.48815,57.5327],[-134.44172,57.52094],[-134.56273,57.48005],[-134.46386,57.39436],[-134.51228,57.38076],[-134.49795,57.33979],[-134.45702,57.31184],[-134.54357,57.30109],[-134.58316,57.26936],[-134.52554,57.21577],[-134.62149,57.22993],[-134.63158,57.19579],[-134.5799,57.15477],[-134.62291,57.11083],[-134.57461,57.02912],[-134.50182,57.02896],[-134.35399,57.09272]]],[[[-151.96601,58.33283],[-152.03132,58.30671],[-152.09992,58.31192],[-152.09508,58.36762],[-152.11681,58.40111],[-152.19127,58.35395],[-152.23607,58.36005],[-152.29882,58.42634],[-152.3579,58.3996],[-152.37999,58.35395],[-152.43867,58.3767],[-152.47688,58.36148],[-152.49983,58.4632],[-152.65062,58.48363],[-152.69298,58.43212],[-152.86738,58.39436],[-152.7851,58.37084],[-152.79328,58.28681],[-152.90233,58.27985],[-153.0417,58.30557],[-153.10993,58.27139],[-153.07103,58.24014],[-152.9051,58.17585],[-153.16181,58.21955],[-153.2296,58.16889],[-153.16747,58.11115],[-153.08117,58.11103],[-153.01435,58.04548],[-152.92683,58.01488],[-152.80492,57.99152],[-152.70808,58.05207],[-152.56224,58.11197],[-152.48937,58.12836],[-152.41072,58.12568],[-152.28254,58.13874],[-152.33112,58.16503],[-152.30439,58.25755],[-152.23265,58.24677],[-152.21923,58.20311],[-152.12999,58.16616],[-152.05749,58.17353],[-152.03136,58.20966],[-151.97224,58.23725],[-151.96601,58.33283]]],[[[-152.6444,58.51846],[-152.52644,58.47655],[-152.48302,58.48054],[-152.36327,58.55195],[-152.34276,58.60033],[-152.36958,58.63809],[-152.45368,58.62816],[-152.57262,58.58023],[-152.6444,58.51846]]],[[[-160.94764,58.73765],[-161.06168,58.70051],[-161.09007,58.58985],[-161.07413,58.54692],[-160.96625,58.54951],[-160.89786,58.57034],[-160.68592,58.81084],[-160.85824,58.74737],[-160.94764,58.73765]]],[[[-152.2497,58.92251],[-152.21239,58.94302],[-152.32909,58.97089],[-152.33422,58.91193],[-152.2497,58.92251]]],[[[-150.70417,59.39545],[-150.77986,59.33405],[-150.73164,59.31151],[-150.67748,59.31977],[-150.60859,59.38117],[-150.6538,59.40721],[-150.70417,59.39545]]],[[[-153.52453,59.33027],[-153.40587,59.33857],[-153.3546,59.36518],[-153.39794,59.40852],[-153.46345,59.40852],[-153.53816,59.3771],[-153.52453,59.33027]]],[[[-150.33483,59.45698],[-150.41051,59.44628],[-150.3791,59.43138],[-150.33141,59.43643],[-150.33483,59.45698]]],[[[-144.34179,59.98452],[-144.55236,59.87324],[-144.5546,59.82709],[-144.3771,59.93236],[-144.34179,59.98452]]],[[[-148.00503,60.04658],[-148.14485,59.9724],[-148.08117,59.97167],[-147.99502,60.03266],[-148.00503,60.04658]]],[[[-147.82665,60.0528],[-147.89175,60.06904],[-148.03551,59.97427],[-147.98176,59.95905],[-147.89517,59.99042],[-147.82665,60.0528]]],[[[-147.96377,60.07392],[-147.88126,60.10737],[-147.91478,60.12547],[-147.99861,60.12116],[-148.08056,60.07819],[-148.13313,60.03107],[-147.96377,60.07392]]],[[[-148.15937,60.04316],[-148.0904,60.10025],[-148.07746,60.15998],[-148.27123,60.10297],[-148.27119,60.06721],[-148.15937,60.04316]]],[[[-147.10725,60.2862],[-147.01106,60.3476],[-147.20287,60.34138],[-147.20116,60.24217],[-147.29564,60.23216],[-147.3802,60.13959],[-147.53311,60.05858],[-147.70311,59.9975],[-147.66893,59.97089],[-147.75243,59.95384],[-147.80492,59.92036],[-147.7639,59.8885],[-147.88614,59.85761],[-147.91539,59.79267],[-147.84024,59.78653],[-147.71679,59.82001],[-147.66877,59.81928],[-147.64371,59.86262],[-147.51879,59.85419],[-147.46825,59.87678],[-147.45612,59.9156],[-147.4903,59.9392],[-147.42723,59.97663],[-147.36701,59.97285],[-147.37662,60.01553],[-147.3282,60.07026],[-147.23379,60.13312],[-147.01049,60.23371],[-146.92227,60.31346],[-147.0808,60.28034],[-147.10725,60.2862]]],[[[-147.97745,60.37556],[-148.07563,60.36937],[-148.12706,60.33495],[-148.12828,60.30663],[-148.07331,60.28514],[-148.01842,60.29979],[-147.97745,60.37556]]],[[[-145.17443,60.38239],[-145.28429,60.34138],[-145.23347,60.31733],[-145.12328,60.31175],[-145.09252,60.40217],[-145.17443,60.38239]]],[[[-146.18863,60.40217],[-146.15136,60.43879],[-146.36677,60.40965],[-146.3531,60.47114],[-146.54491,60.46491],[-146.58812,60.48404],[-146.69571,60.42333],[-146.72265,60.38622],[-146.65559,60.34064],[-146.61596,60.37108],[-146.4903,60.36127],[-146.65563,60.30679],[-146.68204,60.2862],[-146.60017,60.24519],[-146.49328,60.30378],[-146.33361,60.35224],[-146.22399,60.35139],[-146.18863,60.40217]]],[[[-147.77139,60.40965],[-147.84708,60.38239],[-147.86758,60.27253],[-147.84024,60.19367],[-147.76561,60.17438],[-147.71056,60.25141],[-147.73876,60.25983],[-147.63101,60.37482],[-147.64851,60.39598],[-147.61437,60.43696],[-147.7928,60.47175],[-147.84024,60.39598],[-147.77139,60.40965]]],[[[-151.86982,60.48542],[-151.9532,60.50849],[-151.97863,60.40827],[-151.89708,60.45063],[-151.86982,60.48542]]],[[[-145.75723,60.62873],[-145.94905,60.56733],[-146.12035,60.53937],[-146.12011,60.51948],[-146.28645,60.51732],[-146.33263,60.46491],[-146.29426,60.45478],[-146.09691,60.47968],[-146.01464,60.50894],[-145.87173,60.54389],[-145.76415,60.5871],[-145.75723,60.62873]]],[[[-147.49767,60.65668],[-147.47716,60.63565],[-147.40294,60.64838],[-147.38516,60.67255],[-147.42878,60.71137],[-147.4663,60.69807],[-147.44986,60.66975],[-147.49767,60.65668]]],[[[-147.92907,60.71817],[-147.96691,60.68033],[-147.85753,60.6872],[-147.92907,60.71817]]],[[[-148.16865,60.66291],[-148.10778,60.66291],[-148.09874,60.69685],[-148.12409,60.75113],[-148.15868,60.76472],[-148.23009,60.72972],[-148.16865,60.66291]]],[[[-148.08735,60.80012],[-148.02379,60.79121],[-147.91934,60.83832],[-147.9405,60.88581],[-148.03209,60.93041],[-148.12828,60.8581],[-148.12715,60.80061],[-148.08735,60.80012]]],[[[-162.34081,63.60248],[-162.43639,63.64033],[-162.48217,63.62189],[-162.55647,63.62983],[-162.6765,63.61152],[-162.7176,63.57518],[-162.61486,63.54853],[-162.49816,63.54853],[-162.38801,63.5622],[-162.34081,63.60248]]],[[[-163.18537,69.61026],[-163.19115,69.54654],[-163.17626,69.48225],[-163.17418,69.60448],[-163.18537,69.61026]]],[[[-141.42308,69.72187],[-141.52863,69.76032],[-141.80923,69.82193],[-141.80028,69.80915],[-141.58422,69.76643],[-141.47256,69.72077],[-141.42308,69.72187]]],[[[-163.05578,69.80451],[-163.01179,69.83234],[-162.87792,69.90168],[-162.84113,69.93476],[-162.99995,69.85578],[-163.05578,69.80451]]],[[[-162.70177,70.02232],[-162.67536,70.02949],[-162.60607,70.06924],[-162.64179,70.06558],[-162.70177,70.02232]]],[[[-162.48453,70.17316],[-162.49104,70.15388],[-162.34374,70.2202],[-162.48453,70.17316]]],[[[-161.55114,70.326],[-161.88813,70.35395],[-161.83784,70.34341],[-161.55114,70.326]]],[[[-148.81969,70.46979],[-148.92292,70.50145],[-148.99458,70.49291],[-148.97911,70.4809],[-148.91222,70.48859],[-148.81969,70.46979]]],[[[-166.09455,53.98066],[-166.15656,53.9936],[-166.19127,53.96491],[-166.11152,53.956],[-166.09455,53.98066]]],[[[-159.52147,54.79222],[-159.6042,54.81232],[-159.5893,54.75967],[-159.54711,54.75389],[-159.52147,54.79222]]],[[[-161.33357,55.19147],[-161.34032,55.21898],[-161.41145,55.21947],[-161.43969,55.19733],[-161.36982,55.16535],[-161.33357,55.19147]]],[[[-161.55903,55.25446],[-161.65888,55.24238],[-161.67687,55.20018],[-161.56408,55.20791],[-161.55903,55.25446]]],[[[-160.03624,55.3262],[-160.0666,55.34471],[-160.10908,55.32575],[-160.07295,55.3083],[-160.03624,55.3262]]],[[[-159.31273,55.81123],[-159.36229,55.78628],[-159.28905,55.779],[-159.31273,55.81123]]],[[[-156.68041,56.03901],[-156.74616,56.0349],[-156.69494,56.00935],[-156.68041,56.03901]]],[[[-156.7799,56.18964],[-156.80529,56.16478],[-156.77453,56.15323],[-156.76667,56.17853],[-156.7799,56.18964]]],[[[-157.81233,56.34288],[-157.85656,56.36213],[-157.89839,56.33906],[-157.83332,56.31367],[-157.81233,56.34288]]],[[[-153.83381,57.50202],[-153.88781,57.50898],[-153.86779,57.45258],[-153.82929,57.45108],[-153.83381,57.50202]]],[[[-152.3439,57.92333],[-152.48786,57.95026],[-152.48595,57.91454],[-152.36937,57.88642],[-152.3439,57.92333]]],[[[-152.74437,57.98383],[-152.83308,57.9746],[-152.85224,57.94408],[-152.78596,57.92552],[-152.748,57.93915],[-152.74437,57.98383]]],[[[-152.81135,58.29035],[-152.84606,58.33759],[-152.9027,58.30769],[-152.81135,58.29035]]],[[[-160.25874,58.67862],[-160.27807,58.71857],[-160.31075,58.71586],[-160.31626,58.68349],[-160.25874,58.67862]]],[[[-160.38459,58.73086],[-160.406,58.75128],[-160.43554,58.69115],[-160.38423,58.71076],[-160.38459,58.73086]]],[[[-150.21085,61.17304],[-150.26525,61.12344],[-150.22753,61.12718],[-150.17772,61.16136],[-150.21085,61.17304]]],[[[-164.5869,63.06444],[-164.61156,63.05589],[-164.58393,63.04206],[-164.5633,63.05622],[-164.5869,63.06444]]],[[[-179.1435,51.27505],[-179.11901,51.2154],[-179.06159,51.24771],[-179.08825,51.29609],[-179.1435,51.27505]]],[[[-178.98583,51.38422],[-178.99266,51.32624],[-178.90425,51.35383],[-178.95442,51.39521],[-178.98583,51.38422]]],[[[-178.78653,51.8299],[-178.81359,51.83918],[-178.85814,51.78864],[-178.8083,51.7473],[-178.76049,51.75227],[-178.74848,51.81757],[-178.78653,51.8299]]],[[[-176.26472,51.81],[-176.31994,51.8299],[-176.34716,51.86994],[-176.42304,51.85102],[-176.39704,51.74189],[-176.34069,51.72582],[-176.29267,51.74116],[-176.26472,51.81]]],[[[-176.01146,51.8299],[-176.06286,51.85497],[-176.19013,51.88671],[-176.21906,51.82437],[-176.09406,51.79572],[-176.10639,51.82648],[-176.01146,51.8299]]],[[[-175.99096,51.88451],[-176.02094,51.91279],[-176.10774,51.88451],[-175.977,51.85236],[-175.99096,51.88451]]],[[[-177.80028,51.79572],[-177.64741,51.8205],[-177.70897,51.83731],[-177.84065,51.83674],[-177.88288,51.88451],[-177.95226,51.92475],[-178.14782,51.9147],[-178.21382,51.87604],[-178.18956,51.85497],[-178.09516,51.82368],[-178.04625,51.79145],[-177.95539,51.76374],[-177.95482,51.72907],[-178.02937,51.70014],[-178.04463,51.6656],[-177.958,51.63744],[-177.8852,51.67451],[-177.83751,51.67536],[-177.80651,51.70332],[-177.8061,51.74559],[-177.77302,51.7753],[-177.80028,51.79572]]],[[[-177.12218,51.93293],[-177.19441,51.93],[-177.21552,51.81879],[-177.29247,51.78278],[-177.51757,51.73786],[-177.5229,51.72004],[-177.65905,51.72993],[-177.7047,51.70637],[-177.67199,51.65913],[-177.59858,51.7027],[-177.48481,51.70588],[-177.38545,51.72639],[-177.31957,51.68696],[-177.27766,51.68012],[-177.19262,51.70917],[-177.15669,51.70014],[-177.12776,51.74746],[-177.13695,51.82282],[-177.07433,51.85883],[-177.04682,51.892],[-177.07482,51.92259],[-177.12218,51.93293]]],[[[-175.72411,51.97386],[-175.75202,51.93915],[-175.72606,51.93305],[-175.71044,51.95002],[-175.72411,51.97386]]],[[[-176.43724,51.78828],[-176.42768,51.8343],[-176.46398,51.85102],[-176.50495,51.82368],[-176.64147,51.85716],[-176.60053,51.90559],[-176.54943,51.91413],[-176.58373,51.98969],[-176.64867,51.95181],[-176.72236,51.96052],[-176.78181,51.93647],[-176.75874,51.88398],[-176.77986,51.82905],[-176.72655,51.78197],[-176.83369,51.79385],[-176.86494,51.82368],[-176.91511,51.79194],[-176.88215,51.72036],[-176.96662,51.66914],[-176.97789,51.60029],[-176.91706,51.60155],[-176.89598,51.63744],[-176.82832,51.67381],[-176.79975,51.61079],[-176.72431,51.65717],[-176.7104,51.68586],[-176.58812,51.68586],[-176.52294,51.74152],[-176.47081,51.72004],[-176.4156,51.75479],[-176.43724,51.78828]]],[[[-175.8675,51.98749],[-175.9195,51.98945],[-175.95002,51.97386],[-175.87641,51.96894],[-175.8675,51.98749]]],[[[-176.13874,51.99437],[-176.04304,51.96337],[-175.99848,52.05956],[-176.06871,52.10765],[-176.16914,52.0974],[-176.19335,52.05956],[-176.1706,52.00503],[-176.13874,51.99437]]],[[[-173.1234,52.10798],[-173.508,52.11156],[-173.5312,52.14497],[-173.64729,52.15205],[-173.68537,52.13398],[-173.76521,52.12739],[-173.80553,52.08991],[-173.83882,52.11957],[-174.05944,52.1247],[-173.92162,52.08373],[-173.92207,52.05939],[-173.83601,52.04336],[-173.57067,52.04853],[-173.50056,52.02285],[-173.4497,52.04438],[-173.37654,52.03876],[-173.2386,52.07575],[-173.18993,52.05882],[-173.10289,52.07469],[-173.1234,52.10798]]],[[[-172.40717,52.38544],[-172.44127,52.39908],[-172.55797,52.35065],[-172.63305,52.2613],[-172.52941,52.25023],[-172.44127,52.28921],[-172.3109,52.31647],[-172.30158,52.34431],[-172.40717,52.38544]]],[[[-174.05195,52.24079],[-174.04625,52.27123],[-173.99189,52.31257],[-174.01098,52.3581],[-174.08613,52.39908],[-174.1903,52.41787],[-174.34679,52.36433],[-174.33861,52.33552],[-174.43554,52.3227],[-174.41584,52.29344],[-174.32567,52.30964],[-174.28474,52.27558],[-174.22826,52.26752],[-174.33088,52.20234],[-174.38707,52.21296],[-174.44921,52.17935],[-174.55907,52.17935],[-174.60155,52.10464],[-174.69782,52.11099],[-174.72297,52.1247],[-174.7945,52.09113],[-174.85509,52.1048],[-174.9746,52.05834],[-175.10411,52.02985],[-175.16133,52.04853],[-175.31078,52.02668],[-175.32356,52.00776],[-175.03502,52.00434],[-174.98481,52.0279],[-174.88805,52.04279],[-174.71528,52.01651],[-174.6942,52.05158],[-174.62739,52.02851],[-174.53856,52.04279],[-174.4757,52.06892],[-174.39814,52.05264],[-174.37377,52.11172],[-174.32103,52.12336],[-174.23005,52.09561],[-174.10021,52.14094],[-174.18065,52.19033],[-174.18073,52.2307],[-174.08918,52.22712],[-174.05195,52.24079]]],[[[-171.25642,52.52945],[-171.29357,52.51411],[-171.31163,52.46426],[-171.22216,52.46308],[-171.20763,52.49873],[-171.25642,52.52945]]],[[[-170.60464,52.68708],[-170.67048,52.70083],[-170.82124,52.61603],[-170.84667,52.58438],[-170.79784,52.54027],[-170.70088,52.59772],[-170.64546,52.5871],[-170.59785,52.6114],[-170.56371,52.6728],[-170.60464,52.68708]]],[[[-170.1044,52.78266],[-170.16902,52.78978],[-170.19441,52.72744],[-170.06342,52.73428],[-170.06578,52.77106],[-170.1044,52.78266]]],[[[-169.68663,52.87202],[-169.72761,52.88508],[-169.85029,52.88251],[-169.88744,52.85529],[-169.9641,52.85773],[-170.01167,52.83771],[-169.9571,52.79035],[-169.86482,52.82087],[-169.78144,52.8039],[-169.7379,52.77831],[-169.67927,52.82364],[-169.68663,52.87202]]],[[[-170.07026,52.91918],[-170.11705,52.87922],[-170.0561,52.85708],[-169.99458,52.90559],[-170.07026,52.91918]]],[[[-169.69347,53.03588],[-169.75328,53.02481],[-169.76049,52.9687],[-169.71935,52.95014],[-169.66621,53.00117],[-169.69347,53.03588]]],[[[-167.85749,53.39277],[-167.87116,53.42695],[-167.79479,53.50202],[-167.83739,53.52546],[-167.90156,53.52253],[-167.95991,53.53779],[-168.00829,53.5703],[-168.19982,53.54023],[-168.2707,53.51386],[-168.37361,53.46015],[-168.40656,53.40949],[-168.3957,53.36685],[-168.43285,53.33006],[-168.3708,53.31708],[-168.36079,53.27131],[-168.43285,53.2482],[-168.4643,53.2768],[-168.54133,53.24934],[-168.6057,53.27513],[-168.75951,53.18671],[-168.79597,53.13833],[-168.76862,53.08145],[-168.80805,53.02839],[-168.86201,53.0069],[-168.89098,52.94033],[-168.96788,52.92719],[-168.98839,52.86457],[-168.90083,52.88825],[-168.86022,52.91608],[-168.78038,52.91364],[-168.75129,52.96015],[-168.67931,52.96015],[-168.67158,52.98237],[-168.58405,53.03046],[-168.48994,53.04206],[-168.3907,53.1247],[-168.28759,53.24299],[-168.13817,53.27326],[-167.98811,53.33857],[-167.87556,53.37189],[-167.85749,53.39277]]],[[[-166.13695,53.83784],[-166.16975,53.84296],[-166.29926,53.78168],[-166.29088,53.74909],[-166.22631,53.72797],[-166.17158,53.74787],[-166.11718,53.79304],[-166.13695,53.83784]]],[[[-166.2943,53.72797],[-166.31513,53.76211],[-166.3697,53.73485],[-166.44038,53.75446],[-166.54064,53.69514],[-166.55952,53.71564],[-166.5216,53.78901],[-166.42418,53.80476],[-166.34948,53.87592],[-166.28393,53.86896],[-166.22492,53.90546],[-166.27672,53.97492],[-166.34923,53.94709],[-166.40388,53.98924],[-166.4558,53.89615],[-166.48949,53.90009],[-166.6361,53.87653],[-166.6057,53.98579],[-166.66832,54.01358],[-166.7539,54.01602],[-166.85631,53.9676],[-166.89525,53.9809],[-166.9829,53.95384],[-167.0216,53.96125],[-167.1634,53.85737],[-167.14525,53.8229],[-167.0382,53.75528],[-166.96862,53.77261],[-166.88398,53.75528],[-166.76814,53.71455],[-166.78673,53.69196],[-166.87043,53.6739],[-166.89415,53.70433],[-166.94652,53.71577],[-167.02803,53.70478],[-167.06465,53.68269],[-167.03779,53.62873],[-167.15538,53.62263],[-167.14436,53.55663],[-167.09813,53.53925],[-166.98188,53.54487],[-166.98005,53.52806],[-167.10729,53.51447],[-167.17015,53.52326],[-167.15864,53.47712],[-167.22627,53.46109],[-167.29161,53.47602],[-167.32152,53.41645],[-167.37841,53.43195],[-167.4746,53.43403],[-167.51362,53.40644],[-167.59419,53.37861],[-167.71845,53.38129],[-167.85005,53.30964],[-167.75385,53.27546],[-167.69713,53.27094],[-167.66511,53.24193],[-167.60607,53.28071],[-167.5006,53.27546],[-167.43904,53.32526],[-167.39135,53.34443],[-167.32185,53.33006],[-167.29918,53.36591],[-167.13667,53.41592],[-167.06835,53.42699],[-166.9525,53.46109],[-166.90449,53.44685],[-166.87682,53.48151],[-166.76447,53.44912],[-166.72968,53.50886],[-166.65636,53.50239],[-166.64289,53.55004],[-166.60863,53.55512],[-166.54723,53.62592],[-166.4276,53.65111],[-166.40779,53.67268],[-166.27351,53.687],[-166.2943,53.72797]]],[[[-165.26671,54.09105],[-165.37658,54.09105],[-165.30781,54.04784],[-165.26671,54.09105]]],[[[-165.73908,54.12519],[-165.73908,54.15314],[-165.79987,54.1739],[-165.85436,54.16767],[-165.87963,54.21345],[-165.97138,54.21947],[-166.07124,54.18521],[-166.12267,54.11835],[-166.06599,54.07758],[-166.04076,54.03644],[-165.98872,54.05915],[-165.9182,54.06098],[-165.88732,54.03632],[-165.83906,54.08487],[-165.77062,54.07075],[-165.67951,54.09907],[-165.73908,54.12519]]],[[[-165.48583,54.17365],[-165.44384,54.20014],[-165.54731,54.22207],[-165.56159,54.2425],[-165.5312,54.29438],[-165.66425,54.27261],[-165.68444,54.23505],[-165.57457,54.23505],[-165.63178,54.18964],[-165.59569,54.17365],[-165.62487,54.13239],[-165.58882,54.11091],[-165.48583,54.17365]]],[[[-159.28453,54.94082],[-159.32616,54.90786],[-159.28661,54.87173],[-159.20881,54.91852],[-159.28453,54.94082]]],[[[-159.39008,55.02338],[-159.36449,55.05756],[-159.44416,55.06098],[-159.40807,54.98176],[-159.33918,54.97553],[-159.39008,55.02338]]],[[[-159.52416,55.07111],[-159.50707,55.17109],[-159.58251,55.17715],[-159.5926,55.11018],[-159.65925,55.06513],[-159.57872,55.05069],[-159.52416,55.07111]]],[[[-159.90148,55.14008],[-159.90441,55.20747],[-159.86498,55.25117],[-159.89867,55.28535],[-159.94868,55.25239],[-159.98127,55.17788],[-160.0561,55.18138],[-160.0039,55.11953],[-160.1529,55.12165],[-160.14855,55.07099],[-160.09272,55.05069],[-160.14452,55.00629],[-160.12983,54.96597],[-160.01704,55.04532],[-159.95954,55.06428],[-159.98286,55.09907],[-159.94945,55.12889],[-159.89741,55.10489],[-159.84826,55.13443],[-159.82579,55.18098],[-159.85753,55.19025],[-159.90148,55.14008]]],[[[-163.13903,55.40351],[-163.12938,55.42304],[-163.16792,55.437],[-163.19506,55.41267],[-163.13903,55.40351]]],[[[179.40008,51.40843],[179.28004,51.39851],[179.24008,51.41669],[179.19532,51.47053],[179.1229,51.48041],[179.06031,51.51459],[178.99269,51.57665],[178.93434,51.58861],[178.88738,51.62055],[178.7212,51.64281],[178.68263,51.659],[178.6364,51.63744],[178.73512,51.58491],[178.83839,51.57665],[178.94142,51.55036],[179.02687,51.50092],[179.07692,51.45356],[179.24643,51.39106],[179.25489,51.35029],[179.39666,51.3769],[179.40008,51.40843]]],[[[178.25221,51.8299],[178.26027,51.80964],[178.33123,51.77424],[178.35035,51.80695],[178.25221,51.8299]]],[[[178.53395,51.98749],[178.47731,51.98591],[178.45997,51.9444],[178.50262,51.90192],[178.53785,51.89667],[178.60426,51.93769],[178.59051,51.96825],[178.53395,51.98749]]],[[[179.78094,51.96703],[179.71892,51.98749],[179.6434,52.03034],[179.4861,51.97386],[179.49822,51.91641],[179.56674,51.88524],[179.6421,51.87417],[179.74659,51.91348],[179.78094,51.96703]]],[[[177.64259,52.1247],[177.59344,52.12507],[177.556,52.08491],[177.51629,52.00096],[177.48504,51.98749],[177.37257,51.97468],[177.32887,51.92967],[177.22429,51.892],[177.33448,51.83967],[177.36598,51.9121],[177.47137,51.93915],[177.56764,51.91181],[177.61476,51.95002],[177.55445,51.96845],[177.56764,52.00186],[177.64845,52.04365],[177.68377,52.10505],[177.64259,52.1247]]],[[[175.88185,52.378],[175.92888,52.33926],[175.99098,52.3581],[175.88185,52.378]]],[[[173.79127,52.50153],[173.73748,52.51081],[173.61866,52.49873],[173.51051,52.4416],[173.45428,52.44721],[173.40846,52.43012],[173.4017,52.39667],[173.50066,52.38703],[173.60532,52.3968],[173.6609,52.35065],[173.74342,52.36123],[173.71306,52.45059],[173.79127,52.50153]]],[[[174.09669,52.71377],[174.16481,52.72093],[174.11394,52.74103],[174.09669,52.71377]]],[[[173.37664,52.83047],[173.30152,52.85932],[173.32179,52.90249],[173.30128,52.92561],[173.22218,52.93732],[173.12721,52.99494],[173.02719,52.9936],[172.96941,52.97443],[172.90406,53.00117],[172.7811,53.01553],[172.73081,53.00039],[172.66041,53.00861],[172.55112,52.9676],[172.47609,52.92666],[172.54762,52.91291],[172.6399,52.92805],[172.64039,52.8688],[172.81105,52.88793],[172.76344,52.79572],[172.80177,52.78441],[172.89381,52.79609],[172.90748,52.75471],[172.94435,52.74982],[173.01661,52.80219],[173.08937,52.83047],[173.13152,52.78864],[173.18865,52.79572],[173.22267,52.84382],[173.32203,52.82022],[173.37664,52.83047]]],[[[-164.97252,54.12519],[-165.04015,54.10468],[-165.133,54.13264],[-165.22578,54.09105],[-165.10224,54.07123],[-164.96508,54.07746],[-164.97252,54.12519]]],[[[-162.40913,54.4064],[-162.48481,54.4064],[-162.43541,54.37202],[-162.40913,54.4064]]],[[[-162.58723,54.44111],[-162.62141,54.45478],[-162.82746,54.50194],[-162.79638,54.42349],[-162.72859,54.39582],[-162.55,54.38589],[-162.55,54.42007],[-162.58723,54.44111]]],[[[-162.37495,54.95441],[-162.42671,54.93867],[-162.42418,54.89794],[-162.37438,54.8531],[-162.30903,54.83735],[-162.27876,54.852],[-162.22932,54.9206],[-162.23778,54.96809],[-162.30256,54.98566],[-162.37495,54.95441]]],[[[-163.07384,54.68757],[-163.14415,54.77033],[-163.30333,54.76179],[-163.37304,54.79267],[-163.42113,54.86591],[-163.42317,54.91201],[-163.4796,54.98493],[-163.53999,55.01655],[-163.57164,55.05703],[-163.68175,55.04438],[-163.75654,55.06037],[-163.91674,55.03636],[-164.05073,54.97114],[-164.15685,54.95698],[-164.2246,54.92032],[-164.22509,54.89472],[-164.31395,54.89301],[-164.39965,54.92772],[-164.47753,54.91889],[-164.54735,54.88276],[-164.56953,54.83698],[-164.70067,54.67829],[-164.79682,54.63447],[-164.8791,54.62214],[-164.95824,54.58515],[-164.93098,54.5268],[-164.84529,54.42349],[-164.80232,54.40404],[-164.65258,54.392],[-164.60871,54.40892],[-164.50581,54.4138],[-164.40559,54.43598],[-164.33446,54.48827],[-164.3297,54.53482],[-164.21837,54.59813],[-164.13268,54.62324],[-163.78987,54.63793],[-163.62255,54.6118],[-163.53388,54.63532],[-163.43073,54.68008],[-163.4311,54.73501],[-163.3695,54.76455],[-163.31347,54.71483],[-163.23847,54.68305],[-163.17003,54.70124],[-163.07384,54.68757]]],[[[-161.73066,55.16055],[-161.84382,55.17133],[-161.90608,55.13459],[-161.84032,55.11176],[-161.75117,55.05805],[-161.65278,55.10627],[-161.66084,55.13068],[-161.73066,55.16055]]],[[[-160.32543,55.35855],[-160.41548,55.34545],[-160.48693,55.35322],[-160.53148,55.32502],[-160.49848,55.30223],[-160.32543,55.27656],[-160.32543,55.35855]]],[[[-160.49738,55.19465],[-160.56371,55.2298],[-160.55199,55.26293],[-160.58239,55.28555],[-160.57445,55.32494],[-160.53559,55.36433],[-160.5998,55.37279],[-160.60473,55.33076],[-160.70283,55.31757],[-160.65876,55.36384],[-160.69599,55.40693],[-160.78405,55.38988],[-160.85363,55.33186],[-160.86046,55.27351],[-160.8474,55.2071],[-160.81578,55.17756],[-160.68525,55.18037],[-160.62706,55.15371],[-160.57527,55.16267],[-160.53832,55.13321],[-160.49738,55.19465]]],[[[-160.14794,55.38642],[-160.15538,55.44107],[-160.30476,55.45832],[-160.34655,55.41747],[-160.29878,55.40009],[-160.25947,55.42231],[-160.14794,55.38642]]],[[[-158.70857,55.83149],[-158.79174,55.89029],[-158.81123,55.85952],[-158.70857,55.83149]]],[[[-169.58088,56.60952],[-169.60802,56.60334],[-169.74299,56.62035],[-169.63268,56.54466],[-169.5869,56.54141],[-169.47435,56.593],[-169.58088,56.60952]]],[[[-170.24157,57.21625],[-170.39611,57.20197],[-170.39924,57.16104],[-170.25524,57.1411],[-170.16857,57.16901],[-170.13679,57.22456],[-170.24157,57.21625]]],[[[-165.5821,59.951],[-165.6435,60.00495],[-165.6772,60.06318],[-165.72606,60.06647],[-165.67146,60.12165],[-165.7329,60.17634],[-165.67829,60.21109],[-165.71821,60.24555],[-165.68444,60.29979],[-165.78755,60.34138],[-165.88679,60.3476],[-165.98823,60.32062],[-166.07551,60.33393],[-166.08015,60.35932],[-166.18537,60.40217],[-166.30822,60.38239],[-166.37983,60.34894],[-166.45922,60.38715],[-166.55895,60.35944],[-166.57771,60.31525],[-166.66767,60.3277],[-166.79231,60.2923],[-166.82042,60.2176],[-166.87397,60.21064],[-167.15815,60.23452],[-167.28807,60.23872],[-167.42109,60.21174],[-167.43615,60.19538],[-167.34358,60.14216],[-167.32185,60.08076],[-167.25422,60.08755],[-167.18981,60.02778],[-167.12194,60.00072],[-167.04479,60.00165],[-166.78783,59.92113],[-166.74861,59.89761],[-166.67077,59.88544],[-166.61335,59.85639],[-166.40644,59.8548],[-166.24401,59.80785],[-166.18208,59.75629],[-166.08174,59.77904],[-166.15742,59.82746],[-166.21577,59.82001],[-166.24669,59.85391],[-166.13252,59.85822],[-166.12267,59.84113],[-165.97911,59.87617],[-165.86494,59.88276],[-165.77107,59.90697],[-165.59862,59.90965],[-165.5821,59.951]]],[[[-172.29731,60.3513],[-172.41076,60.40168],[-172.53364,60.39151],[-172.81184,60.47797],[-172.90669,60.52827],[-172.95234,60.60098],[-173.03767,60.56538],[-173.03779,60.50585],[-172.78331,60.41234],[-172.72248,60.36811],[-172.57197,60.32709],[-172.47444,60.34984],[-172.29731,60.3513]]],[[[-169.80997,63.06464],[-169.8557,63.08869],[-169.77709,63.03506],[-169.79003,63.05166],[-169.80997,63.06464]]],[[[-169.44094,63.36354],[-169.50813,63.37336],[-169.48933,63.36783],[-169.44094,63.36354]]],[[[-170.29621,63.23941],[-170.38182,63.30142],[-170.48546,63.34467],[-170.70783,63.39521],[-170.44966,63.3251],[-170.36913,63.2906],[-170.29621,63.23941]]],[[[-170.97521,63.43122],[-171.02925,63.43867],[-171.05854,63.43012],[-170.97521,63.43122]]],[[[-171.09004,63.60391],[-171.0749,63.60224],[-171.07079,63.60248],[-171.09004,63.60391]]],[[[-171.09004,63.60391],[-171.14403,63.61176],[-171.15766,63.60974],[-171.09004,63.60391]]],[[[-168.74071,63.28099],[-168.7152,63.31196],[-168.9615,63.33714],[-169.00764,63.34927],[-169.12397,63.30061],[-169.20592,63.30732],[-169.26216,63.34927],[-169.32555,63.36311],[-169.54951,63.36294],[-169.59728,63.42438],[-169.65734,63.43964],[-169.78222,63.43537],[-169.95368,63.48872],[-170.07323,63.49934],[-170.03856,63.53193],[-170.08247,63.61518],[-170.1671,63.63044],[-170.29735,63.69554],[-170.49657,63.7001],[-170.5959,63.66966],[-170.66259,63.67251],[-170.77351,63.62051],[-170.93696,63.57168],[-170.97521,63.58942],[-171.08759,63.58198],[-171.15929,63.60981],[-171.31041,63.62299],[-171.48717,63.60895],[-171.50434,63.65327],[-171.64619,63.71235],[-171.62572,63.76073],[-171.6726,63.79633],[-171.73933,63.79121],[-171.72057,63.75267],[-171.75166,63.66405],[-171.8094,63.63516],[-171.85289,63.52119],[-171.82124,63.44172],[-171.73558,63.37592],[-171.55744,63.33503],[-171.43932,63.31977],[-171.29487,63.36205],[-171.29052,63.38337],[-171.1837,63.40229],[-171.08385,63.44489],[-170.85615,63.46035],[-170.77636,63.42056],[-170.67732,63.41816],[-170.44432,63.3592],[-170.32982,63.30585],[-170.23497,63.28352],[-170.21601,63.25471],[-170.23603,63.19746],[-170.15966,63.18476],[-170.11339,63.20279],[-170.02461,63.17064],[-169.86693,63.14448],[-169.81745,63.12678],[-169.71618,63.02485],[-169.76179,63.01411],[-169.75556,62.96564],[-169.66621,62.94522],[-169.59752,62.98387],[-169.52648,63.09138],[-169.44567,63.11319],[-169.41295,63.1507],[-169.28734,63.19331],[-169.03925,63.18806],[-168.95161,63.166],[-168.81184,63.17011],[-168.72887,63.23383],[-168.74071,63.28099]]],[[[-133.52033,54.81411],[-133.54609,54.78502],[-133.51517,54.78246],[-133.52033,54.81411]]],[[[-131.18915,55.10343],[-131.25489,55.06924],[-131.18999,55.04834],[-131.18915,55.10343]]],[[[-133.30728,55.43219],[-133.3152,55.40455],[-133.23828,55.4138],[-133.23606,55.44022],[-133.30728,55.43219]]],[[[-152.28819,57.39699],[-152.29993,57.37412],[-152.26774,57.37509],[-152.28819,57.39699]]],[[[-136.13757,58.26509],[-136.06,58.26779],[-136.04505,58.3186],[-136.14369,58.28537],[-136.13757,58.26509]]],[[[-135.7185,58.34614],[-135.67062,58.3309],[-135.54334,58.33483],[-135.5689,58.37315],[-135.6549,58.3798],[-135.7185,58.34614]]],[[[-152.03523,58.95169],[-152.06045,58.9444],[-152.07514,58.91966],[-152.01313,58.93985],[-152.03523,58.95169]]],[[[-151.68786,59.12966],[-151.72158,59.1219],[-151.69984,59.09794],[-151.66256,59.09819],[-151.68786,59.12966]]],[[[-151.46513,59.13819],[-151.5085,59.12857],[-151.45956,59.10901],[-151.42828,59.1173],[-151.46513,59.13819]]],[[[-151.85899,59.16387],[-151.89319,59.14436],[-151.80076,59.13889],[-151.81682,59.17066],[-151.85899,59.16387]]],[[[-146.3236,59.45214],[-146.35863,59.42243],[-146.34069,59.41144],[-146.30822,59.44709],[-146.3236,59.45214]]],[[[-152.56318,60.14997],[-152.58617,60.17207],[-152.63813,60.1673],[-152.61115,60.13105],[-152.56318,60.14997]]],[[[-147.36042,60.30073],[-147.49389,60.26313],[-147.47273,60.22956],[-147.34781,60.27359],[-147.36042,60.30073]]],[[[-173.06432,60.64252],[-173.06245,60.67853],[-173.0937,60.67984],[-173.1136,60.65302],[-173.06432,60.64252]]],[[[-146.82031,60.84169],[-146.76558,60.80196],[-146.70406,60.83949],[-146.73874,60.87107],[-146.82031,60.84169]]],[[[-147.09415,60.89794],[-147.14232,60.90917],[-147.24665,60.9018],[-147.31054,60.87446],[-147.13964,60.85562],[-147.09415,60.89794]]],[[[-165.94892,62.02953],[-165.97619,62.04458],[-166.00874,62.03726],[-165.98054,62.01561],[-165.94892,62.02953]]],[[[-168.03551,64.9853],[-168.08759,64.97883],[-168.07872,64.95686],[-168.02656,64.96809],[-168.03551,64.9853]]],[[[-168.90791,65.7683],[-168.94298,65.76472],[-168.94213,65.74372],[-168.89961,65.74763],[-168.90791,65.7683]]],[[[-167.77701,65.77302],[-167.81941,65.75935],[-167.8487,65.74283],[-167.82722,65.73859],[-167.78002,65.75959],[-167.77701,65.77302]]],[[[-167.67097,65.79369],[-167.71862,65.77782],[-167.69542,65.74091],[-167.63996,65.77342],[-167.67097,65.79369]]],[[[-166.85949,66.03974],[-167.16491,65.93171],[-166.98717,65.98355],[-166.86315,66.02798],[-166.85949,66.03974]]],[[[-166.28352,66.20063],[-166.32221,66.19286],[-166.76277,66.07119],[-166.59703,66.1048],[-166.46886,66.1459],[-166.38655,66.16071],[-166.28352,66.20063]]],[[[-166.08853,66.25617],[-166.14741,66.23542],[-166.12788,66.22582],[-166.08853,66.25617]]],[[[-165.86433,66.31688],[-165.97004,66.28669],[-165.96447,66.26447],[-165.87316,66.30012],[-165.86433,66.31688]]],[[[-165.48872,66.409],[-165.69087,66.37075],[-165.68053,66.35932],[-165.62633,66.37763],[-165.60139,66.37665],[-165.48872,66.409]]],[[[-165.48872,66.409],[-165.42394,66.42133],[-165.44831,66.41877],[-165.48872,66.409]]],[[[-165.34264,66.43671],[-165.42304,66.42145],[-165.38166,66.42569],[-165.37837,66.4289],[-165.34264,66.43671]]],[[[-165.34264,66.43671],[-165.3227,66.44042],[-165.3264,66.44025],[-165.34264,66.43671]]],[[[-164.76334,66.54645],[-165.32085,66.44058],[-165.18147,66.45856],[-165.12373,66.47793],[-165.06261,66.47968],[-164.92931,66.50483],[-164.88292,66.50483],[-164.76334,66.54645]]]]}}