{"type":"Feature","properties":{"id":"CAN.5.1","name":"Nunavut","level":2,"country":"CAN"},"geometry":{"type":"MultiPolygon","coordinates":[[[[-94.82287,60],[-94.52695,60.62927],[-93.99352,61.45074],[-93.55917,61.65751],[-93.6538,61.76331],[-93.54979,61.75861],[-93.5073,61.74323],[-93.54652,61.93843],[-93.34415,61.89081],[-92.83737,62.20458],[-92.72012,62.37909],[-92.48864,62.43467],[-92.55762,62.5708],[-92.45549,62.53021],[-91.98086,62.52987],[-91.87509,62.63637],[-92.16083,62.66195],[-92.3422,62.72732],[-92.42377,62.80175],[-92.36061,62.84395],[-92.09967,62.86083],[-91.40968,62.79133],[-90.64948,63.02536],[-90.8705,63.41871],[-91.38486,63.51436],[-91.63119,63.5816],[-91.78674,63.72166],[-92.04206,63.66677],[-92.2526,63.74585],[-92.37926,63.7264],[-92.46249,63.8015],[-92.62164,63.77315],[-93.09722,63.87138],[-92.95995,63.94167],[-92.64434,63.82263],[-92.46959,63.82312],[-92.35631,63.76681],[-92.25076,63.77087],[-92.08402,63.73213],[-91.82345,63.73585],[-91.41443,63.69703],[-90.97474,63.57844],[-90.62731,63.47509],[-90.6877,63.53543],[-90.65658,63.58478],[-90.3058,63.62342],[-90.25578,63.60371],[-90.05657,63.75947],[-89.96407,63.80226],[-90.10807,63.88629],[-90.11292,63.90241],[-90.14412,63.91038],[-90.11704,63.91332],[-90.11923,63.93386],[-89.84306,63.91446],[-89.8309,63.984],[-89.88966,63.99384],[-89.88723,64.00927],[-89.83434,64.02516],[-89.93457,64.0845],[-89.9122,64.10254],[-90,64.15954],[-89.78819,64.13719],[-89.79136,64.09629],[-89.50632,64.03796],[-89.31478,64.01131],[-89.27612,63.96635],[-89.25519,63.99455],[-89.27379,64.01232],[-89.18481,63.97347],[-89.10371,63.97116],[-89.11208,64.03356],[-88.75926,63.98085],[-88.58536,64.02254],[-88.46625,64.07208],[-88.47288,64.1055],[-88.34192,64.10164],[-87.55289,64.57155],[-87.55777,64.60197],[-87.4626,64.70212],[-87.33208,64.75293],[-87.17129,64.93578],[-87.05542,64.97334],[-86.93654,65.16737],[-87.01173,65.23884],[-89.03167,65.32203],[-89.94288,65.792],[-89.70469,65.9455],[-88.61955,65.66051],[-88.21571,65.40209],[-87.34217,65.31907],[-86.52424,65.68587],[-85.89915,66.1986],[-83.33503,66.35715],[-81.46167,66.99484],[-81.1994,67.44856],[-82.08354,67.90896],[-82.17379,68.49571],[-81.23887,68.63906],[-81.31315,69.19367],[-84.40054,69.85973],[-85.28513,69.83296],[-85.44839,69.25943],[-85.28949,69.14502],[-85.07781,69.1121],[-84.97329,69.14585],[-84.92495,69.08496],[-84.74424,69.02879],[-85.06488,68.96208],[-85.09206,68.92903],[-84.99214,68.88337],[-85.16541,68.87264],[-85.15137,68.82421],[-85.64563,68.72066],[-85.72215,68.58403],[-85.70067,68.54957],[-85.72589,68.43981],[-85.69979,68.40291],[-85.74973,68.36755],[-85.79744,68.27088],[-85.88405,68.18853],[-85.87474,68.04291],[-86.96565,67.24265],[-87.06065,67.21524],[-87.24037,67.19229],[-87.40903,67.18228],[-87.46984,67.19345],[-87.3543,67.2367],[-88.38759,67.98803],[-87.77648,68.40259],[-88.04248,68.82544],[-89.37985,69.22552],[-89.82898,68.53671],[-89.88715,68.45699],[-90.16797,68.23642],[-90.31914,68.31011],[-90.29286,68.37977],[-90.59547,68.45862],[-90.46677,68.52883],[-90.46945,68.67644],[-90.51713,68.74068],[-90.5091,68.75348],[-90.49457,68.75832],[-90.46758,68.77002],[-90.46105,68.78167],[-90.44508,68.79064],[-90.45364,68.89808],[-90.69647,69.01543],[-90.64762,69.08372],[-91.12522,69.25299],[-91.04451,69.26993],[-90.8093,69.25916],[-90.78112,69.48637],[-91.78329,69.50474],[-91.93095,69.51802],[-92.15989,69.58165],[-92.47661,69.7014],[-92.62894,69.68084],[-92.67708,69.7139],[-92.76014,69.71432],[-92.74853,69.7325],[-92.66602,69.74859],[-92.55234,69.80902],[-92.44211,69.82244],[-92.36494,69.84451],[-92.36085,69.85345],[-92.30357,69.8722],[-92.22736,69.89516],[-92.16053,69.94393],[-91.94264,70.01912],[-92.14971,70.09814],[-92.46891,70.10505],[-92.28551,70.18845],[-91.93296,70.12274],[-91.51133,70.1503],[-92.86434,70.87711],[-92.83292,71.04626],[-92.8519,71.17742],[-92.94987,71.35052],[-93.78563,71.64909],[-94.46891,71.82449],[-95.8898,71.61003],[-96.57562,70.78392],[-96.15679,70.61669],[-96.47809,70.09507],[-96.02896,69.81553],[-94.27393,69.43987],[-94.19538,69.03437],[-94.51642,68.89566],[-94.21004,68.7454],[-93.89751,68.8412],[-93.5638,68.85578],[-93.70057,68.69174],[-93.61796,68.63312],[-93.4332,68.59725],[-93.36439,68.55722],[-93.3775,68.47262],[-93.35951,68.45457],[-93.32074,68.43549],[-93.31436,68.42377],[-93.26477,68.42381],[-93.22863,68.41564],[-93.20609,68.4226],[-93.14266,68.41923],[-93.08665,68.42489],[-92.99537,68.4202],[-92.94918,68.43148],[-92.83994,68.44054],[-92.34323,68.44199],[-92.20912,68.45058],[-92.14262,68.37612],[-92.12563,68.3398],[-92.13669,68.33246],[-92.06463,68.29987],[-92.06422,68.2875],[-92.08781,68.27794],[-92.10169,68.26053],[-92.13294,68.24809],[-92.19066,68.17882],[-92.36891,68.16354],[-92.56662,68.09248],[-92.6265,68.10973],[-92.50846,68.14944],[-92.20038,68.20231],[-92.14949,68.25806],[-92.06947,68.28759],[-92.06892,68.29985],[-92.14067,68.3267],[-92.13642,68.36023],[-92.20354,68.41631],[-92.22311,68.4453],[-92.35415,68.43297],[-92.75026,68.43953],[-92.88918,68.42423],[-92.99174,68.4192],[-93.0919,68.42172],[-93.22987,68.41361],[-93.26817,68.4226],[-93.30044,68.42119],[-93.32139,68.42438],[-93.32374,68.43544],[-93.36395,68.45558],[-93.38092,68.46977],[-93.37696,68.54555],[-93.58472,68.56079],[-93.7273,68.50429],[-93.95969,68.47117],[-94.19326,68.37074],[-95.6957,67.73417],[-95.28958,67.34163],[-95.13421,67.28401],[-95.33491,67.15497],[-95.45408,67.17828],[-95.49033,67.22062],[-95.72334,67.19239],[-95.80253,67.17347],[-95.63214,67.26317],[-95.52465,67.32628],[-95.78355,67.33268],[-95.88826,67.28546],[-95.91253,67.28295],[-96.02791,67.24195],[-96.09688,67.22266],[-96.22676,67.2631],[-96.17952,67.42898],[-96.33163,67.49714],[-96.39175,67.5017],[-96.40326,67.54108],[-96.46981,67.5533],[-96.47322,67.53525],[-96.52598,67.52328],[-96.5014,67.49837],[-96.55172,67.47752],[-96.61209,67.47747],[-96.56358,67.4981],[-96.55949,67.50848],[-96.51337,67.52899],[-96.47424,67.5362],[-96.46935,67.55649],[-96.43401,67.55209],[-96.372,67.57042],[-96.3375,67.56976],[-96.33268,67.58495],[-96.31575,67.5889],[-96.31453,67.59484],[-96.30174,67.59683],[-96.28942,67.63713],[-96.14263,67.62026],[-96.18996,67.81034],[-95.93236,68.25912],[-96.61981,68.11778],[-96.4388,68.2471],[-96.61006,68.2336],[-96.7123,68.27076],[-96.86423,68.26644],[-96.89862,68.24845],[-96.99765,68.28778],[-97.31836,68.50588],[-97.37007,68.50388],[-97.51864,68.51794],[-97.59123,68.49221],[-97.68627,68.54396],[-97.71964,68.52809],[-97.76633,68.5463],[-97.81794,68.54384],[-97.90458,68.55336],[-97.85037,68.42297],[-97.88127,68.35639],[-97.98926,68.37198],[-98.16803,68.31236],[-98.7155,67.96415],[-98.32407,67.79548],[-98.38507,67.78426],[-98.42929,67.79501],[-98.48849,67.78354],[-98.61557,67.78613],[-98.72859,67.7592],[-98.74927,67.7555],[-98.74822,67.75032],[-98.75383,67.74747],[-98.76203,67.74922],[-98.76644,67.74356],[-98.8266,67.75384],[-98.88786,67.74262],[-98.887,67.72432],[-98.89749,67.69904],[-99.0135,67.73118],[-99.0632,67.72727],[-99.07222,67.73873],[-99.11778,67.73928],[-99.11697,67.7243],[-99.17221,67.7234],[-99.18538,67.70863],[-99.21945,67.71735],[-99.47741,67.80683],[-99.92747,67.80478],[-100.19607,67.84972],[-100.37,67.85135],[-100.46778,67.82627],[-100.54996,67.76704],[-100.59237,67.75979],[-100.60978,67.75161],[-100.63207,67.76198],[-100.6179,67.76768],[-100.6123,67.79302],[-100.59228,67.79303],[-100.57015,67.81486],[-100.56707,67.83587],[-100.59833,67.84158],[-100.62772,67.82964],[-100.65265,67.83611],[-100.65258,67.84801],[-100.693,67.8507],[-100.72614,67.81468],[-100.86995,67.76625],[-101.07149,67.73798],[-101.21007,67.74043],[-101.23607,67.6959],[-101.24989,67.68479],[-101.26639,67.68862],[-101.27032,67.69486],[-101.29837,67.70964],[-101.35745,67.71707],[-101.52783,67.6775],[-101.63198,67.71385],[-101.77503,67.70205],[-101.84394,67.73176],[-101.82804,67.74911],[-102.05463,67.73825],[-102.20357,67.73249],[-102.18914,67.69192],[-102.16114,67.68434],[-102.12821,67.67],[-102.04782,67.61849],[-102.02922,67.59843],[-102.0301,67.58976],[-102.03983,67.58366],[-102.07118,67.58191],[-102.10199,67.58845],[-102.08106,67.62988],[-102.13572,67.66962],[-102.20926,67.68343],[-102.2573,67.73163],[-102.30261,67.73488],[-102.36241,67.74675],[-102.83872,67.83921],[-102.9238,67.92429],[-103.03524,67.88907],[-103.06512,67.89226],[-103.07833,67.90028],[-103.08508,67.95337],[-103.19821,67.95648],[-103.35302,68.00942],[-104.48917,68.0283],[-104.55423,68.09202],[-104.56209,68.14265],[-104.64504,68.14684],[-104.56956,68.25412],[-104.5834,68.25112],[-104.5821,68.24776],[-104.60391,68.24938],[-104.63118,68.25874],[-104.70937,68.2605],[-104.73701,68.24855],[-104.79327,68.26604],[-104.90594,68.23592],[-105.06635,68.27278],[-105.13687,68.31444],[-105.21145,68.3336],[-105.18934,68.36874],[-105.27417,68.38102],[-105.26674,68.36895],[-105.30499,68.3777],[-105.31536,68.37447],[-105.3174,68.37641],[-105.32685,68.37723],[-105.30362,68.40959],[-105.39391,68.41594],[-105.47581,68.42555],[-105.50419,68.40857],[-105.53477,68.40761],[-105.52264,68.43278],[-105.37451,68.48487],[-105.38006,68.55476],[-105.52267,68.67373],[-105.43278,68.73735],[-105.77769,68.88413],[-108.25822,68.63243],[-106.63631,68.35249],[-108.02764,67.74688],[-109.05282,67.72965],[-109.46414,67.75181],[-109.94003,67.89329],[-110.45791,67.93527],[-110.53099,67.89462],[-110.6555,67.8802],[-110.83032,67.80187],[-112.42194,67.68184],[-113.09885,67.67767],[-113.11895,67.69831],[-113.85151,67.69674],[-114.97981,67.79271],[-115.14424,68.14063],[-114.04521,68.29608],[-113.88988,68.39935],[-115.62603,68.98356],[-117.17046,68.90159],[-120.72491,69.57493],[-120.63078,67.77996],[-118.59419,67.19886],[-117.06545,66.92918],[-112.58339,65.44707],[-110.53842,65.44582],[-108.83789,64.73213],[-102,64.18905],[-102,62.65],[-102,60],[-96.75,60],[-94.82287,60]]],[[[-74,64.5368],[-73.96048,64.4774],[-73.8991,64.45811],[-73.86212,64.46947],[-73.76395,64.47206],[-73.84661,64.507],[-73.89664,64.56101],[-73.75559,64.53886],[-73.66835,64.58081],[-73.66043,64.59657],[-73.64258,64.59843],[-73.62134,64.61471],[-73.54542,64.57047],[-73.67219,64.44568],[-73.63354,64.37649],[-73.49828,64.43087],[-73.46894,64.50298],[-73.37945,64.50556],[-73.48475,64.39798],[-73.3698,64.33994],[-73.34653,64.25853],[-73.16448,64.28222],[-72.90856,64.17053],[-72.95411,64.05918],[-72.73045,64.00189],[-72.59663,63.87227],[-72.62491,63.86773],[-72.62743,63.84219],[-72.56799,63.85848],[-72.49312,63.81977],[-72.44865,63.81934],[-72.44884,63.80015],[-72.16676,63.87032],[-72.14664,63.74403],[-71.95964,63.66932],[-71.8373,63.71591],[-71.95017,63.78169],[-71.88346,63.79638],[-71.81521,63.7868],[-71.74075,63.74877],[-71.77263,63.71258],[-71.71655,63.70408],[-71.67674,63.68522],[-71.61285,63.63509],[-71.58542,63.65036],[-71.62979,63.69045],[-71.55521,63.68157],[-71.55092,63.58112],[-71.88487,63.44099],[-71.62682,63.13495],[-71.17398,63.059],[-70.56124,62.88285],[-70.1677,62.74405],[-70.08089,62.74489],[-70.03491,62.76671],[-69.96967,62.76945],[-69.99292,62.80014],[-69.89848,62.78523],[-69.88959,62.75905],[-69.79501,62.76344],[-69.8459,62.8053],[-69.69112,62.77137],[-69.6166,62.77434],[-69.53783,62.72395],[-69.44472,62.56295],[-69.04614,62.38572],[-68.60606,62.26076],[-67.53035,62.17217],[-65.94359,61.88129],[-66.05069,62.22481],[-66.17258,62.29871],[-66.19027,62.34007],[-66.31819,62.40087],[-66.50779,62.43012],[-66.45614,62.49275],[-66.70807,62.65348],[-67.54046,63.04144],[-67.86437,63.07688],[-67.86364,63.13664],[-68.19349,63.19663],[-68.26672,63.30656],[-68.75553,63.55615],[-68.97135,63.74553],[-68.43609,63.72653],[-67.8194,63.46692],[-67.49874,63.48691],[-66.70587,63.06696],[-65.90347,62.98295],[-64.95121,62.62654],[-64.94212,62.72345],[-65.15917,62.86769],[-64.82404,62.86931],[-64.74968,63.1249],[-64.47533,63.3162],[-64.51283,63.68849],[-64.89459,63.77249],[-64.93625,63.83886],[-64.74138,63.93976],[-65.39023,64.24185],[-65.0638,64.48443],[-65.31596,64.53962],[-65.41921,64.50032],[-65.65408,64.49041],[-65.70709,64.5171],[-65.68889,64.5801],[-65.5306,64.72544],[-65.83145,64.8847],[-66.05157,64.83575],[-66.35988,64.91487],[-66.52033,65.01341],[-66.6219,64.93951],[-66.67199,64.85117],[-66.73905,64.86949],[-66.7119,64.90772],[-66.77937,64.94571],[-67.07657,65.2209],[-67.09938,65.26656],[-67.15854,65.27652],[-67.10697,65.31863],[-67.20988,65.34031],[-67.12942,65.35463],[-67.05531,65.45244],[-67.45916,65.49452],[-67.39683,65.51339],[-67.44466,65.54259],[-67.35409,65.55083],[-67.29717,65.53819],[-67.27811,65.56096],[-67.32923,65.57234],[-67.25935,65.58815],[-67.41465,65.67918],[-67.46022,65.66912],[-67.48418,65.64412],[-67.52861,65.66518],[-67.66878,65.65536],[-67.91068,65.69311],[-67.83405,65.80349],[-67.92741,65.90979],[-67.7771,65.87737],[-67.73505,65.90102],[-67.74208,65.95947],[-67.65096,65.92596],[-67.62226,65.90385],[-67.42985,65.897],[-67.41244,65.92118],[-67.37392,65.92963],[-67.22548,65.95293],[-67.15412,66.04369],[-67.67381,66.23261],[-67.86587,66.45409],[-67.68263,66.45514],[-67.55365,66.40596],[-67.49729,66.37906],[-67.49028,66.35271],[-67.41555,66.29599],[-67.11261,66.31383],[-67.11832,66.44077],[-67.23048,66.47736],[-67.37014,66.55289],[-67.52596,66.54608],[-67.50445,66.59028],[-67.38662,66.59539],[-67.18467,66.52715],[-67.13785,66.48633],[-66.86868,66.57621],[-66.76618,66.50261],[-66.81522,66.46807],[-65.89541,66.08899],[-65.3587,65.98305],[-65.49752,65.74597],[-65.1568,65.43105],[-64.60303,65.18178],[-64.36962,65.17653],[-63.90271,65.08132],[-63.65748,64.9131],[-63.31785,65.18816],[-63.35475,65.26929],[-63.40543,65.32755],[-63.48282,65.35065],[-63.43457,65.37087],[-63.40004,65.70505],[-63.03181,65.62236],[-62.89471,65.62865],[-62.73794,65.58251],[-62.40551,65.95794],[-61.99923,66.00531],[-61.88902,66.27651],[-61.46661,66.36966],[-61.63759,66.43922],[-61.26428,66.62004],[-61.72487,66.93057],[-62.25472,66.96736],[-62.51729,66.87194],[-62.56769,66.9542],[-62.85212,66.9661],[-63.12113,66.94693],[-63.22891,66.89256],[-63.3471,66.87985],[-63.39024,66.80592],[-63.55594,66.89657],[-63.49683,66.92328],[-63.2419,66.95716],[-63.99044,67.22132],[-64.51959,67.81115],[-65.01321,67.78795],[-64.98788,67.91715],[-65.62645,68.00116],[-65.92732,67.86905],[-66.18941,68.00909],[-66.31086,68.12222],[-66.83365,68.12107],[-67.1156,68.46623],[-68.12251,68.55051],[-68.43033,68.84828],[-67.71559,69.18532],[-66.66076,69.24333],[-67.22051,69.46787],[-67.58889,70.17759],[-68.47192,70.60772],[-70.51739,70.9329],[-72.58744,71.65492],[-72.75408,71.43793],[-73.04842,71.28817],[-73.57409,71.40055],[-73.6364,71.44326],[-73.56294,71.55313],[-74.27414,71.73101],[-75.00307,72.12801],[-75.18467,72.50006],[-77.56799,72.76323],[-78.60372,72.3669],[-78.82355,72.32212],[-78.88148,72.23494],[-78.71484,72.17421],[-79.00976,72.08877],[-78.95125,72.21685],[-79.08704,72.33599],[-79.2961,72.4022],[-79.48871,72.30146],[-80.07321,72.3826],[-80.44686,72.14902],[-80.8049,72.27138],[-80.50015,72.38196],[-80.51976,72.64033],[-80.58567,73.15542],[-81.56681,73.72433],[-82.85167,73.7328],[-85.12361,73.31331],[-85.68748,72.66344],[-86.69826,72.8376],[-84.84988,73.74021],[-86.6353,73.85158],[-88.2753,73.57434],[-88.96842,73.2929],[-89.74511,72.61228],[-90.11096,71.93384],[-89.41877,70.91326],[-88.66706,70.46334],[-87.75398,70.24753],[-86.65669,70.33476],[-85.75171,70.00216],[-83.07033,70.01871],[-82.6422,69.88784],[-82.3829,69.87466],[-82.2827,69.80649],[-81.48767,69.93914],[-81.05912,70.09042],[-79.72603,69.86897],[-77.67723,69.82342],[-74.97954,69.03842],[-74.70315,68.93955],[-74.87554,68.81804],[-74.23062,68.52064],[-73.65539,68.2963],[-73.13788,68.22773],[-73.0051,68.24078],[-72.17227,67.26496],[-73.05201,66.72153],[-74.44302,66.10106],[-73.74516,65.77324],[-74.54208,65.32287],[-75.23154,65.25106],[-75.9188,65.32257],[-76.09169,65.26639],[-76.66886,65.40438],[-77.0338,65.40352],[-77.34049,65.47459],[-77.30732,65.19788],[-78.13847,64.96451],[-77.85133,64.37106],[-77.83829,64.36486],[-77.82678,64.37221],[-77.83046,64.37795],[-77.80969,64.37462],[-77.78841,64.37399],[-77.49129,64.35508],[-76.80537,64.2326],[-76.73333,64.2881],[-76.54173,64.3045],[-76.42922,64.26701],[-76.21902,64.30459],[-76.34406,64.33618],[-76.35737,64.35908],[-76.27547,64.34666],[-76.24036,64.35997],[-76,64.36966],[-75.86758,64.37722],[-75.46283,64.54219],[-75.16387,64.4846],[-74.94271,64.40833],[-74.71231,64.37214],[-74.5039,64.46486],[-74.66558,64.5325],[-74.60656,64.5566],[-74.53887,64.52913],[-74.46678,64.56788],[-74,64.5368]]],[[[-64.8316,82.9095],[-69.81676,83.10267],[-72.65292,83.09291],[-73.25603,83.01239],[-73.76844,82.8489],[-73.97183,82.95849],[-75.87722,83.07834],[-77.80921,82.93024],[-78.23249,82.86004],[-78.61755,82.94038],[-79.2733,82.97002],[-80.12196,82.92817],[-81.55105,82.79303],[-82.62033,82.28263],[-85.47012,82.4033],[-86.856,82.1995],[-86.2231,82.04459],[-87.94152,82.10144],[-88.51062,82.06474],[-89.03452,81.98447],[-88.94585,81.93506],[-88.9967,81.90984],[-89.25078,81.94102],[-89.36506,81.90601],[-91.42437,81.76718],[-89.67975,81.63032],[-89.51026,81.35577],[-90.27286,81.14915],[-88.1309,80.68101],[-86.04116,80.52909],[-86.45404,79.7791],[-84.48707,79.41294],[-84.32202,78.9714],[-86.62629,78.80313],[-88.22971,77.65759],[-88.08841,77.11079],[-89.66544,76.57193],[-87.60072,76.33817],[-80.75709,76.41974],[-78.17649,76.5215],[-79.39629,76.92261],[-79.18006,77.29007],[-76.95524,77.89707],[-75.63278,78.03936],[-74.55559,79.01455],[-74.90533,79.37358],[-74.6417,79.43625],[-74.04387,79.43709],[-73.10254,79.54067],[-71.13865,79.77544],[-68.66791,80.66598],[-64.75433,81.36946],[-64.42814,81.71191],[-61.12891,82.24574],[-64.8316,82.9095]]],[[[-116.98927,69.69251],[-115.9349,69.29783],[-114.37892,69.29414],[-113.94562,69.26382],[-113.74082,69.21632],[-113.68406,69.21678],[-113.56116,69.18394],[-113.63805,69.1904],[-113.32058,68.59172],[-112.57463,68.51192],[-111.15494,68.58925],[-110.80317,68.56863],[-110.59768,68.62502],[-110.28223,68.59765],[-109.73398,68.6354],[-107.49345,68.98395],[-106.24929,69.28407],[-104.34162,68.91558],[-102.91187,68.79827],[-101.72902,69.18555],[-102.49587,69.56185],[-101.49102,70.13661],[-101.63384,70.18504],[-101.64249,70.30011],[-101.86381,70.26262],[-102.61122,70.49445],[-103.45747,70.59465],[-103.98299,70.76163],[-104.61475,71.12761],[-104.30085,71.58967],[-104.78151,71.85812],[-105.30542,72.56302],[-105.30497,72.74141],[-107.00658,73.30706],[-108.26276,73.12517],[-107.76963,72.19915],[-109.8407,72.92537],[-109.8618,69.99805],[-114.50012,69.99996],[-117.02284,70.00025],[-116.98927,69.69251]]],[[[-93.50665,81.38056],[-94.36222,81.25291],[-93.85111,81.03642],[-94.36152,80.96331],[-94.49507,81.03566],[-95.23519,81.0055],[-95.2247,80.8845],[-95.23557,80.85936],[-95.34627,80.858],[-95.49875,80.81372],[-94.67123,80.725],[-94.52546,80.60121],[-95.97219,80.58296],[-95.69146,80.37329],[-96.51413,80.2772],[-96.62899,79.90223],[-96.36224,79.83705],[-95.9144,79.65395],[-94.92736,79.58905],[-95.6998,79.54068],[-95.75274,79.42718],[-95.31673,79.40824],[-95.05161,79.27164],[-92.92953,78.42145],[-91.63693,78.1863],[-88.74357,78.19326],[-86.50757,79.05744],[-84.8938,79.26337],[-86.32083,79.64984],[-87.6135,80.40498],[-90.74682,80.56225],[-92.04529,81.22134],[-93.50665,81.38056]]],[[[-95.69706,77.07101],[-96.37194,77.03237],[-96.79395,76.98578],[-96.97144,76.73938],[-96.47479,76.69008],[-95.88945,76.41176],[-93.09902,76.32093],[-92.00398,75.59333],[-92.50363,75.21635],[-91.5916,74.65199],[-87.73598,74.45765],[-81.75684,74.4695],[-81.33234,74.56835],[-80.30471,74.57966],[-79.38983,74.87322],[-79.58821,75.19257],[-79.51092,75.39348],[-81.09364,75.76629],[-82.35484,75.83729],[-86.13777,75.51763],[-88.20293,75.53327],[-90.22519,76.04598],[-89.29303,76.30028],[-91.45059,76.69322],[-93.10907,76.59855],[-93.71636,76.92075],[-95.69706,77.07101]]],[[[-100.02449,73.95033],[-101.12799,73.73661],[-101.20362,73.61098],[-101.57651,73.46444],[-100.05014,72.89122],[-101.30213,72.72076],[-101.82187,72.32371],[-100.6385,72.19421],[-99.21639,71.35328],[-96.52367,71.83682],[-96.26982,72.41447],[-96.43463,72.64204],[-96.84242,72.69353],[-97.06816,72.61312],[-97.18083,72.66186],[-97.00364,72.74255],[-97.03549,72.76794],[-97.31128,72.86016],[-97.60124,73.02692],[-96.9271,73.69428],[-97.74857,73.91581],[-99.21025,73.73758],[-100.02449,73.95033]]],[[[-85.50951,65.9241],[-85.9524,65.74856],[-86.39498,64.58634],[-86.18195,64.08587],[-87.21021,63.70039],[-85.60714,63.6754],[-85.21609,63.11001],[-83.58512,63.83201],[-82.53589,63.95642],[-82.49817,63.94442],[-82.48922,63.92967],[-82.45091,63.92809],[-82.36615,63.89549],[-82.33665,63.8345],[-82.43093,63.66829],[-82.06622,63.68151],[-81.05724,63.43757],[-80.18816,63.79473],[-81.60356,64.13732],[-81.72926,64.27896],[-81.74334,64.48977],[-85.06626,65.45932],[-85.50951,65.9241]]],[[[-93.49123,74.1788],[-95.30513,73.98568],[-95.65931,73.72885],[-95.69545,73.63675],[-95.5903,73.63147],[-95.60212,73.61514],[-95.55785,73.60866],[-95.64934,73.59139],[-95.60261,73.54749],[-95.55884,73.16167],[-95.61044,72.72093],[-95.18961,72.42075],[-95.17693,72.24316],[-95.18908,72.17797],[-95.14832,72.17198],[-95.18935,72.10871],[-95.13911,72.09167],[-95.207,72.05339],[-95.17873,71.97118],[-94.23571,72.02736],[-93.44303,72.46283],[-91.79133,72.87811],[-90.16801,73.89188],[-93.49123,74.1788]]],[[[-98.61365,76.68689],[-98.98828,76.61027],[-100.23922,76.64473],[-102.10298,76.30748],[-101.63183,75.97743],[-101.99619,75.55095],[-99.87099,75.67608],[-99.83691,75.58554],[-99.99831,75.45765],[-100.541,75.44133],[-100.37273,75.02811],[-97.97691,75.02354],[-98.03897,75.47875],[-97.41715,75.61082],[-97.77298,76.51588],[-98.20981,76.54554],[-98.61365,76.68689]]],[[[-109.83057,74.87514],[-108.58762,75.05285],[-107.18373,74.91372],[-105.98781,75.0565],[-106.05775,75.08667],[-106.07483,75.11211],[-105.87177,75.1445],[-105.84592,75.28461],[-105.34786,75.6803],[-105.54666,75.92971],[-107.61186,76.00527],[-109.17589,76.82019],[-109.83534,76.50751],[-109.26889,76.10499],[-109.8324,75.86576],[-109.83057,74.87514]]],[[[-105.42452,79.33693],[-105.60984,79.03346],[-103.8284,78.89895],[-103.14677,78.37227],[-101.07682,78.20188],[-100.59358,77.87026],[-99.14815,77.86023],[-99.99662,78.74126],[-101.20839,78.8053],[-101.59806,79.06583],[-103.08982,79.28705],[-105.42452,79.33693]]],[[[-78.07513,73.66022],[-80.78164,73.75583],[-80.87927,73.34166],[-79.99292,72.86568],[-76.24257,72.82703],[-77.20736,73.51459],[-78.07513,73.66022]]],[[[-97.95862,69.90182],[-98.66494,69.21403],[-98.71038,68.80084],[-98.52848,68.78714],[-98.44003,68.74953],[-98.37805,68.76433],[-98.18826,68.71715],[-97.70152,68.64872],[-97.47952,68.55695],[-96.26883,68.47855],[-95.58557,68.7739],[-96.28796,69.36021],[-96.38101,69.37247],[-96.55744,69.44923],[-96.73426,69.49286],[-96.85475,69.49199],[-97.07197,69.58564],[-97.95862,69.90182]]],[[[-94.91479,75.64273],[-96.59053,75.07982],[-94.53944,74.62718],[-93.48434,74.67459],[-93.49731,75.27503],[-94.91479,75.64273]]],[[[-75.78211,68.33934],[-76.67094,68.25525],[-77.28,67.72986],[-76.98836,67.24644],[-75.88974,67.2487],[-75.03887,67.59976],[-75.02051,68.17108],[-75.78211,68.33934]]],[[[-98.13747,78.82059],[-98.38933,78.4683],[-97.49496,78.00313],[-96.29087,77.8612],[-94.84789,78.347],[-98.13747,78.82059]]],[[[-82.24818,62.99233],[-83.28384,62.93188],[-83.93863,62.47669],[-83.13501,62.17022],[-81.94719,62.72377],[-82.24818,62.99233]]],[[[-106.28737,73.73403],[-106.9953,73.49978],[-104.93546,73.04186],[-104.44567,73.54048],[-106.28737,73.73403]]],[[[-95.43841,77.80669],[-95.85117,77.46785],[-93.62953,77.44571],[-93.24117,77.73561],[-94.34916,77.75636],[-94.71148,77.79403],[-95.41195,77.74407],[-95.43841,77.80669]]],[[[-79.58611,62.40896],[-80.21086,62.13833],[-79.68285,61.60851],[-79.26639,62.24364],[-79.58611,62.40896]]],[[[-105.96081,77.76672],[-105.44012,77.26184],[-104.34754,77.20093],[-105.20687,77.63292],[-105.96081,77.76672]]],[[[-90.80418,77.6491],[-91.15722,77.36509],[-91.02458,77.31875],[-90.35753,77.19856],[-89.73193,77.4663],[-90.80418,77.6491]]],[[[-74.22013,68.15163],[-74.29571,67.76294],[-73.4282,67.75883],[-73.40702,67.9809],[-74.22013,68.15163]]],[[[-81.32149,53.21725],[-82.04879,53.00893],[-80.73747,52.6881],[-81.32149,53.21725]]],[[[-103.10794,76.31645],[-104.24547,76.22401],[-103.59094,76.04337],[-102.67411,76.11618],[-103.10794,76.31645]]],[[[-79.25728,56.62511],[-79.393,56.22452],[-79.71696,56.15859],[-80.01176,55.92361],[-79.4628,55.87502],[-79.04516,56.4246],[-79.25728,56.62511]]],[[[-104.26144,76.67935],[-104.34374,76.32717],[-102.99613,76.45142],[-104.26144,76.67935]]],[[[-79.4825,69.81139],[-80.69748,69.74951],[-80.33705,69.56902],[-79.63883,69.61259],[-79.4825,69.81139]]],[[[-104.22265,75.44504],[-104.90279,75.15602],[-103.58478,75.1689],[-104.22265,75.44504]]],[[[-77.95581,63.47152],[-78.47766,63.38207],[-77.86972,63.09068],[-77.49748,63.27657],[-77.95581,63.47152]]],[[[-86.6444,68.30617],[-86.98654,68.07569],[-86.85308,67.80429],[-86.34411,67.95017],[-86.6444,68.30617]]],[[[-99.6269,80.15432],[-100.17565,79.92254],[-98.70452,79.97184],[-99.6269,80.15432]]],[[[-90.00001,76.84265],[-90.60129,76.74564],[-90.20954,76.52472],[-89.70638,76.74299],[-90.00001,76.84265]]],[[[-109.83121,78.30226],[-109.32797,78.34181],[-109.24173,78.49163],[-109.83238,78.64303],[-109.83121,78.30226]]],[[[-78.3278,69.38692],[-79.21074,69.09429],[-78.71389,68.97598],[-78.3278,69.38692]]],[[[-102.0791,77.90612],[-102.07749,77.68833],[-100.94897,77.77344],[-102.0791,77.90612]]],[[[-70.78214,62.84172],[-70.72055,62.55659],[-70.57762,62.55149],[-70.36207,62.52302],[-70.168,62.57668],[-70.37762,62.73107],[-70.78214,62.84172]]],[[[-67.99431,60.5777],[-68.23794,60.58336],[-68.43574,60.26594],[-67.97472,60.28955],[-67.99431,60.5777]]],[[[-97.70715,74.12317],[-98.77474,74.03676],[-98.06771,73.8977],[-97.70715,74.12317]]],[[[-85.05027,66.03327],[-85.11815,65.76905],[-84.55323,65.62046],[-84.9127,66.01577],[-85.05027,66.03327]]],[[[-75.2611,68.73119],[-75.41312,68.53617],[-75.02758,68.3975],[-74.76527,68.49262],[-75.2611,68.73119]]],[[[-85.7708,79.07291],[-86.29318,79.00796],[-86.3548,78.89238],[-85.17017,79.00518],[-85.7708,79.07291]]],[[[-84.40214,66.14371],[-84.09719,65.77682],[-83.67351,65.93368],[-84.40214,66.14371]]],[[[-102.46977,76.09715],[-103.55425,75.97806],[-103.36659,75.90739],[-102.33865,76.01453],[-102.46977,76.09715]]],[[[-96.79317,73.19394],[-97.12392,73.09139],[-96.9615,72.93206],[-96.64639,72.94755],[-96.56388,73.08677],[-96.79317,73.19394]]],[[[-76.71374,69.41948],[-77.34009,69.41758],[-77.08866,69.13264],[-76.71374,69.41948]]],[[[-64.70478,61.65859],[-65.44928,61.57634],[-64.97031,61.39639],[-64.70478,61.65859]]],[[[-77.02738,63.67527],[-77.38166,63.5785],[-77.02642,63.41805],[-76.72411,63.57719],[-77.02738,63.67527]]],[[[-102.1394,75.99969],[-103.07137,75.89987],[-102.55494,75.78003],[-102.1394,75.99969]]],[[[-101.98824,68.82732],[-102.33502,68.69593],[-101.81675,68.59199],[-101.71581,68.7853],[-101.98824,68.82732]]],[[[-64.37403,62.53078],[-64.53017,62.55131],[-64.77749,62.56172],[-64.91402,62.41962],[-64.81579,62.39874],[-64.7672,62.3983],[-64.7351,62.37797],[-64.68801,62.37519],[-64.65415,62.36808],[-64.62267,62.36603],[-64.60486,62.36133],[-64.35271,62.46776],[-64.37403,62.53078]]],[[[-78.1302,69.75127],[-78.53236,69.64562],[-78.47202,69.51215],[-77.93889,69.64615],[-78.1302,69.75127]]],[[[-100.74917,76.75942],[-101.17592,76.66149],[-101.35113,76.55758],[-100.27514,76.73337],[-100.74917,76.75942]]],[[[-96.30986,75.65812],[-97.01697,75.49376],[-96.62805,75.39279],[-96.30986,75.65812]]],[[[-96.6635,69.59227],[-96.57266,69.50214],[-96.12833,69.3533],[-96.17227,69.57037],[-96.6635,69.59227]]],[[[-78.88483,76.11354],[-79.10899,76.1191],[-79.49412,75.9523],[-79.17787,75.94926],[-78.84394,76.04825],[-78.88483,76.11354]]],[[[-100.47604,69.05086],[-100.60726,68.78751],[-100.12918,68.86999],[-100.47604,69.05086]]],[[[-104.91073,68.59391],[-104.99672,68.50004],[-104.55669,68.39722],[-104.41324,68.49705],[-104.91073,68.59391]]],[[[-94.50557,75.98942],[-94.81119,75.79803],[-94.29318,75.75877],[-94.50557,75.98942]]],[[[-71.9464,71.03739],[-72.12126,70.81559],[-71.57509,70.91341],[-71.9464,71.03739]]],[[[-78.70433,68.66904],[-78.93768,68.50822],[-78.72793,68.45512],[-78.46205,68.62249],[-78.70433,68.66904]]],[[[-65.35218,64.72934],[-65.63008,64.5864],[-65.67566,64.5173],[-65.4359,64.51714],[-65.22711,64.63142],[-65.35218,64.72934]]],[[[-87.06958,70.15698],[-87.06137,69.9953],[-86.48523,69.99066],[-87.06958,70.15698]]],[[[-73.1076,71.49583],[-73.36582,71.48604],[-73.1948,71.33859],[-72.82949,71.45569],[-73.1076,71.49583]]],[[[-95.77188,69.63728],[-95.60768,69.40966],[-95.32492,69.51605],[-95.77188,69.63728]]],[[[-95.60183,74.65036],[-95.75973,74.55369],[-95.47495,74.50205],[-95.22648,74.5192],[-95.60183,74.65036]]],[[[-102.98878,78.27555],[-103.31326,78.14898],[-103.07189,78.12584],[-102.78341,78.20805],[-102.98878,78.27555]]],[[[-65.10074,61.92936],[-65.17606,61.81114],[-65.10828,61.77516],[-65.0563,61.77552],[-64.92345,61.71395],[-64.84075,61.81028],[-64.88706,61.83298],[-64.93021,61.81856],[-64.92963,61.84963],[-65.00015,61.88014],[-65.02538,61.90949],[-65.10074,61.92936]]],[[[-95.89654,80.69505],[-95.14657,80.61092],[-95.09491,80.69678],[-95.89654,80.69505]]],[[[-79.52723,56.50971],[-79.66547,56.36526],[-79.98057,56.32551],[-80.04861,56.17014],[-79.61662,56.35627],[-79.52723,56.50971]]],[[[-90.99341,77.25484],[-91.28058,77.23008],[-91.01449,77.13904],[-90.72342,77.21322],[-90.99341,77.25484]]],[[[-78.68276,56.43774],[-78.83067,56.34899],[-78.79414,56.16034],[-78.66555,56.18135],[-78.68276,56.43774]]],[[[-74.47506,62.73827],[-74.54783,62.67219],[-74.18354,62.60131],[-73.97174,62.59877],[-73.98213,62.66573],[-74.36038,62.66546],[-74.47506,62.73827]]],[[[-78.9244,68.3556],[-79.19211,68.23997],[-78.99187,68.18921],[-78.80787,68.27845],[-78.9244,68.3556]]],[[[-101.24566,69.5904],[-101.27591,69.50059],[-101.18985,69.49096],[-101.16338,69.48627],[-101.19428,69.46703],[-101.18548,69.4418],[-101.20753,69.44021],[-101.25118,69.44357],[-101.21865,69.40919],[-101.21152,69.37823],[-100.94933,69.48172],[-101.24566,69.5904]]],[[[-74.2966,68.46727],[-74.37142,68.38502],[-74.2023,68.25825],[-74.06916,68.34704],[-74.2966,68.46727]]],[[[-74.55286,78.77695],[-74.7046,78.73291],[-74.30248,78.67409],[-74.11985,78.71913],[-74.55286,78.77695]]],[[[-100.66408,70.70619],[-100.60449,70.54543],[-100.26786,70.58054],[-100.66408,70.70619]]],[[[-83.25077,66.35998],[-83.27094,66.25892],[-82.98591,66.20112],[-82.90846,66.25117],[-83.25077,66.35998]]],[[[-73.87817,83.11458],[-74.15267,83.13505],[-74.62539,83.10479],[-74.0798,83.0622],[-73.87817,83.11458]]],[[[-100.12636,69.15857],[-100.23546,69.04778],[-100.13654,68.9631],[-99.96397,68.96227],[-100.12636,69.15857]]],[[[-90.63745,69.37915],[-90.78044,69.34106],[-90.68435,69.23033],[-90.44401,69.28546],[-90.63745,69.37915]]],[[[-64.43021,60.37771],[-64.62328,60.48067],[-64.78005,60.3857],[-64.55894,60.33279],[-64.43021,60.37771]]],[[[-64.53366,63.90187],[-64.88847,63.84287],[-64.50954,63.76849],[-64.53366,63.90187]]],[[[-97.43813,74.63038],[-97.77083,74.4877],[-97.37256,74.51327],[-97.43813,74.63038]]],[[[-79.33991,52.09738],[-79.64164,52.00039],[-79.37377,51.92651],[-79.33991,52.09738]]],[[[-63.92375,67.63883],[-64.04454,67.54453],[-64,67.48631],[-63.75148,67.49823],[-63.92375,67.63883]]],[[[-109.83113,77.93842],[-109.55481,78.07932],[-109.83117,78.11171],[-109.83113,77.93842]]],[[[-77.57185,64.03687],[-77.74094,64.04025],[-77.77027,64.02325],[-77.7958,64.02463],[-77.80608,64.03316],[-77.92558,64.02391],[-77.70697,63.92122],[-77.57035,63.99278],[-77.57185,64.03687]]],[[[-67.83085,69.67867],[-68.20116,69.5738],[-67.92812,69.52657],[-67.83085,69.67867]]],[[[-90.2042,69.42368],[-90.51333,69.34584],[-90.24841,69.26366],[-90.2042,69.42368]]],[[[-96.69147,72.90363],[-96.98106,72.77055],[-96.60225,72.78742],[-96.69147,72.90363]]],[[[-64.35471,63.67277],[-64.46063,63.64345],[-64.39753,63.47287],[-64.2458,63.51803],[-64.3276,63.58049],[-64.35471,63.67277]]],[[[-85.15243,77.58596],[-85.16488,77.46027],[-84.83976,77.49108],[-85.15243,77.58596]]],[[[-66.20385,68.26583],[-66.6595,68.18311],[-66.3568,68.151],[-66.20385,68.26583]]],[[[-104.2059,77.16944],[-104.39296,77.13222],[-104.20264,77.0807],[-103.96084,77.14573],[-104.2059,77.16944]]],[[[-94.543,78.28386],[-94.68759,78.25415],[-94.5221,78.18543],[-94.28502,78.18613],[-94.543,78.28386]]],[[[-63.48539,67.3459],[-63.69819,67.35169],[-63.72788,67.27563],[-63.46412,67.26745],[-63.48539,67.3459]]],[[[-74.75566,68.6803],[-74.88495,68.61392],[-74.6045,68.55915],[-74.63881,68.65863],[-74.75566,68.6803]]],[[[-100.32446,75.62982],[-100.79652,75.59015],[-100.86599,75.54811],[-100.30481,75.59681],[-100.32446,75.62982]]],[[[-77.64677,77.85793],[-77.99702,77.82269],[-77.84129,77.77209],[-77.58792,77.81543],[-77.64677,77.85793]]],[[[-82.77384,69.81354],[-82.7933,69.77843],[-82.70701,69.74202],[-82.62802,69.74023],[-82.51024,69.72016],[-82.47834,69.75765],[-82.54844,69.79455],[-82.77384,69.81354]]],[[[-72.74415,71.66182],[-73.02711,71.58226],[-72.7651,71.53332],[-72.74415,71.66182]]],[[[-110.81315,68.56042],[-111.02031,68.51828],[-110.94062,68.46791],[-110.6919,68.48686],[-110.81315,68.56042]]],[[[-108.07905,67.67754],[-108.06655,67.56523],[-107.9023,67.54886],[-107.96138,67.65912],[-108.07905,67.67754]]],[[[-108.00659,73.61423],[-107.87244,73.54209],[-107.60133,73.61718],[-108.00659,73.61423]]],[[[-95.55366,77.25164],[-95.55461,77.21522],[-95.34109,77.1668],[-95.23624,77.21842],[-95.55366,77.25164]]],[[[-62.40365,67.19364],[-62.60384,67.17667],[-62.60852,67.08598],[-62.37341,67.16331],[-62.40365,67.19364]]],[[[-62.28736,65.73405],[-62.4735,65.65005],[-62.1393,65.64789],[-62.27265,65.71366],[-62.28736,65.73405]]],[[[-79.5727,72.46331],[-79.66769,72.43315],[-79.53764,72.3476],[-79.42417,72.37925],[-79.5727,72.46331]]],[[[-81.51959,69.42785],[-81.66689,69.41962],[-81.63474,69.34008],[-81.46734,69.34553],[-81.51959,69.42785]]],[[[-78.9696,72.44228],[-79.04973,72.36138],[-78.93676,72.34122],[-78.82355,72.41428],[-78.9696,72.44228]]],[[[-104.86089,68.35646],[-105.01268,68.31481],[-105.03999,68.30081],[-104.99312,68.28625],[-104.96364,68.26062],[-104.93713,68.25645],[-104.92163,68.26231],[-104.92429,68.27707],[-104.87469,68.28967],[-104.82689,68.28724],[-104.79257,68.3166],[-104.86089,68.35646]]],[[[-89.9292,68.85545],[-90.03396,68.76319],[-89.78108,68.76006],[-89.9292,68.85545]]],[[[-109.17698,67.98832],[-108.90644,67.86911],[-108.86742,67.96475],[-109.03037,67.95453],[-109.17698,67.98832]]],[[[-91.76613,81.6015],[-91.80846,81.54877],[-91.56948,81.547],[-91.49998,81.58165],[-91.76613,81.6015]]],[[[-78.25454,60.81911],[-78.60358,60.77477],[-78.592,60.71001],[-78.25454,60.81911]]],[[[-107.60761,67.22163],[-107.63457,67.19641],[-107.4923,67.08169],[-107.41667,67.13046],[-107.60761,67.22163]]],[[[-80.04311,59.87183],[-80.14146,59.82181],[-80.0736,59.76216],[-79.93012,59.83863],[-80.04311,59.87183]]],[[[-85.96508,72.30304],[-86.12536,72.28927],[-85.91391,72.22608],[-85.84669,72.29665],[-85.96508,72.30304]]],[[[-93.07061,61.93058],[-93.17932,61.92363],[-93.11696,61.83627],[-92.9825,61.85896],[-93.07061,61.93058]]],[[[-88.16611,78.37178],[-88.41183,78.28958],[-88.24223,78.26048],[-88.16611,78.37178]]],[[[-84.11592,76.50525],[-84.14008,76.45915],[-83.96933,76.42164],[-83.90779,76.47053],[-84.11592,76.50525]]],[[[-91.51324,69.81662],[-91.5556,69.83492],[-91.73716,69.78909],[-91.66549,69.76776],[-91.44872,69.77989],[-91.51324,69.81662]]],[[[-108.0942,67.98186],[-108.22196,67.92492],[-108.05584,67.88849],[-108.0186,67.96249],[-108.0942,67.98186]]],[[[-103.84932,75.87913],[-103.58731,75.83675],[-103.42434,75.88814],[-103.84932,75.87913]]],[[[-89.97212,74.06849],[-90.24109,74.01803],[-89.9548,73.99807],[-89.97212,74.06849]]],[[[-80.11494,72.53079],[-80.07311,72.47822],[-79.96115,72.41794],[-79.907,72.46444],[-80.01611,72.51434],[-80.11494,72.53079]]],[[[-64.8818,62.60709],[-65.02682,62.59032],[-64.96521,62.52688],[-64.79853,62.57733],[-64.8818,62.60709]]],[[[-64.15818,63.85657],[-64.37447,63.85099],[-64.20974,63.76685],[-64.15818,63.85657]]],[[[-108.47959,67.5746],[-108.42893,67.48273],[-108.26251,67.54551],[-108.47959,67.5746]]],[[[-97.25403,77.03973],[-97.38913,77.01353],[-97.25196,76.9724],[-97.11894,77.01915],[-97.25403,77.03973]]],[[[-95.34423,71.85411],[-95.43212,71.83126],[-95.2939,71.75574],[-95.25376,71.84146],[-95.34423,71.85411]]],[[[-95.74136,73.02203],[-95.81053,72.98077],[-95.7839,72.89428],[-95.66186,72.91573],[-95.72265,72.95036],[-95.74136,73.02203]]],[[[-67.51612,69.59337],[-67.75741,69.53214],[-67.65524,69.51077],[-67.52832,69.54019],[-67.51612,69.59337]]],[[[-95.36037,67.27267],[-95.5063,67.23314],[-95.4384,67.20838],[-95.38978,67.20455],[-95.35891,67.19447],[-95.3123,67.21277],[-95.31266,67.21968],[-95.29511,67.23521],[-95.36037,67.27267]]],[[[-80.00096,53.39036],[-80.07304,53.26777],[-79.9327,53.26038],[-80.00096,53.39036]]],[[[-78.11987,82.95184],[-78.40897,82.95503],[-78.24381,82.89254],[-78.11987,82.95184]]],[[[-83.80473,69.82642],[-83.80207,69.74471],[-83.59101,69.80407],[-83.80473,69.82642]]],[[[-64.05909,63.7565],[-64.21228,63.71967],[-64.16203,63.67655],[-64.09644,63.70127],[-64.02436,63.68865],[-64.0208,63.73065],[-64.05909,63.7565]]],[[[-73.15908,71.69613],[-73.23574,71.69737],[-73.39963,71.62519],[-73.31855,71.58421],[-73.25664,71.65315],[-73.15908,71.69613]]],[[[-101.61401,69.22813],[-101.71925,69.17279],[-101.58913,69.14449],[-101.51943,69.18546],[-101.61401,69.22813]]],[[[-77.87054,62.58856],[-78.10477,62.58125],[-78.10047,62.55625],[-77.88993,62.53795],[-77.87054,62.58856]]],[[[-79.04632,54.93725],[-79.33288,54.88955],[-79.33137,54.85252],[-79.06449,54.91052],[-79.04632,54.93725]]],[[[-66.86796,66.40763],[-66.88311,66.3863],[-66.6622,66.29404],[-66.66523,66.359],[-66.78122,66.37507],[-66.86796,66.40763]]],[[[-101.55922,78.17984],[-101.584,78.21602],[-101.79971,78.22122],[-101.72855,78.17241],[-101.55922,78.17984]]],[[[-79.48209,56.43791],[-79.5436,56.4238],[-79.61745,56.28187],[-79.55659,56.28938],[-79.48209,56.43791]]],[[[-94.82545,76.12439],[-95.06686,76.10624],[-94.89679,76.05295],[-94.82545,76.12439]]],[[[-62.21078,66.24319],[-62.28588,66.26846],[-62.39529,66.20857],[-62.15069,66.20814],[-62.21078,66.24319]]],[[[-67.47168,65.746],[-67.56695,65.73188],[-67.62212,65.72739],[-67.67085,65.73889],[-67.67313,65.72161],[-67.69343,65.71382],[-67.7182,65.71709],[-67.68746,65.6858],[-67.60426,65.70886],[-67.47254,65.69374],[-67.47168,65.746]]],[[[-64.1568,63.63866],[-64.18782,63.58654],[-64.1357,63.52205],[-64.04806,63.54053],[-64.1568,63.63866]]],[[[-96.46159,75.78889],[-96.62186,75.79753],[-96.69054,75.74734],[-96.51823,75.75074],[-96.46159,75.78889]]],[[[-73.73023,64.39815],[-73.82759,64.31743],[-73.69225,64.27593],[-73.73023,64.39815]]],[[[-107.91448,67.50128],[-108.03809,67.43166],[-107.86821,67.41122],[-107.91448,67.50128]]],[[[-79.57917,56.79019],[-79.55681,56.68292],[-79.4907,56.66404],[-79.50242,56.76017],[-79.57917,56.79019]]],[[[-109.47571,68.10192],[-109.35164,67.98812],[-109.30298,68.05294],[-109.47571,68.10192]]],[[[-107.82934,68.1109],[-107.87319,68.07773],[-107.80279,67.99078],[-107.7652,68.0828],[-107.82934,68.1109]]],[[[-65.63124,68.17911],[-65.69906,68.17252],[-65.6707,68.08922],[-65.65685,68.0994],[-65.63567,68.09832],[-65.60107,68.10916],[-65.57507,68.10935],[-65.63124,68.17911]]],[[[-98.94652,68.09091],[-99.03681,68.0572],[-98.979,67.99302],[-98.92808,67.98969],[-98.94652,68.09091]]],[[[-62.131,65.92553],[-62.28362,65.93741],[-62.16486,65.8463],[-62.131,65.92553]]],[[[-76.70983,57.20115],[-76.74092,57.17549],[-76.68995,57.06497],[-76.64415,57.13885],[-76.70983,57.20115]]],[[[-73.3273,64.23753],[-73.2974,64.19354],[-73.37613,64.19453],[-73.39295,64.16573],[-73.26323,64.15212],[-73.26968,64.23278],[-73.3273,64.23753]]],[[[-97.18627,76.86092],[-97.21124,76.83663],[-97.07157,76.79448],[-96.99767,76.81779],[-97.18627,76.86092]]],[[[-82.66613,69.88628],[-82.69017,69.86142],[-82.58773,69.81868],[-82.51631,69.86379],[-82.66613,69.88628]]],[[[-74.82098,72.16423],[-74.6769,72.22548],[-74.90877,72.20941],[-74.82098,72.16423]]],[[[-111.61757,68.31752],[-111.76722,68.27473],[-111.66483,68.22473],[-111.61757,68.31752]]],[[[-74.24209,64.55291],[-74.34541,64.54835],[-74.20109,64.47725],[-74.18823,64.5417],[-74.24209,64.55291]]],[[[-79.86912,56.87397],[-79.95837,56.83571],[-79.89503,56.78315],[-79.8337,56.82787],[-79.86912,56.87397]]],[[[-99.69362,76.75466],[-99.84248,76.71345],[-99.57107,76.71118],[-99.69362,76.75466]]],[[[-96.58729,71.29433],[-96.62924,71.23836],[-96.44568,71.21001],[-96.58729,71.29433]]],[[[-80.21499,59.74105],[-80.33028,59.64519],[-80.25505,59.64609],[-80.17701,59.72727],[-80.21499,59.74105]]],[[[-79.87227,53.17603],[-79.91635,53.1444],[-79.89115,53.0692],[-79.8167,53.11547],[-79.87227,53.17603]]],[[[-62.10323,67.12222],[-62.3085,67.08269],[-62.17628,67.07077],[-62.07552,67.09558],[-62.10323,67.12222]]],[[[-108.19867,67.57644],[-108.15868,67.49883],[-108.27115,67.48943],[-108.22462,67.45705],[-108.15026,67.47706],[-108.1321,67.54993],[-108.19867,67.57644]]],[[[-64.95654,63.56236],[-64.97471,63.47284],[-64.85183,63.48861],[-64.95654,63.56236]]],[[[-98.60922,74.34571],[-98.74214,74.33414],[-98.62797,74.3045],[-98.4936,74.32694],[-98.60922,74.34571]]],[[[-64.90736,64.40584],[-64.94748,64.38684],[-64.89595,64.32295],[-64.84623,64.29229],[-64.79043,64.32578],[-64.88043,64.34048],[-64.90736,64.40584]]],[[[-83.3317,65.86369],[-83.52478,65.85849],[-83.49469,65.80645],[-83.3317,65.86369]]],[[[-81.24092,76.18688],[-81.34762,76.18623],[-81.46564,76.15854],[-81.3119,76.14564],[-81.24092,76.18688]]],[[[-109.53969,68.25373],[-109.67465,68.2234],[-109.78739,68.15441],[-109.68733,68.16892],[-109.65065,68.2231],[-109.57317,68.22126],[-109.53969,68.25373]]],[[[-96.96339,73.27715],[-97.10499,73.24866],[-96.89339,73.22209],[-96.96339,73.27715]]],[[[-100.07739,68.37817],[-100.17332,68.32845],[-100.04502,68.29311],[-100.07739,68.37817]]],[[[-65.16969,64.2299],[-65.15027,64.1585],[-65.02288,64.18728],[-65.16969,64.2299]]],[[[-71.26496,71.0657],[-71.13818,71.09113],[-71.18516,71.13446],[-71.27483,71.09413],[-71.26496,71.0657]]],[[[-82.62767,68.74853],[-82.68391,68.72135],[-82.52681,68.69078],[-82.49905,68.71017],[-82.62767,68.74853]]],[[[-89.90057,68.98925],[-90.03254,68.95301],[-89.89519,68.92114],[-89.90057,68.98925]]],[[[-96.72791,75.64463],[-96.94281,75.62924],[-96.91838,75.59929],[-96.81157,75.61249],[-96.72791,75.64463]]],[[[-82.2316,69.50024],[-82.03565,69.42994],[-82.01154,69.46776],[-82.2316,69.50024]]],[[[-91.76416,69.87467],[-91.83188,69.816],[-91.73519,69.8362],[-91.62295,69.85263],[-91.76416,69.87467]]],[[[-75.65678,64.3585],[-75.66894,64.30412],[-75.6053,64.32503],[-75.59109,64.31327],[-75.58015,64.31111],[-75.57161,64.30547],[-75.49729,64.32541],[-75.65678,64.3585]]],[[[-66.85745,68.38728],[-66.93181,68.35892],[-66.87029,68.33673],[-66.75267,68.36134],[-66.85745,68.38728]]],[[[-76.837,57.43028],[-76.75686,57.27824],[-76.74185,57.36224],[-76.837,57.43028]]],[[[-91.51844,63.60995],[-91.44689,63.54544],[-91.33947,63.57452],[-91.51844,63.60995]]],[[[-99.09591,73.83798],[-99.09338,73.81754],[-98.89447,73.81641],[-98.86759,73.83783],[-99.09591,73.83798]]],[[[-96.88827,71.76254],[-96.98449,71.75221],[-96.99926,71.70872],[-96.84467,71.73946],[-96.88827,71.76254]]],[[[-98.06588,76.57882],[-97.99238,76.53857],[-97.85747,76.54237],[-97.94138,76.57247],[-98.06588,76.57882]]],[[[-64.88112,64.09525],[-64.99725,64.11098],[-65.01366,64.06898],[-64.87984,64.06754],[-64.88112,64.09525]]],[[[-62.86362,65.61517],[-62.89908,65.56787],[-62.79159,65.52061],[-62.76875,65.55808],[-62.83319,65.56725],[-62.86362,65.61517]]],[[[-108.05478,67.00499],[-108.07836,66.95285],[-108.01894,66.8935],[-107.97298,66.93291],[-108.05484,66.97758],[-108.05478,67.00499]]],[[[-98.88426,71.33107],[-98.94303,71.36364],[-99.0047,71.32808],[-98.90192,71.29219],[-98.88426,71.33107]]],[[[-77.63458,62.58073],[-77.80449,62.59038],[-77.80223,62.53896],[-77.63458,62.58073]]],[[[-68.21122,63.28871],[-68.18563,63.25062],[-68.13926,63.23285],[-68.10876,63.20158],[-68.04222,63.20378],[-68.14313,63.2657],[-68.21122,63.28871]]],[[[-78.5521,68.2772],[-78.59919,68.27749],[-78.65842,68.22016],[-78.51877,68.23926],[-78.5521,68.2772]]],[[[-110.79609,67.95982],[-110.85712,67.92709],[-111.0139,67.87821],[-110.96584,67.86824],[-110.86546,67.89521],[-110.79609,67.95982]]],[[[-65.85299,61.83257],[-65.89211,61.76718],[-65.76551,61.76265],[-65.85299,61.83257]]],[[[-64.99806,64.35454],[-65.0843,64.29769],[-64.95374,64.28582],[-64.99806,64.35454]]],[[[-102.13644,69.74195],[-102.21637,69.67979],[-102.09492,69.66951],[-102.13644,69.74195]]],[[[-63.23068,65.3126],[-63.33049,65.31139],[-63.27643,65.25526],[-63.21568,65.27517],[-63.23068,65.3126]]],[[[-65.71137,61.8389],[-65.7693,61.82337],[-65.74299,61.76719],[-65.66414,61.80182],[-65.71137,61.8389]]],[[[-101.37396,75.55669],[-101.47003,75.5502],[-101.46756,75.52014],[-101.30926,75.5255],[-101.37396,75.55669]]],[[[-89.38576,76.44624],[-89.54376,76.48069],[-89.62146,76.44599],[-89.38576,76.44624]]],[[[-78.45313,63.5162],[-78.52514,63.49052],[-78.49543,63.44246],[-78.42493,63.47262],[-78.45313,63.5162]]],[[[-91.19891,62.70283],[-91.2048,62.68028],[-91.06612,62.64939],[-91.06764,62.68573],[-91.19891,62.70283]]],[[[-72.45936,63.695],[-72.47268,63.71079],[-72.67473,63.6637],[-72.55914,63.64385],[-72.55152,63.68443],[-72.45936,63.695]]],[[[-62.95981,67.06091],[-63.12192,67.05055],[-63.03671,67.00718],[-62.95981,67.06091]]],[[[-108.09367,72.05423],[-108.15393,72.03633],[-108.14762,71.99394],[-108.07605,72.00777],[-108.05017,72.0345],[-108.09367,72.05423]]],[[[-73.78239,64.5269],[-73.72649,64.42285],[-73.68123,64.48244],[-73.7361,64.48822],[-73.71558,64.50777],[-73.78239,64.5269]]],[[[-67.70504,63.62123],[-67.74298,63.59872],[-67.70665,63.55038],[-67.6323,63.58074],[-67.70504,63.62123]]],[[[-65.20815,67.98811],[-65.31868,68.00545],[-65.36906,67.98829],[-65.28406,67.95664],[-65.20815,67.98811]]],[[[-84.86728,71.40698],[-84.90839,71.35438],[-84.83171,71.34755],[-84.797,71.38871],[-84.86728,71.40698]]],[[[-89.2268,81.89025],[-89.43519,81.8701],[-89.24842,81.85065],[-89.2268,81.89025]]],[[[-67.56377,68.91202],[-67.63964,68.92143],[-67.78301,68.90951],[-67.74313,68.8846],[-67.56377,68.91202]]],[[[-109.27639,76.93835],[-109.27403,76.92106],[-109.05401,76.90652],[-109.09794,76.93081],[-109.27639,76.93835]]],[[[-104.37367,68.20883],[-104.42357,68.17787],[-104.51822,68.16493],[-104.40995,68.12824],[-104.37367,68.20883]]],[[[-110.73978,68.57716],[-110.70555,68.54525],[-110.63148,68.52841],[-110.62423,68.57995],[-110.73978,68.57716]]],[[[-63.9626,63.64323],[-64.04962,63.62688],[-64.01624,63.58593],[-63.92174,63.62019],[-63.9626,63.64323]]],[[[-62.38171,66.99313],[-62.46105,66.96095],[-62.42206,66.93243],[-62.3386,66.95553],[-62.38171,66.99313]]],[[[-97.44188,69.96768],[-97.44064,69.91303],[-97.30237,69.93699],[-97.44188,69.96768]]],[[[-66.69616,68.21106],[-66.80275,68.18441],[-66.77777,68.15759],[-66.66768,68.18041],[-66.69616,68.21106]]],[[[-74.27757,64.49687],[-74.33646,64.50149],[-74.36297,64.42213],[-74.28185,64.44812],[-74.30217,64.48029],[-74.27757,64.49687]]],[[[-82.35803,69.54442],[-82.36147,69.50172],[-82.27474,69.50302],[-82.24174,69.53213],[-82.35803,69.54442]]],[[[-97.12769,75.27825],[-97.11605,75.29236],[-97.14656,75.33668],[-97.20226,75.34818],[-97.19551,75.29566],[-97.12769,75.27825]]],[[[-67.05345,63.11419],[-66.96438,63.07051],[-66.85958,62.99735],[-66.84605,63.02171],[-66.98386,63.09769],[-67.05345,63.11419]]],[[[-95.71579,73.14666],[-95.85173,73.10992],[-95.69901,73.09706],[-95.71579,73.14666]]],[[[-100.60868,72.8101],[-100.60625,72.78158],[-100.48805,72.77209],[-100.4535,72.79399],[-100.60868,72.8101]]],[[[-70.96978,62.90387],[-70.98884,62.87742],[-70.82907,62.84678],[-70.85105,62.87305],[-70.96978,62.90387]]],[[[-90.2386,69.14628],[-90.24444,69.07446],[-90.12578,69.10554],[-90.18991,69.12645],[-90.22941,69.12485],[-90.2386,69.14628]]],[[[-66.9157,65.36084],[-67.02161,65.31188],[-66.95183,65.27604],[-66.9157,65.36084]]],[[[-65.75463,61.85737],[-65.8082,61.85885],[-65.83655,61.83065],[-65.78389,61.77974],[-65.75663,61.78995],[-65.78233,61.82446],[-65.75463,61.85737]]],[[[-81.42334,64.22591],[-81.48169,64.23408],[-81.53455,64.18587],[-81.45617,64.17957],[-81.42334,64.22591]]],[[[-85.27309,69.1089],[-85.3643,69.09546],[-85.29264,69.06477],[-85.20732,69.09057],[-85.27309,69.1089]]],[[[-95.76467,75.92122],[-95.73703,75.97271],[-95.88641,75.94658],[-95.76467,75.92122]]],[[[-68.0972,63.32435],[-68.02283,63.25169],[-67.96405,63.25981],[-68.02588,63.30474],[-68.0972,63.32435]]],[[[-108.52846,72.65316],[-108.58846,72.64506],[-108.5077,72.6016],[-108.45341,72.63979],[-108.52846,72.65316]]],[[[-69.96144,60.95106],[-69.92251,61.03086],[-70.02233,61.0012],[-69.96144,60.95106]]],[[[-65.91795,68.15008],[-65.95536,68.12224],[-65.89769,68.07122],[-65.86102,68.09019],[-65.91795,68.15008]]],[[[-78.93875,56.0548],[-79.00194,56.05202],[-78.98038,56],[-78.90393,56.0188],[-78.93875,56.0548]]],[[[-64.51573,64.15031],[-64.49984,64.0885],[-64.39697,64.11203],[-64.51573,64.15031]]],[[[-100.84652,70.33914],[-100.83278,70.28],[-100.72925,70.30762],[-100.84652,70.33914]]],[[[-83.25766,69.79074],[-83.26682,69.77476],[-83.11484,69.75008],[-83.09647,69.77171],[-83.25766,69.79074]]],[[[-65.52633,65.86089],[-65.6396,65.87912],[-65.64012,65.82292],[-65.52633,65.86089]]],[[[-66.32567,81.57286],[-66.57386,81.58638],[-66.52364,81.55802],[-66.32567,81.57286]]],[[[-113.55432,67.90525],[-113.4061,67.89912],[-113.21664,67.90939],[-113.2349,67.9287],[-113.32992,67.92682],[-113.35486,67.90385],[-113.55432,67.90525]]],[[[-98.23282,74.76406],[-98.34483,74.75535],[-98.28104,74.73257],[-98.16073,74.74587],[-98.23282,74.76406]]],[[[-68.1124,68.78459],[-67.9338,68.72413],[-67.88326,68.74204],[-68.1124,68.78459]]],[[[-79.82059,56.95711],[-79.91746,56.91231],[-79.82594,56.89053],[-79.82059,56.95711]]],[[[-96.90049,76.95804],[-96.91535,76.97776],[-97.05662,76.95509],[-96.95305,76.93738],[-96.90049,76.95804]]],[[[-63.10179,67.02435],[-63.10345,66.95466],[-62.99532,66.98571],[-63.06329,66.99759],[-63.10179,67.02435]]],[[[-75.16823,68.75894],[-75.12171,68.73627],[-75.12253,68.70927],[-75.04194,68.71621],[-75.05129,68.74355],[-75.16823,68.75894]]],[[[-91.03045,69.61527],[-91.14567,69.57798],[-91.06712,69.55118],[-91.03045,69.61527]]],[[[-66.11037,64.93934],[-66.22576,64.90526],[-66.11853,64.88572],[-66.11037,64.93934]]],[[[-90.17233,69.23466],[-90.2187,69.21767],[-90.19126,69.19312],[-90.14162,69.19385],[-90.1419,69.17114],[-90.12237,69.22756],[-90.17233,69.23466]]],[[[-71.81167,63.68728],[-71.83715,63.60784],[-71.75584,63.63096],[-71.81167,63.68728]]],[[[-64.92657,81.70978],[-65.16555,81.71134],[-65.11131,81.68644],[-64.92657,81.70978]]],[[[-95.73963,72.86253],[-95.82332,72.84854],[-95.69108,72.82126],[-95.68702,72.85176],[-95.73963,72.86253]]],[[[-64.36138,63.81639],[-64.34098,63.77656],[-64.36462,63.75554],[-64.24745,63.7588],[-64.36138,63.81639]]],[[[-83.80108,79.07544],[-83.86373,79.09662],[-83.94909,79.09223],[-83.94414,79.06696],[-83.80108,79.07544]]],[[[-66.90269,66.52786],[-66.96071,66.50509],[-66.8377,66.4851],[-66.82542,66.50385],[-66.90269,66.52786]]],[[[-90.59708,63.53959],[-90.68069,63.53226],[-90.64421,63.49566],[-90.59021,63.49584],[-90.59708,63.53959]]],[[[-96.31,68.25838],[-96.42951,68.22015],[-96.37452,68.20966],[-96.3072,68.22522],[-96.31,68.25838]]],[[[-113.93858,68.61681],[-113.93682,68.59342],[-113.83033,68.587],[-113.82528,68.61408],[-113.93858,68.61681]]],[[[-79.7472,57.61224],[-79.79553,57.55152],[-79.7102,57.53557],[-79.72876,57.57994],[-79.75453,57.5919],[-79.7472,57.61224]]],[[[-96.84864,69.61051],[-96.84462,69.56988],[-96.75968,69.56861],[-96.76456,69.59444],[-96.84864,69.61051]]],[[[-63.04435,67.09755],[-63.09967,67.11222],[-63.21046,67.10543],[-63.17925,67.08298],[-63.04435,67.09755]]],[[[-108.30137,68.11289],[-108.37271,68.09673],[-108.39639,68.06717],[-108.32479,68.06283],[-108.30137,68.11289]]],[[[-76.61851,64.27051],[-76.68282,64.24284],[-76.63429,64.22235],[-76.57269,64.23608],[-76.61851,64.27051]]],[[[-109.8593,68.15705],[-109.97249,68.11237],[-109.89436,68.09566],[-109.8593,68.15705]]],[[[-90.66636,69.17846],[-90.75623,69.17477],[-90.75134,69.14829],[-90.6345,69.15472],[-90.66636,69.17846]]],[[[-107.71855,67.32426],[-107.73326,67.31878],[-107.66138,67.2649],[-107.63799,67.29465],[-107.67668,67.32216],[-107.71855,67.32426]]],[[[-91.17807,63.53789],[-91.24789,63.52793],[-91.22233,63.48952],[-91.13919,63.51497],[-91.1851,63.5293],[-91.17807,63.53789]]],[[[-83.98601,66.78432],[-84.03176,66.7053],[-83.9629,66.7379],[-83.95441,66.77849],[-83.98601,66.78432]]],[[[-78.08039,69.83758],[-78.07253,69.87646],[-78.03011,69.89641],[-78.05142,69.91891],[-78.10138,69.91393],[-78.08151,69.88951],[-78.10879,69.8441],[-78.08039,69.83758]]],[[[-79.01414,72.34757],[-78.99726,72.3225],[-78.92334,72.27738],[-78.88345,72.28112],[-78.94559,72.31235],[-78.95682,72.33388],[-79.01414,72.34757]]],[[[-66.87703,68.30894],[-66.908,68.28815],[-66.80013,68.26276],[-66.78169,68.28064],[-66.87703,68.30894]]],[[[-68.42537,70.19987],[-68.52574,70.16579],[-68.43195,70.14533],[-68.42537,70.19987]]],[[[-76.55852,64.18556],[-76.69115,64.18577],[-76.6555,64.16173],[-76.56183,64.16351],[-76.55852,64.18556]]],[[[-64.25336,63.60473],[-64.28927,63.58614],[-64.21361,63.52458],[-64.2085,63.55506],[-64.25336,63.60473]]],[[[-78.35087,57.33214],[-78.48441,57.29096],[-78.3733,57.2861],[-78.35087,57.33214]]],[[[-65.895,62.15065],[-65.90376,62.09417],[-65.80879,62.111],[-65.895,62.15065]]],[[[-66.99491,66.40446],[-66.99299,66.3474],[-66.90165,66.34241],[-66.99491,66.40446]]],[[[-65.77571,65.73703],[-65.85155,65.71602],[-65.83506,65.67734],[-65.77484,65.70552],[-65.77571,65.73703]]],[[[-78.79266,76.90471],[-78.76829,76.91698],[-78.75074,76.93837],[-78.76717,76.95527],[-78.75062,76.97864],[-78.84792,76.96159],[-78.79513,76.94384],[-78.77729,76.91504],[-78.79266,76.90471]]],[[[-65.42155,68.08145],[-65.51171,68.04417],[-65.39954,68.03375],[-65.42155,68.08145]]],[[[-73.50512,64.29527],[-73.53514,64.26428],[-73.44739,64.25014],[-73.42826,64.26943],[-73.50512,64.29527]]],[[[-100.78239,68.47025],[-100.82432,68.45502],[-100.71627,68.40949],[-100.66415,68.41921],[-100.77368,68.44741],[-100.78239,68.47025]]],[[[-64.61864,60.66088],[-64.70459,60.60241],[-64.62786,60.61122],[-64.59495,60.64398],[-64.61864,60.66088]]],[[[-79.21025,56.6852],[-79.27972,56.66612],[-79.14109,56.63213],[-79.21025,56.6852]]],[[[-72.67231,63.7511],[-72.70995,63.70431],[-72.59369,63.71688],[-72.67231,63.7511]]],[[[-91.48059,69.77044],[-91.5997,69.75966],[-91.52141,69.72536],[-91.48059,69.77044]]],[[[-74.65765,69.23263],[-74.71661,69.2292],[-74.7198,69.17732],[-74.65214,69.20734],[-74.65765,69.23263]]],[[[-93.00681,63.90994],[-93.07289,63.88329],[-92.92803,63.8675],[-93.00681,63.90994]]],[[[-73.92627,64.37796],[-73.9552,64.31911],[-73.86216,64.33926],[-73.92627,64.37796]]],[[[-67.83295,63.24541],[-67.78754,63.17615],[-67.72519,63.18876],[-67.83295,63.24541]]],[[[-67.35689,65.75151],[-67.45015,65.74143],[-67.44266,65.71809],[-67.36773,65.71653],[-67.35689,65.75151]]],[[[-102.6385,68.85879],[-102.69773,68.83829],[-102.59075,68.81844],[-102.58599,68.84491],[-102.6385,68.85879]]],[[[-79.2497,55.81253],[-79.33433,55.74187],[-79.34979,55.71574],[-79.3352,55.68487],[-79.33495,55.66648],[-79.30395,55.67185],[-79.3247,55.73813],[-79.2497,55.81253]]],[[[-78.70037,52.44388],[-78.7438,52.45019],[-78.82982,52.43313],[-78.79312,52.40917],[-78.70037,52.44388]]],[[[-73.5185,83],[-73.64313,83.00106],[-73.62083,82.98133],[-73.48873,82.98253],[-73.5185,83]]],[[[-63.37814,64.9906],[-63.43248,64.97145],[-63.40102,64.93753],[-63.35158,64.95065],[-63.37814,64.9906]]],[[[-65.49492,68.15189],[-65.57622,68.14883],[-65.53632,68.1089],[-65.49353,68.11993],[-65.49492,68.15189]]],[[[-108.45529,67.64075],[-108.42161,67.61035],[-108.32842,67.61536],[-108.39964,67.64267],[-108.45529,67.64075]]],[[[-107.39701,68.22284],[-107.42207,68.20135],[-107.2892,68.20188],[-107.2856,68.218],[-107.39701,68.22284]]],[[[-77.52172,64.0132],[-77.58366,63.96214],[-77.48917,63.96491],[-77.52172,64.0132]]],[[[-64.00001,65.08874],[-64.01125,65.04359],[-63.94688,65.04518],[-63.94343,65.07545],[-64.00001,65.08874]]],[[[-94.76888,76.03979],[-94.72325,76.04774],[-94.73208,76.07109],[-94.80367,76.07778],[-94.80702,76.05204],[-94.76888,76.03979]]],[[[-86.84047,81.05587],[-86.7828,81.06265],[-86.76638,81.09347],[-86.90069,81.06513],[-86.84047,81.05587]]],[[[-64.71411,61.38852],[-64.75654,61.37524],[-64.77936,61.35394],[-64.79096,61.32725],[-64.72756,61.34323],[-64.71411,61.38852]]],[[[-67.08959,66.01396],[-67.06968,65.99688],[-67.04323,65.99379],[-67.04482,65.98521],[-67.02684,65.97267],[-66.93506,65.98667],[-67.08959,66.01396]]],[[[-76.75972,56.18212],[-76.77039,56.10498],[-76.70746,56.13184],[-76.75972,56.18212]]],[[[-71.62849,63.63843],[-71.72058,63.61496],[-71.6345,63.58763],[-71.62849,63.63843]]],[[[-85.73924,72.23135],[-85.77505,72.19281],[-85.64561,72.20686],[-85.73924,72.23135]]],[[[-90.74343,69.54821],[-90.79009,69.53292],[-90.81173,69.5081],[-90.7765,69.49914],[-90.72987,69.51978],[-90.74343,69.54821]]],[[[-114.19273,68.6832],[-114.17422,68.66398],[-114.08105,68.62074],[-114.03916,68.63674],[-114.09157,68.64628],[-114.19273,68.6832]]],[[[-80.18249,69.42065],[-80.18096,69.37376],[-80.08717,69.39057],[-80.18249,69.42065]]],[[[-107.36383,66.99777],[-107.28308,66.96246],[-107.2811,66.93538],[-107.21473,66.93242],[-107.24225,66.9577],[-107.32116,66.98917],[-107.36383,66.99777]]],[[[-106.89862,68.37702],[-106.95678,68.33165],[-106.85035,68.33918],[-106.89862,68.37702]]],[[[-77.20955,55.65772],[-77.23513,55.63871],[-77.38451,55.5617],[-77.30431,55.576],[-77.20955,55.65772]]],[[[-71.14629,62.95533],[-71.16725,62.94207],[-71.05251,62.91785],[-71.00198,62.92191],[-71.14629,62.95533]]],[[[-99.11891,76.67678],[-99.04424,76.66463],[-98.96379,76.63822],[-98.937,76.64822],[-99.04044,76.67931],[-99.11891,76.67678]]],[[[-74.15051,64.49887],[-74.17253,64.45575],[-74.0947,64.43259],[-74.07305,64.4575],[-74.15114,64.46793],[-74.15051,64.49887]]],[[[-76.69371,77.90619],[-76.84559,77.88737],[-76.74763,77.87151],[-76.69371,77.90619]]],[[[-72.97882,64.15664],[-73.055,64.10317],[-72.99352,64.09058],[-72.97882,64.15664]]],[[[-109.14339,67.80327],[-109.09207,67.75864],[-109.02549,67.78343],[-109.14339,67.80327]]],[[[-63.33982,65.35317],[-63.44138,65.36059],[-63.45068,65.34495],[-63.36035,65.3284],[-63.33982,65.35317]]],[[[-98.64902,68.22521],[-98.64484,68.2032],[-98.6789,68.18393],[-98.60825,68.17968],[-98.59915,68.21869],[-98.64902,68.22521]]],[[[-110.01096,68.10427],[-110.1478,68.08012],[-110.06756,68.06364],[-110.01096,68.10427]]],[[[-66.72604,68.41661],[-66.77885,68.39842],[-66.69659,68.38739],[-66.63919,68.40216],[-66.72604,68.41661]]],[[[-91.46667,69.85297],[-91.50914,69.82576],[-91.44776,69.81437],[-91.41119,69.84742],[-91.46667,69.85297]]],[[[-66.94078,66.48699],[-66.97582,66.44674],[-66.86627,66.45343],[-66.94078,66.48699]]],[[[-67.66227,65.82709],[-67.69176,65.80545],[-67.64244,65.78385],[-67.59194,65.79792],[-67.66227,65.82709]]],[[[-97.22235,73.90421],[-97.26375,73.87813],[-97.18463,73.86968],[-97.17413,73.90547],[-97.22235,73.90421]]],[[[-76.51755,64.23879],[-76.58185,64.20589],[-76.47226,64.19821],[-76.51755,64.23879]]],[[[-87.56821,71.04823],[-87.62391,71.05944],[-87.64642,71.03214],[-87.55541,71.02175],[-87.56821,71.04823]]],[[[-67.54387,66.34697],[-67.60331,66.3367],[-67.54982,66.31009],[-67.49395,66.33477],[-67.54387,66.34697]]],[[[-106.98754,68.36732],[-106.99885,68.32689],[-106.92557,68.27932],[-106.86222,68.29049],[-106.95397,68.31109],[-106.98551,68.32624],[-106.98754,68.36732]]],[[[-67.76641,68.63359],[-67.87518,68.61546],[-67.80723,68.58975],[-67.76641,68.63359]]],[[[-64.71276,63.26015],[-64.72934,63.20796],[-64.65266,63.20638],[-64.71276,63.26015]]],[[[-62.46381,65.64014],[-62.49855,65.61552],[-62.48059,65.58651],[-62.42281,65.61765],[-62.46381,65.64014]]],[[[-87.35161,67.22998],[-87.42774,67.19617],[-87.40449,67.1843],[-87.31194,67.22021],[-87.35161,67.22998]]],[[[-76.68232,56.35015],[-76.68706,56.32739],[-76.74934,56.28528],[-76.66903,56.299],[-76.65728,56.32449],[-76.68232,56.35015]]],[[[-94.27127,76.95688],[-94.41837,76.94123],[-94.28651,76.92809],[-94.27127,76.95688]]],[[[-111.079,68.4585],[-111.1283,68.44611],[-111.07285,68.41343],[-111.04041,68.44353],[-111.079,68.4585]]],[[[-65.1027,64.59416],[-65.12847,64.54516],[-65.04133,64.55795],[-65.1027,64.59416]]],[[[-112.87976,68.17116],[-112.89588,68.14884],[-112.79178,68.13606],[-112.7972,68.15409],[-112.87976,68.17116]]],[[[-96.01444,67.84772],[-96.06633,67.83836],[-96.09559,67.8214],[-96.12064,67.82288],[-96.04316,67.80258],[-96.01444,67.84772]]],[[[-64.71009,67.92362],[-64.78935,67.90199],[-64.73615,67.88796],[-64.67822,67.90433],[-64.71009,67.92362]]],[[[-83.61798,66.13954],[-83.66007,66.09168],[-83.56613,66.10629],[-83.61798,66.13954]]],[[[-99.23966,80.18904],[-99.30891,80.18453],[-99.30341,80.16268],[-99.15657,80.18687],[-99.23966,80.18904]]],[[[-114.24595,67.9035],[-114.21953,67.87601],[-114.14572,67.88012],[-114.17034,67.90276],[-114.24595,67.9035]]],[[[-63.87503,67.37673],[-63.90784,67.37652],[-63.88894,67.32871],[-63.83393,67.35664],[-63.87503,67.37673]]],[[[-72.05083,61.88095],[-72.12754,61.87711],[-72.04111,61.85107],[-71.99832,61.87125],[-72.05083,61.88095]]],[[[-74.06975,68.20225],[-74.07996,68.24304],[-74.16918,68.22746],[-74.06975,68.20225]]],[[[-64.57287,64.25411],[-64.64781,64.23835],[-64.6227,64.20937],[-64.57411,64.22843],[-64.57287,64.25411]]],[[[-103.45858,70.68431],[-103.48133,70.63864],[-103.4309,70.63043],[-103.42478,70.66549],[-103.45858,70.68431]]],[[[-64.69729,64.25439],[-64.75963,64.24968],[-64.71466,64.21992],[-64.66153,64.22779],[-64.69729,64.25439]]],[[[-73.44485,64.36649],[-73.47552,64.35458],[-73.44509,64.34102],[-73.45174,64.33502],[-73.41543,64.3251],[-73.38396,64.34654],[-73.44485,64.36649]]],[[[-66.95585,65.45297],[-67.02319,65.44818],[-67.0351,65.42169],[-66.95908,65.42639],[-66.95585,65.45297]]],[[[-85.01412,66.07765],[-85.09367,66.07645],[-85.08313,66.05026],[-85.00549,66.05773],[-85.01412,66.07765]]],[[[-68.01522,63.52936],[-68.04386,63.50262],[-68.00306,63.47709],[-67.97163,63.49611],[-68.01522,63.52936]]],[[[-96.36845,76.60988],[-96.43158,76.55926],[-96.37778,76.56241],[-96.34835,76.58744],[-96.36845,76.60988]]],[[[-107.82213,67.01529],[-107.85771,66.95628],[-107.78586,66.97217],[-107.82213,67.01529]]],[[[-83.56906,66.08726],[-83.61341,66.06823],[-83.63535,66.04322],[-83.55297,66.05305],[-83.56906,66.08726]]],[[[-103.2193,70.69498],[-103.23516,70.6536],[-103.14618,70.65674],[-103.2193,70.69498]]],[[[-100.15813,70.43882],[-100.17228,70.37873],[-100.10445,70.41046],[-100.15813,70.43882]]],[[[-87.21588,68.2562],[-87.17335,68.26818],[-87.17247,68.28598],[-87.21219,68.29865],[-87.24062,68.27898],[-87.21588,68.2562]]],[[[-77.39981,55.53582],[-77.4354,55.53313],[-77.48499,55.49436],[-77.5515,55.46346],[-77.52653,55.4595],[-77.50261,55.47711],[-77.47384,55.47975],[-77.43898,55.51898],[-77.39981,55.53582]]],[[[-107.49558,68.18659],[-107.54876,68.17198],[-107.51599,68.15238],[-107.44974,68.16203],[-107.49558,68.18659]]],[[[-77.83826,56.32548],[-77.86416,56.32613],[-77.97078,56.29831],[-77.91174,56.28931],[-77.83826,56.32548]]],[[[-67.93746,63.39982],[-67.94621,63.36539],[-67.88302,63.35592],[-67.89168,63.38695],[-67.93746,63.39982]]],[[[-96.18705,74.71265],[-96.13783,74.72758],[-96.15584,74.74384],[-96.24884,74.73017],[-96.18705,74.71265]]],[[[-108.05477,67.39805],[-108.09659,67.41788],[-108.11841,67.40116],[-108.01945,67.3681],[-108.01404,67.38078],[-108.05477,67.39805]]],[[[-84.96233,72.3671],[-85.00254,72.32989],[-84.88884,72.34747],[-84.96233,72.3671]]],[[[-107.7885,67.12946],[-107.83241,67.12097],[-107.82703,67.08066],[-107.78645,67.07645],[-107.79563,67.09939],[-107.7885,67.12946]]],[[[-77.9609,70.00327],[-77.99838,70.0266],[-78.03435,69.98432],[-77.99321,69.98057],[-77.9609,70.00327]]],[[[-80.55234,72.13953],[-80.53914,72.14898],[-80.58085,72.18612],[-80.61283,72.17521],[-80.58784,72.14742],[-80.55234,72.13953]]],[[[-114.26978,67.95392],[-114.13604,67.94313],[-114.08332,67.96469],[-114.26978,67.95392]]],[[[-65.86509,62.06207],[-65.9192,62.05918],[-65.8921,62.02103],[-65.84827,62.03947],[-65.86509,62.06207]]],[[[-81.62987,69.5128],[-81.72745,69.50163],[-81.58257,69.48299],[-81.62987,69.5128]]],[[[-91.83513,81.49511],[-91.86187,81.50762],[-91.96894,81.51269],[-91.84697,81.48004],[-91.83513,81.49511]]],[[[-78.8256,56.11419],[-78.88452,56.08754],[-78.87902,56.05903],[-78.82038,56.08961],[-78.8256,56.11419]]],[[[-64.804,64.24247],[-64.85779,64.22821],[-64.81403,64.20543],[-64.7686,64.21663],[-64.804,64.24247]]],[[[-109.32844,72.83469],[-109.21544,72.79426],[-109.18065,72.81918],[-109.24548,72.82052],[-109.32844,72.83469]]],[[[-109.12906,68.22686],[-109.12821,68.20259],[-109.04446,68.18653],[-109.04481,68.20307],[-109.12906,68.22686]]],[[[-92.86684,63.87249],[-92.88282,63.85713],[-92.82758,63.83911],[-92.79589,63.86957],[-92.86684,63.87249]]],[[[-72.3796,63.65844],[-72.5121,63.63772],[-72.4455,63.62269],[-72.3796,63.65844]]],[[[-76.69979,57.05871],[-76.70589,56.99458],[-76.65216,57.01107],[-76.69979,57.05871]]],[[[-95.87094,77.23289],[-95.95124,77.22266],[-95.89868,77.20848],[-95.81851,77.21926],[-95.87094,77.23289]]],[[[-94.48964,79.25994],[-94.57804,79.25012],[-94.55182,79.23774],[-94.45927,79.23896],[-94.48964,79.25994]]],[[[-103.42255,70.74639],[-103.39117,70.70903],[-103.32328,70.73418],[-103.42255,70.74639]]],[[[-91.0679,69.68836],[-91.14065,69.65743],[-91.06072,69.64573],[-91.0679,69.68836]]],[[[-78.74455,56.67795],[-78.78677,56.67241],[-78.855,56.67844],[-78.82045,56.65635],[-78.75768,56.65445],[-78.74455,56.67795]]],[[[-100.82169,68.62485],[-100.83193,68.60753],[-100.72798,68.59885],[-100.72858,68.61399],[-100.75575,68.61507],[-100.77745,68.6212],[-100.82169,68.62485]]],[[[-62.08778,66.29158],[-62.12825,66.27965],[-62.10191,66.25356],[-62.04525,66.27107],[-62.08778,66.29158]]],[[[-110.29315,68.05576],[-110.37768,68.01574],[-110.30135,68.01317],[-110.29315,68.05576]]],[[[-84.83469,68.80805],[-84.90487,68.78706],[-84.79358,68.77052],[-84.80302,68.77623],[-84.83807,68.78095],[-84.81783,68.78654],[-84.81463,68.80197],[-84.83469,68.80805]]],[[[-96.15464,67.6144],[-96.25671,67.62776],[-96.22639,67.59181],[-96.15464,67.6144]]],[[[-72.75542,63.76124],[-72.82168,63.7625],[-72.82593,63.73367],[-72.77515,63.73447],[-72.75542,63.76124]]],[[[-68.65852,63.66341],[-68.7066,63.66335],[-68.69698,63.62242],[-68.64064,63.64901],[-68.65852,63.66341]]],[[[-84.64487,66.1805],[-84.61203,66.13515],[-84.56227,66.16555],[-84.64487,66.1805]]],[[[-97.24034,69.90435],[-97.30524,69.86666],[-97.21938,69.86639],[-97.24034,69.90435]]],[[[-67.13318,65.51671],[-67.18858,65.50761],[-67.20058,65.48751],[-67.13265,65.48358],[-67.13318,65.51671]]],[[[-79.41481,52.26535],[-79.4453,52.26529],[-79.49375,52.24083],[-79.39455,52.24015],[-79.41481,52.26535]]],[[[-81.45194,77.4494],[-81.52668,77.41229],[-81.44726,77.40872],[-81.45194,77.4494]]],[[[-73.22278,64.27164],[-73.23128,64.2331],[-73.14445,64.24975],[-73.22278,64.27164]]],[[[-91.50839,63.6811],[-91.53174,63.64569],[-91.49031,63.63755],[-91.46881,63.67124],[-91.50839,63.6811]]],[[[-114.37675,67.79804],[-114.42901,67.77732],[-114.36816,67.76553],[-114.33047,67.77703],[-114.37675,67.79804]]],[[[-67.32375,68.5617],[-67.33707,68.53914],[-67.24335,68.53224],[-67.26332,68.55193],[-67.32375,68.5617]]],[[[-97.89235,68.3444],[-97.82541,68.31298],[-97.80186,68.32641],[-97.83438,68.35009],[-97.89235,68.3444]]],[[[-64.1944,63.93257],[-64.25582,63.90603],[-64.1938,63.88093],[-64.1944,63.93257]]],[[[-108.54276,67.9271],[-108.54822,67.90431],[-108.44874,67.91012],[-108.4969,67.92882],[-108.54276,67.9271]]],[[[-105.05819,68.53883],[-105.1077,68.52154],[-105.02902,68.50289],[-105.01297,68.51347],[-105.05819,68.53883]]],[[[-85.10967,69.05941],[-85.11345,69.01341],[-85.04321,69.0304],[-85.10967,69.05941]]],[[[-87.31888,70.1766],[-87.35288,70.15951],[-87.26863,70.1526],[-87.24268,70.16982],[-87.31888,70.1766]]],[[[-76.7469,57.27095],[-76.77755,57.2652],[-76.75462,57.21891],[-76.72253,57.22937],[-76.7469,57.27095]]],[[[-80.36876,59.70373],[-80.42799,59.69242],[-80.45809,59.64745],[-80.42392,59.65073],[-80.41835,59.67126],[-80.36876,59.70373]]],[[[-66.34792,66.2069],[-66.35033,66.18097],[-66.33395,66.17645],[-66.34194,66.17266],[-66.31989,66.15684],[-66.28649,66.17948],[-66.34792,66.2069]]],[[[-73.65482,64.10832],[-73.72046,64.1126],[-73.74755,64.09728],[-73.66797,64.08544],[-73.65482,64.10832]]],[[[-108.65932,72.62222],[-108.77944,72.60843],[-108.66169,72.59623],[-108.65932,72.62222]]],[[[-72.31918,63.62583],[-72.38312,63.61964],[-72.37469,63.60321],[-72.28431,63.60446],[-72.31918,63.62583]]],[[[-97.54325,75.3294],[-97.54372,75.35299],[-97.61676,75.35529],[-97.61931,75.33834],[-97.54325,75.3294]]],[[[-76.65464,56.47632],[-76.68725,56.4519],[-76.6304,56.43233],[-76.61893,56.4528],[-76.65464,56.47632]]],[[[-90.50278,81.92068],[-90.55428,81.93225],[-90.62463,81.92322],[-90.56479,81.90766],[-90.50278,81.92068]]],[[[-79.70436,56.9472],[-79.71559,56.92434],[-79.67691,56.85934],[-79.66872,56.88434],[-79.70436,56.9472]]],[[[-73.49922,71.4729],[-73.55774,71.45758],[-73.54926,71.43891],[-73.47834,71.45131],[-73.49922,71.4729]]],[[[-72.14163,63.55915],[-72.19888,63.54581],[-72.14916,63.51886],[-72.15193,63.52465],[-72.14196,63.52854],[-72.13589,63.53671],[-72.11946,63.55149],[-72.14163,63.55915]]],[[[-96.68717,71.29346],[-96.71969,71.2862],[-96.71328,71.26333],[-96.67187,71.25578],[-96.66539,71.28839],[-96.68717,71.29346]]],[[[-71.51023,61.32231],[-71.53086,61.3308],[-71.57966,61.30754],[-71.56436,61.29819],[-71.50222,61.30358],[-71.51023,61.32231]]],[[[-64.92773,65.37181],[-64.84159,65.3852],[-64.84898,65.40212],[-64.93061,65.38863],[-64.92773,65.37181]]],[[[-102.86854,69.47121],[-102.83361,69.48877],[-102.88085,69.51378],[-102.90708,69.50403],[-102.86854,69.47121]]],[[[-66.53029,62.92105],[-66.50691,62.87743],[-66.4384,62.89956],[-66.50443,62.90872],[-66.53029,62.92105]]],[[[-64.31765,62.56155],[-64.35835,62.5232],[-64.29697,62.50914],[-64.31765,62.56155]]],[[[-108.63502,68.20571],[-108.65922,68.19412],[-108.6567,68.16368],[-108.59856,68.17778],[-108.63502,68.20571]]],[[[-64.64178,60.67629],[-64.76021,60.61493],[-64.72916,60.60652],[-64.64178,60.67629]]],[[[-67.38771,65.77079],[-67.39238,65.7659],[-67.46299,65.77497],[-67.44873,65.74992],[-67.35121,65.76017],[-67.38771,65.77079]]],[[[-82.4355,69.47167],[-82.41117,69.45774],[-82.27848,69.44299],[-82.27308,69.44793],[-82.34705,69.45839],[-82.37356,69.46753],[-82.4355,69.47167]]],[[[-109.07746,67.90237],[-108.96166,67.8568],[-108.94118,67.87316],[-109.01623,67.89108],[-109.02414,67.88823],[-109.07746,67.90237]]],[[[-90.03867,68.98958],[-90.12343,68.98093],[-90.074,68.9528],[-90.03867,68.98958]]],[[[-74.62719,79.40671],[-74.69989,79.40325],[-74.66553,79.38693],[-74.59189,79.38571],[-74.62719,79.40671]]],[[[-114.49026,68.90683],[-114.39805,68.87371],[-114.36506,68.89211],[-114.49026,68.90683]]],[[[-84.97256,69.09294],[-85.02087,69.08952],[-85.01322,69.06593],[-84.93348,69.07901],[-84.97256,69.09294]]],[[[-65.01904,64.50237],[-65.04347,64.48176],[-64.98765,64.46284],[-64.98087,64.49129],[-65.01904,64.50237]]],[[[-63.24001,65.56341],[-63.26776,65.55094],[-63.20079,65.52562],[-63.18317,65.53996],[-63.24001,65.56341]]],[[[-90.02253,69.12522],[-90.03403,69.06738],[-89.98605,69.06865],[-90.02253,69.12522]]],[[[-68.10398,63.28353],[-68.06257,63.2239],[-68.02688,63.2391],[-68.10398,63.28353]]],[[[-73.14541,64.13442],[-73.19805,64.1293],[-73.15297,64.10446],[-73.10832,64.12018],[-73.14541,64.13442]]],[[[-91.1895,69.65298],[-91.20789,69.62323],[-91.15668,69.62449],[-91.13459,69.64358],[-91.1895,69.65298]]],[[[-93.46323,68.57808],[-93.48948,68.56566],[-93.36801,68.55712],[-93.39638,68.57402],[-93.46323,68.57808]]],[[[-82.26909,68.7114],[-82.25563,68.688],[-82.18759,68.67302],[-82.16412,68.67853],[-82.26909,68.7114]]],[[[-101.29685,67.73813],[-101.31759,67.73122],[-101.29042,67.71493],[-101.28248,67.70332],[-101.26858,67.69612],[-101.26645,67.69073],[-101.23766,67.70459],[-101.29685,67.73813]]],[[[-108.5082,72.59869],[-108.49704,72.5643],[-108.4254,72.5888],[-108.5082,72.59869]]],[[[-99.98334,75.64071],[-100.05351,75.61372],[-99.96635,75.60828],[-99.98334,75.64071]]],[[[-78.45181,57.37784],[-78.49882,57.36956],[-78.47937,57.34879],[-78.41216,57.36208],[-78.45181,57.37784]]],[[[-108.9543,72.74963],[-109.03937,72.73856],[-109.04414,72.72534],[-108.94238,72.73529],[-108.9543,72.74963]]],[[[-79.80449,57.51453],[-79.82161,57.47654],[-79.85087,57.44867],[-79.80041,57.44978],[-79.80449,57.51453]]],[[[-64.31836,62.46147],[-64.36487,62.44617],[-64.32907,62.42499],[-64.29431,62.4407],[-64.31836,62.46147]]],[[[-71.04432,62.82086],[-71.1437,62.81917],[-71.10472,62.79338],[-71.04432,62.82086]]],[[[-97.14444,76.57002],[-97.12376,76.59103],[-97.17183,76.60524],[-97.18138,76.56929],[-97.14444,76.57002]]],[[[-100.29729,70.75138],[-100.3786,70.73401],[-100.35592,70.7235],[-100.28737,70.73276],[-100.29729,70.75138]]],[[[-84.8973,69.06906],[-84.9527,69.0587],[-84.91672,69.04242],[-84.85939,69.05204],[-84.8973,69.06906]]],[[[-67.18383,65.98964],[-67.18743,65.94388],[-67.13068,65.94092],[-67.18383,65.98964]]],[[[-73.15524,64.19444],[-73.18454,64.17479],[-73.16779,64.1582],[-73.11975,64.15474],[-73.15524,64.19444]]],[[[-64.15685,62.5387],[-64.217,62.54926],[-64.25775,62.53834],[-64.19602,62.52367],[-64.15685,62.5387]]],[[[-105.1238,68.36052],[-105.16315,68.34415],[-105.16826,68.32887],[-105.12069,68.32731],[-105.10744,68.34219],[-105.1238,68.36052]]],[[[-76.65318,56.76479],[-76.66269,56.73385],[-76.62387,56.71664],[-76.61764,56.74771],[-76.65318,56.76479]]],[[[-90.84374,70.19475],[-90.82312,70.16263],[-90.7533,70.17868],[-90.84374,70.19475]]],[[[-67.57336,65.77445],[-67.61878,65.77355],[-67.60444,65.74666],[-67.54517,65.75693],[-67.57336,65.77445]]],[[[-67.54063,68.85949],[-67.59127,68.8667],[-67.68704,68.85248],[-67.58737,68.84947],[-67.54063,68.85949]]],[[[-67.92578,68.92494],[-67.91468,68.89377],[-67.84188,68.91805],[-67.92578,68.92494]]],[[[-84.4878,78.94099],[-84.54352,78.93371],[-84.47456,78.91762],[-84.43312,78.92997],[-84.4878,78.94099]]],[[[-67.54403,62.16522],[-67.60554,62.14979],[-67.5376,62.12571],[-67.54403,62.16522]]],[[[-73.94791,64.30428],[-73.99722,64.29895],[-73.92284,64.27706],[-73.89769,64.29138],[-73.94791,64.30428]]],[[[-101.45688,79.06224],[-101.39989,79.0402],[-101.31671,79.0352],[-101.4012,79.05842],[-101.45688,79.06224]]],[[[-65.94916,58.97396],[-66.05223,58.96658],[-66.01031,58.94518],[-65.94916,58.97396]]],[[[-100.57678,67.79776],[-100.59148,67.79134],[-100.60913,67.79115],[-100.61393,67.76644],[-100.55354,67.76743],[-100.57678,67.79776]]],[[[-62.99756,65.29315],[-63.02563,65.29682],[-63.06135,65.26649],[-63.0148,65.26226],[-62.99756,65.29315]]],[[[-64.75314,62.86331],[-64.79896,62.87075],[-64.81388,62.84227],[-64.76306,62.84217],[-64.75314,62.86331]]],[[[-103.6811,77.06304],[-103.74214,77.04749],[-103.70698,77.04119],[-103.62646,77.04891],[-103.6811,77.06304]]],[[[-76.64017,56.71787],[-76.63257,56.65523],[-76.65906,56.58906],[-76.6235,56.5854],[-76.64017,56.71787]]],[[[-62.35162,67.07546],[-62.3696,67.02284],[-62.31681,67.04021],[-62.35162,67.07546]]],[[[-82.37872,69.49847],[-82.33367,69.48688],[-82.34238,69.47353],[-82.2805,69.46803],[-82.28767,69.48862],[-82.37872,69.49847]]],[[[-78.31125,57.20959],[-78.37467,57.18663],[-78.31021,57.17152],[-78.31125,57.20959]]],[[[-71.56644,63.55857],[-71.60278,63.53062],[-71.51986,63.52766],[-71.56644,63.55857]]],[[[-80.16133,70.28487],[-80.12777,70.24375],[-80.06963,70.24437],[-80.16133,70.28487]]],[[[-85.15409,68.91536],[-85.14417,68.90119],[-85.07296,68.88532],[-85.07984,68.90694],[-85.15409,68.91536]]],[[[-89.94202,69.13416],[-89.98112,69.13319],[-89.91807,69.10094],[-89.89373,69.10248],[-89.89822,69.12059],[-89.9325,69.11969],[-89.94202,69.13416]]],[[[-73.81895,68.51722],[-73.78875,68.52724],[-73.78723,68.55051],[-73.85523,68.53289],[-73.81895,68.51722]]],[[[-62.43888,65.57391],[-62.49426,65.58061],[-62.48552,65.55212],[-62.44684,65.5515],[-62.43888,65.57391]]],[[[-82.23731,80.76688],[-82.30004,80.76425],[-82.34909,80.75525],[-82.33969,80.74686],[-82.25011,80.75576],[-82.23731,80.76688]]],[[[-102.05594,67.61463],[-102.09981,67.58894],[-102.06962,67.58369],[-102.03838,67.58521],[-102.03094,67.59612],[-102.05594,67.61463]]],[[[-96.85477,71.68925],[-96.88507,71.65855],[-96.80344,71.66356],[-96.85477,71.68925]]],[[[-65.02739,62.52475],[-65.07159,62.5243],[-65.0712,62.494],[-65.02258,62.50532],[-65.02739,62.52475]]],[[[-88.37252,65.46216],[-88.43301,65.48372],[-88.46777,65.45751],[-88.37252,65.46216]]],[[[-98.89187,68.09936],[-98.8832,68.08444],[-98.83679,68.06378],[-98.80331,68.06659],[-98.85526,68.09115],[-98.89187,68.09936]]],[[[-66.21009,68.10199],[-66.22022,68.11385],[-66.20974,68.14056],[-66.24206,68.13942],[-66.25338,68.12633],[-66.23562,68.10164],[-66.21009,68.10199]]],[[[-84.27783,66.20695],[-84.3261,66.18684],[-84.24892,66.17083],[-84.27783,66.20695]]],[[[-91.60232,69.84191],[-91.69169,69.82622],[-91.67351,69.81534],[-91.5872,69.83278],[-91.60232,69.84191]]],[[[-66.99692,66.42445],[-67.02841,66.4344],[-67.08631,66.4212],[-67.04903,66.40791],[-66.99692,66.42445]]],[[[-67.10763,65.3521],[-67.16916,65.33559],[-67.09115,65.31917],[-67.10763,65.3521]]],[[[-74.40675,71.71414],[-74.48538,71.73332],[-74.51576,71.71161],[-74.40675,71.71414]]],[[[-91.0111,63.50494],[-91.08527,63.4865],[-91.01042,63.47428],[-91.0111,63.50494]]],[[[-66.66752,65.12232],[-66.67679,65.10438],[-66.64098,65.09386],[-66.59134,65.09339],[-66.60676,65.10835],[-66.64861,65.10872],[-66.66752,65.12232]]],[[[-107.89091,67.97202],[-107.88361,67.93603],[-107.85447,67.91085],[-107.8615,67.96099],[-107.89091,67.97202]]],[[[-90.76495,69.2424],[-90.8148,69.23905],[-90.84405,69.22253],[-90.78476,69.2181],[-90.76495,69.2424]]],[[[-78.99015,56.32142],[-79.05395,56.28167],[-78.9959,56.28254],[-78.99015,56.32142]]],[[[-67.52571,68.8215],[-67.61735,68.8284],[-67.61686,68.80389],[-67.52571,68.8215]]],[[[-110.53112,68.60442],[-110.45715,68.56085],[-110.42563,68.57225],[-110.53112,68.60442]]],[[[-108.02568,67.86848],[-108.07483,67.85342],[-108.06158,67.82852],[-108.02119,67.85163],[-108.02568,67.86848]]],[[[-62.48248,67.03767],[-62.44379,67.06086],[-62.47353,67.07231],[-62.50957,67.05201],[-62.48248,67.03767]]],[[[-108.5861,67.90284],[-108.64631,67.87906],[-108.62919,67.86618],[-108.57273,67.89069],[-108.5861,67.90284]]],[[[-85.41327,69.01039],[-85.40818,68.9961],[-85.34162,68.98435],[-85.34048,69.00209],[-85.41327,69.01039]]],[[[-80.11186,69.99599],[-80.11551,69.97089],[-80.06664,69.97094],[-80.06328,69.99042],[-80.11186,69.99599]]],[[[-62.4987,67.2166],[-62.52946,67.22244],[-62.60964,67.20777],[-62.5402,67.20185],[-62.4987,67.2166]]],[[[-79.03162,52.11471],[-79.084,52.10689],[-79.09659,52.09311],[-79.02938,52.09144],[-79.03162,52.11471]]],[[[-83.6382,63.25652],[-83.67221,63.29107],[-83.70771,63.263],[-83.6382,63.25652]]],[[[-82.50479,69.56684],[-82.50475,69.53898],[-82.42746,69.54297],[-82.50479,69.56684]]],[[[-85.78074,68.41941],[-85.78726,68.39601],[-85.73654,68.38531],[-85.74858,68.41461],[-85.78074,68.41941]]],[[[-72.25345,63.8326],[-72.28737,63.83885],[-72.33496,63.81465],[-72.27339,63.81576],[-72.25345,63.8326]]],[[[-96.20783,80.51445],[-96.16883,80.52785],[-96.18488,80.54033],[-96.24151,80.53883],[-96.20783,80.51445]]],[[[-78.01036,64.01528],[-78.02578,63.9985],[-78.01772,63.96861],[-77.9823,63.98473],[-78.01036,64.01528]]],[[[-83.75607,66.14123],[-83.79795,66.13],[-83.78122,66.11183],[-83.73514,66.11889],[-83.75607,66.14123]]],[[[-97.64664,75.03378],[-97.67062,75.0086],[-97.57943,75.0158],[-97.64664,75.03378]]],[[[-97.83897,68.41763],[-97.85132,68.40868],[-97.76368,68.38697],[-97.77891,68.40738],[-97.83897,68.41763]]],[[[-74.6237,72.17477],[-74.68135,72.1648],[-74.63553,72.15211],[-74.58658,72.16724],[-74.6237,72.17477]]],[[[-92.64623,69.74609],[-92.7224,69.72229],[-92.63336,69.72236],[-92.64623,69.74609]]],[[[-79.21791,51.77315],[-79.24464,51.77164],[-79.29233,51.74973],[-79.283,51.74059],[-79.24135,51.75076],[-79.21791,51.77315]]],[[[-99.89805,69.1388],[-99.91637,69.11186],[-99.83649,69.1145],[-99.89805,69.1388]]],[[[-76.73209,56.23493],[-76.77492,56.2324],[-76.74061,56.20088],[-76.71887,56.21208],[-76.73209,56.23493]]],[[[-61.90204,66.99423],[-61.93997,66.99741],[-61.97962,66.98374],[-61.93738,66.97105],[-61.90204,66.99423]]],[[[-66.28689,66.17495],[-66.3096,66.15931],[-66.26794,66.1425],[-66.24153,66.15207],[-66.28689,66.17495]]],[[[-112.18466,68.17996],[-112.17994,68.17016],[-112.09623,68.16802],[-112.12366,68.18591],[-112.18466,68.17996]]],[[[-99.26434,76.64895],[-99.35332,76.63931],[-99.33858,76.62485],[-99.28544,76.6336],[-99.26434,76.64895]]],[[[-103.8797,77.09195],[-103.90614,77.06928],[-103.81407,77.07041],[-103.8797,77.09195]]],[[[-83.85485,65.70443],[-83.92055,65.68215],[-83.8488,65.67519],[-83.85485,65.70443]]],[[[-72.28385,63.77662],[-72.34783,63.75704],[-72.2926,63.74183],[-72.28385,63.77662]]],[[[-64.10447,63.84904],[-64.15362,63.82419],[-64.08111,63.81913],[-64.10447,63.84904]]],[[[-67.22983,82.74227],[-67.04572,82.75613],[-67.05912,82.76161],[-67.23661,82.74651],[-67.22983,82.74227]]],[[[-98.10374,68.42106],[-97.9928,68.387],[-97.97835,68.3939],[-98.0498,68.41563],[-98.10374,68.42106]]],[[[-93.39383,62.4205],[-93.41867,62.41313],[-93.38408,62.38315],[-93.3627,62.40728],[-93.39383,62.4205]]],[[[-105.26171,68.59998],[-105.2083,68.5759],[-105.17765,68.59995],[-105.26171,68.59998]]],[[[-109.03879,67.87427],[-109.07258,67.86373],[-109.02759,67.84631],[-108.99644,67.85385],[-109.03879,67.87427]]],[[[-101.10109,72.74255],[-101.0584,72.71961],[-100.98507,72.72745],[-101.10109,72.74255]]],[[[-67.04265,65.30927],[-67.07289,65.26576],[-67.03615,65.27402],[-67.02262,65.30336],[-67.04265,65.30927]]],[[[-83.53081,66.02001],[-83.5748,65.98728],[-83.51047,65.98934],[-83.53081,66.02001]]],[[[-65.30234,61.72217],[-65.37153,61.704],[-65.30125,61.69334],[-65.30234,61.72217]]],[[[-109.00378,67.78842],[-109.00798,67.75606],[-108.9452,67.76299],[-109.00378,67.78842]]],[[[-67.47982,66.31332],[-67.5082,66.29898],[-67.45908,66.28723],[-67.43032,66.29728],[-67.47982,66.31332]]],[[[-61.51686,66.49431],[-61.50882,66.46348],[-61.46898,66.46166],[-61.48081,66.48598],[-61.51686,66.49431]]],[[[-85.42156,69.07613],[-85.45784,69.06602],[-85.42165,69.05092],[-85.37885,69.06186],[-85.42156,69.07613]]],[[[-108.76802,74.96232],[-108.7378,74.9507],[-108.67857,74.94963],[-108.6555,74.96129],[-108.76802,74.96232]]],[[[-84.55296,66.3527],[-84.56837,66.3134],[-84.51379,66.32338],[-84.55296,66.3527]]],[[[-78.93134,58.87232],[-78.94442,58.84446],[-78.92559,58.8264],[-78.89887,58.82499],[-78.93134,58.87232]]],[[[-85.49039,77.47969],[-85.51242,77.46412],[-85.4533,77.45597],[-85.44139,77.4717],[-85.49039,77.47969]]],[[[-65.35084,68.01148],[-65.40578,68.00827],[-65.43731,67.99636],[-65.41746,67.98896],[-65.37533,67.99618],[-65.35084,68.01148]]],[[[-78.00098,62.404],[-78.06939,62.39374],[-78.04446,62.36896],[-78.00098,62.404]]],[[[-68.55577,70.17798],[-68.57555,70.21599],[-68.62018,70.20325],[-68.55577,70.17798]]],[[[-100.41818,69.08953],[-100.38828,69.0615],[-100.34385,69.08494],[-100.41818,69.08953]]],[[[-84.80193,66.21725],[-84.80707,66.19883],[-84.78183,66.18715],[-84.74522,66.20253],[-84.80193,66.21725]]],[[[-111.75806,67.7658],[-111.69702,67.74549],[-111.65017,67.75247],[-111.72675,67.7671],[-111.75806,67.7658]]],[[[-77.15246,55.76826],[-77.22562,55.76646],[-77.2095,55.74052],[-77.15246,55.76826]]],[[[-90.33558,69.57151],[-90.36738,69.54575],[-90.29291,69.54558],[-90.33558,69.57151]]],[[[-95.38793,67.17425],[-95.38926,67.20237],[-95.43393,67.20497],[-95.4297,67.18756],[-95.38793,67.17425]]],[[[-79.23429,51.95612],[-79.29532,51.96283],[-79.298,51.9317],[-79.23429,51.95612]]],[[[-90.74513,69.20181],[-90.76231,69.18877],[-90.71453,69.17757],[-90.69251,69.19611],[-90.74513,69.20181]]],[[[-92.00973,62.83497],[-92.00716,62.81867],[-91.9252,62.81604],[-91.96734,62.83221],[-92.00973,62.83497]]],[[[-64.91851,64.17993],[-64.98307,64.16728],[-64.92678,64.14895],[-64.91851,64.17993]]],[[[-64.82992,67.87061],[-64.87548,67.87434],[-64.89004,67.85049],[-64.83747,67.8556],[-64.82992,67.87061]]],[[[-111.72563,68.22823],[-111.81181,68.20392],[-111.72604,68.20625],[-111.72563,68.22823]]],[[[-66.87154,65.28221],[-66.90069,65.27378],[-66.90594,65.25376],[-66.87527,65.2401],[-66.87154,65.28221]]],[[[-97.16479,73.31703],[-97.23229,73.30131],[-97.1334,73.29647],[-97.16479,73.31703]]],[[[-100.19588,72.98862],[-100.20238,72.97971],[-100.13893,72.96063],[-100.11774,72.97113],[-100.19588,72.98862]]],[[[-91.39078,69.80641],[-91.41326,69.82247],[-91.45208,69.80821],[-91.41123,69.79179],[-91.39078,69.80641]]],[[[-66.8006,65.41324],[-66.84742,65.40858],[-66.80812,65.37994],[-66.7943,65.39435],[-66.8006,65.41324]]],[[[-96.08508,67.68531],[-96.11059,67.67798],[-96.11884,67.6438],[-96.08252,67.65698],[-96.08508,67.68531]]],[[[-91.05786,69.26344],[-91.03619,69.23372],[-90.98346,69.24783],[-91.05786,69.26344]]],[[[-76.88468,57.56371],[-76.8961,57.52388],[-76.865,57.51782],[-76.86919,57.55629],[-76.88468,57.56371]]],[[[-78.66839,58.80417],[-78.67887,58.78206],[-78.64444,58.77438],[-78.62895,58.79801],[-78.66839,58.80417]]],[[[-67.86825,68.88829],[-67.91702,68.86779],[-67.85256,68.85684],[-67.86825,68.88829]]],[[[-100.06349,76.73243],[-100.15419,76.72429],[-100.02786,76.71518],[-100.06349,76.73243]]],[[[-84.62649,65.54773],[-84.68739,65.53185],[-84.6629,65.52362],[-84.60548,65.53521],[-84.62649,65.54773]]],[[[-114.28531,67.83421],[-114.26288,67.80148],[-114.21672,67.8028],[-114.21625,67.81676],[-114.25409,67.81653],[-114.28531,67.83421]]],[[[-108.41963,68.09334],[-108.50597,68.0546],[-108.44244,68.06187],[-108.41963,68.09334]]],[[[-105.41577,68.66901],[-105.40535,68.65388],[-105.36178,68.63751],[-105.34424,68.6521],[-105.41577,68.66901]]],[[[-113.89749,67.83418],[-113.85589,67.82123],[-113.80933,67.81671],[-113.75578,67.82731],[-113.84596,67.82843],[-113.89749,67.83418]]],[[[-85.28217,69.05857],[-85.33177,69.05128],[-85.28342,69.03264],[-85.26228,69.0386],[-85.28217,69.05857]]],[[[-108.58905,68.2428],[-108.63276,68.21094],[-108.56418,68.21936],[-108.58905,68.2428]]],[[[-95.62455,69.32063],[-95.63263,69.30133],[-95.60528,69.29474],[-95.56601,69.30599],[-95.62455,69.32063]]],[[[-76.65817,56.98473],[-76.69633,56.9845],[-76.69719,56.95251],[-76.66697,56.96237],[-76.65817,56.98473]]],[[[-81.44525,66.97102],[-81.49512,66.97093],[-81.50349,66.95802],[-81.45551,66.94873],[-81.44525,66.97102]]],[[[-113.52376,68.47483],[-113.52604,68.45833],[-113.48825,68.45358],[-113.46714,68.47398],[-113.52376,68.47483]]],[[[-87.67039,68.15114],[-87.66059,68.14032],[-87.60099,68.12343],[-87.59271,68.13916],[-87.67039,68.15114]]],[[[-78.96494,52.11094],[-78.99379,52.09296],[-78.94628,52.07376],[-78.94454,52.09117],[-78.96494,52.11094]]],[[[-99.0327,68.39203],[-99.00766,68.36775],[-99.0206,68.35864],[-98.97578,68.33201],[-98.98603,68.36317],[-99.0327,68.39203]]],[[[-95.89505,67.30592],[-95.9272,67.29485],[-95.98073,67.26841],[-95.97178,67.26323],[-95.91823,67.28323],[-95.89505,67.30592]]],[[[-98.7055,68.79072],[-98.68224,68.77573],[-98.68842,68.76192],[-98.64272,68.76401],[-98.66184,68.78557],[-98.7055,68.79072]]],[[[-77.95985,58.32986],[-77.88792,58.2934],[-77.88713,58.31767],[-77.95985,58.32986]]],[[[-97.19948,75.5342],[-97.28787,75.51885],[-97.23603,75.50782],[-97.19948,75.5342]]],[[[-100.80646,69.97433],[-100.83249,69.99566],[-100.87035,69.9588],[-100.80646,69.97433]]],[[[-103.98428,67.95602],[-104.01994,67.94675],[-104.0362,67.92764],[-103.96691,67.94176],[-103.98428,67.95602]]],[[[-77.76231,58.26108],[-77.72351,58.23069],[-77.68948,58.23728],[-77.7328,58.25775],[-77.76231,58.26108]]],[[[-75.44204,69.53807],[-75.52298,69.53378],[-75.50338,69.51322],[-75.44204,69.53807]]],[[[-82.12633,69.65703],[-82.21363,69.65002],[-82.21371,69.64111],[-82.14256,69.64299],[-82.12633,69.65703]]],[[[-66.9241,68.59173],[-66.96409,68.58467],[-66.94545,68.57123],[-66.89871,68.56599],[-66.9241,68.59173]]],[[[-79.14425,56.60519],[-79.16199,56.59322],[-79.14027,56.57276],[-79.15102,56.56074],[-79.12422,56.5485],[-79.12215,56.56787],[-79.13344,56.57463],[-79.14425,56.60519]]],[[[-91.29323,76.48121],[-91.29322,76.49491],[-91.33486,76.50219],[-91.38384,76.49897],[-91.29323,76.48121]]],[[[-96.48493,76.62407],[-96.51715,76.62868],[-96.56666,76.6098],[-96.47361,76.6151],[-96.48493,76.62407]]],[[[-68.02271,68.57728],[-68.08938,68.57117],[-68.07704,68.55508],[-68.0411,68.55913],[-68.02271,68.57728]]],[[[-89.83592,64.10466],[-89.82248,64.06201],[-89.78444,64.0694],[-89.83592,64.10466]]],[[[-67.64203,66.42061],[-67.65866,66.41046],[-67.57339,66.39557],[-67.60426,66.41568],[-67.64203,66.42061]]],[[[-84.61524,65.80052],[-84.61509,65.83876],[-84.64015,65.8416],[-84.64445,65.81838],[-84.61524,65.80052]]],[[[-83.60934,65.90415],[-83.64058,65.87496],[-83.57406,65.88245],[-83.60934,65.90415]]],[[[-91.9647,70.50151],[-91.96232,70.48176],[-91.91179,70.47125],[-91.93855,70.50044],[-91.9647,70.50151]]],[[[-96.33736,74.83515],[-96.37985,74.83727],[-96.39413,74.81324],[-96.33412,74.82487],[-96.33736,74.83515]]],[[[-86.06742,72.04682],[-86.09274,72.03851],[-86.03359,72.02556],[-86.01518,72.03979],[-86.06742,72.04682]]],[[[-77.49971,56.37684],[-77.49241,56.38928],[-77.51775,56.41022],[-77.53547,56.37557],[-77.49971,56.37684]]],[[[-84.91181,78.97383],[-84.86244,78.98126],[-84.88444,78.99487],[-84.9314,78.98975],[-84.91181,78.97383]]],[[[-77.88163,77.7713],[-77.92629,77.77],[-77.94194,77.75957],[-77.914,77.75121],[-77.87517,77.76279],[-77.88163,77.7713]]],[[[-65.73402,68.03016],[-65.76803,68.00067],[-65.71376,67.99832],[-65.73402,68.03016]]],[[[-64.45874,82.86292],[-64.38101,82.87348],[-64.42622,82.8764],[-64.51914,82.86789],[-64.45874,82.86292]]],[[[-109.06391,67.85419],[-109.09772,67.83407],[-109.02689,67.82679],[-109.06391,67.85419]]],[[[-109.07824,67.75806],[-109.06253,67.73236],[-109.0237,67.73778],[-109.04124,67.75507],[-109.07824,67.75806]]],[[[-67.75874,68.87114],[-67.80458,68.87251],[-67.7702,68.84279],[-67.75422,68.8515],[-67.75874,68.87114]]],[[[-72.69002,63.9349],[-72.6815,63.90122],[-72.6466,63.89999],[-72.66399,63.92548],[-72.69002,63.9349]]],[[[-113.85114,67.88935],[-113.86233,67.87157],[-113.79375,67.87551],[-113.80232,67.886],[-113.85114,67.88935]]],[[[-95.39382,69.58547],[-95.3785,69.55824],[-95.31785,69.55845],[-95.39382,69.58547]]],[[[-111.65146,68.33703],[-111.57803,68.32372],[-111.57472,68.34565],[-111.65146,68.33703]]],[[[-91.36691,69.84612],[-91.38425,69.82662],[-91.36399,69.80333],[-91.34659,69.84122],[-91.36691,69.84612]]],[[[-79.58041,52.57923],[-79.61678,52.57368],[-79.60706,52.55889],[-79.61995,52.54361],[-79.58811,52.53614],[-79.5955,52.56151],[-79.58041,52.57923]]],[[[-70.00756,62.57065],[-70.00443,62.55242],[-69.97569,62.53401],[-69.95055,62.54229],[-70.00756,62.57065]]],[[[-77.91177,70.20668],[-77.94099,70.2067],[-77.93727,70.17781],[-77.90372,70.18453],[-77.91177,70.20668]]],[[[-89.01665,65.41468],[-89.05088,65.40108],[-89.00713,65.38661],[-88.98984,65.3928],[-89.01665,65.41468]]],[[[-79.78229,76.21292],[-79.79852,76.23635],[-79.85523,76.21797],[-79.78229,76.21292]]],[[[-82.94515,55.2411],[-82.94945,55.25978],[-83.00943,55.26202],[-82.9763,55.24329],[-82.94515,55.2411]]],[[[-74.2593,64.40611],[-74.28982,64.3772],[-74.23467,64.37633],[-74.2593,64.40611]]],[[[-108.40644,72.5522],[-108.4347,72.56099],[-108.47749,72.54686],[-108.41348,72.53983],[-108.40644,72.5522]]],[[[-100.0403,76.75728],[-100.08096,76.73707],[-99.99635,76.73945],[-100.0403,76.75728]]],[[[-113.30327,68.24769],[-113.35603,68.23705],[-113.29479,68.21883],[-113.30327,68.24769]]],[[[-95.77084,77.16298],[-95.84945,77.15016],[-95.76536,77.14341],[-95.77084,77.16298]]],[[[-68.70021,63.61446],[-68.75612,63.59055],[-68.71265,63.58042],[-68.70021,63.61446]]],[[[-92.56013,70.75791],[-92.59714,70.74933],[-92.56561,70.73603],[-92.52428,70.74832],[-92.56013,70.75791]]],[[[-97.91844,68.4147],[-97.94067,68.43371],[-97.96703,68.43101],[-97.97139,68.41112],[-97.91844,68.4147]]],[[[-74.60713,64.5334],[-74.5621,64.51923],[-74.57409,64.50649],[-74.52257,64.50218],[-74.54352,64.5229],[-74.60713,64.5334]]],[[[-114.69068,68.77859],[-114.63368,68.75535],[-114.6125,68.77474],[-114.69068,68.77859]]],[[[-71.40683,63.02272],[-71.48358,63.03315],[-71.48653,63.01274],[-71.40683,63.02272]]],[[[-92.36279,69.70159],[-92.40143,69.69368],[-92.3613,69.67814],[-92.33352,69.6968],[-92.36279,69.70159]]],[[[-72.20097,63.58007],[-72.1886,63.54977],[-72.14141,63.563],[-72.20097,63.58007]]],[[[-96.71081,76.83667],[-96.76175,76.831],[-96.76222,76.81241],[-96.73141,76.81433],[-96.71081,76.83667]]],[[[-98.06043,73.08773],[-98.09687,73.07752],[-98.04718,73.07097],[-98.00705,73.08394],[-98.06043,73.08773]]],[[[-96.07379,67.39218],[-96.12303,67.36793],[-96.05882,67.36729],[-96.07379,67.39218]]],[[[-72.26018,63.79666],[-72.29348,63.80862],[-72.31346,63.79712],[-72.27995,63.77874],[-72.26018,63.79666]]],[[[-68.60385,70.14845],[-68.63099,70.14021],[-68.62941,70.11891],[-68.58778,70.12818],[-68.60385,70.14845]]],[[[-99.07601,68.46362],[-99.07912,68.45267],[-99.0545,68.44223],[-99.04326,68.43065],[-98.9848,68.41213],[-98.99318,68.42519],[-99.05646,68.44485],[-99.07601,68.46362]]],[[[-94.54184,68.89298],[-94.60799,68.86855],[-94.57016,68.8588],[-94.54184,68.89298]]],[[[-109.13343,67.89895],[-109.11535,67.87913],[-109.08384,67.86943],[-109.06919,67.87713],[-109.10373,67.89353],[-109.13343,67.89895]]],[[[-89.99887,63.9179],[-90.01677,63.90673],[-90.00683,63.89609],[-89.97657,63.88779],[-89.95418,63.89788],[-89.98611,63.90385],[-89.99887,63.9179]]],[[[-78.34053,56.69967],[-78.38123,56.6982],[-78.40693,56.70437],[-78.43161,56.69874],[-78.39792,56.68961],[-78.35103,56.68929],[-78.34053,56.69967]]],[[[-68.61224,70.10715],[-68.63997,70.11181],[-68.68266,70.09321],[-68.61984,70.09374],[-68.61224,70.10715]]],[[[-92.03515,79.32416],[-92.07446,79.31466],[-92.01129,79.31172],[-91.9683,79.3244],[-92.03515,79.32416]]],[[[-91.4195,69.87955],[-91.48562,69.86435],[-91.43546,69.85243],[-91.4195,69.87955]]],[[[-67.54851,68.57947],[-67.54152,68.5662],[-67.4704,68.55452],[-67.47893,68.56605],[-67.54851,68.57947]]],[[[-80.24306,77.25759],[-80.31782,77.25554],[-80.29601,77.24524],[-80.22372,77.24823],[-80.24306,77.25759]]],[[[-112.90504,67.95232],[-112.78993,67.94763],[-112.78816,67.96094],[-112.90504,67.95232]]],[[[-72.71915,63.9165],[-72.74793,63.90023],[-72.73629,63.89003],[-72.69217,63.89659],[-72.71915,63.9165]]],[[[-100.52426,67.81521],[-100.55077,67.80009],[-100.52975,67.78259],[-100.50257,67.80635],[-100.52426,67.81521]]],[[[-72.91191,64.03591],[-72.96173,64.02509],[-72.9581,64.01034],[-72.90831,64.02139],[-72.91191,64.03591]]],[[[-66.87624,65.46621],[-66.89819,65.45801],[-66.91412,65.42677],[-66.89378,65.42214],[-66.87624,65.46621]]],[[[-67.46199,63.35086],[-67.44565,63.32179],[-67.44804,63.30859],[-67.40473,63.30731],[-67.46199,63.35086]]],[[[-63.98512,63.58587],[-64.00957,63.57972],[-63.98876,63.56053],[-63.9504,63.57538],[-63.98512,63.58587]]],[[[-114.83544,67.92429],[-114.8832,67.91356],[-114.93541,67.90878],[-114.92487,67.89625],[-114.90518,67.90406],[-114.83172,67.91717],[-114.83544,67.92429]]],[[[-109.30061,68.19164],[-109.29479,68.16781],[-109.24933,68.16587],[-109.28045,68.19001],[-109.30061,68.19164]]],[[[-64.57603,60.68695],[-64.60543,60.69211],[-64.60023,60.65948],[-64.5724,60.66738],[-64.57603,60.68695]]],[[[-97.1305,76.50877],[-97.16214,76.48615],[-97.09075,76.48961],[-97.1305,76.50877]]],[[[-81.0983,54.37682],[-81.10971,54.36691],[-81.10774,54.33028],[-81.08329,54.33811],[-81.0983,54.37682]]],[[[-90.40141,69.5377],[-90.42309,69.51152],[-90.37598,69.49937],[-90.40141,69.5377]]],[[[-68.71138,63.65471],[-68.78444,63.65359],[-68.78031,63.63322],[-68.71138,63.65471]]],[[[-98.79312,68.41107],[-98.78664,68.40067],[-98.79762,68.38178],[-98.76194,68.37887],[-98.77326,68.39283],[-98.75158,68.40314],[-98.79312,68.41107]]],[[[-93.97394,69.43654],[-94.05521,69.43104],[-94.00549,69.4161],[-93.97394,69.43654]]],[[[-72.42522,62.04384],[-72.41097,62.01299],[-72.3691,62.02669],[-72.42522,62.04384]]],[[[-88.58149,74.74468],[-88.55157,74.77023],[-88.59975,74.77863],[-88.58149,74.74468]]],[[[-65.04584,62.927],[-65.05096,62.90017],[-64.99692,62.89386],[-65.04584,62.927]]],[[[-103.48513,76.03144],[-103.54164,76.02665],[-103.55323,76.01483],[-103.47231,76.02181],[-103.48513,76.03144]]],[[[-85.23134,69.06626],[-85.25324,69.04699],[-85.21865,69.04665],[-85.18899,69.06412],[-85.23134,69.06626]]],[[[-79.88628,69.94162],[-79.91796,69.95206],[-79.94165,69.93175],[-79.90667,69.92745],[-79.88628,69.94162]]],[[[-74.43136,68.53099],[-74.48573,68.52791],[-74.46404,68.51372],[-74.41913,68.5181],[-74.43136,68.53099]]],[[[-82.14725,68.72624],[-82.18591,68.72304],[-82.17148,68.70788],[-82.12262,68.71056],[-82.14725,68.72624]]],[[[-65.7847,65.77319],[-65.85515,65.76793],[-65.80986,65.75057],[-65.7847,65.77319]]],[[[-89.90007,69.01354],[-89.94509,69.01421],[-89.95733,68.99726],[-89.90231,69.00087],[-89.90007,69.01354]]],[[[-111.62614,67.77097],[-111.5734,67.74715],[-111.57524,67.77566],[-111.62614,67.77097]]],[[[-67.72439,65.93361],[-67.72366,65.89313],[-67.68764,65.89373],[-67.72439,65.93361]]],[[[-90.30618,69.25738],[-90.35659,69.2593],[-90.34869,69.24107],[-90.30601,69.24449],[-90.30618,69.25738]]],[[[-109.22462,68.00907],[-109.24784,67.99701],[-109.21498,67.98433],[-109.18787,67.99375],[-109.22462,68.00907]]],[[[-100.38133,75.47866],[-100.42216,75.46831],[-100.35073,75.46559],[-100.33441,75.4782],[-100.38133,75.47866]]],[[[-67.70885,63.10356],[-67.76653,63.11009],[-67.77128,63.09763],[-67.72496,63.09083],[-67.70885,63.10356]]],[[[-75.61876,69.19142],[-75.61639,69.1461],[-75.5849,69.15093],[-75.61876,69.19142]]],[[[-72.77078,63.95638],[-72.81465,63.95237],[-72.80993,63.93888],[-72.74989,63.94461],[-72.77078,63.95638]]],[[[-90.99068,69.57112],[-91.0591,69.55365],[-90.99238,69.54975],[-90.99068,69.57112]]],[[[-64.47595,60.44832],[-64.50658,60.44393],[-64.4948,60.41705],[-64.47441,60.42162],[-64.47595,60.44832]]],[[[-64.06778,63.50848],[-64.10689,63.50558],[-64.09476,63.48618],[-64.06664,63.48612],[-64.06778,63.50848]]],[[[-91.09343,69.63764],[-91.13963,69.63016],[-91.11902,69.61483],[-91.07438,69.63291],[-91.09343,69.63764]]],[[[-67.31359,65.82538],[-67.34989,65.80951],[-67.29998,65.79241],[-67.31359,65.82538]]],[[[-100.51699,67.87507],[-100.49719,67.85246],[-100.45137,67.87148],[-100.51699,67.87507]]],[[[-65.51992,65.56672],[-65.53749,65.55808],[-65.49553,65.53343],[-65.47828,65.53511],[-65.51992,65.56672]]],[[[-77.04213,69.78194],[-77.01517,69.75544],[-76.96566,69.75901],[-77.04213,69.78194]]],[[[-67.22066,65.81119],[-67.26548,65.81074],[-67.26534,65.79548],[-67.21892,65.79562],[-67.22066,65.81119]]],[[[-63.94323,67.31915],[-63.99188,67.3036],[-63.90974,67.30095],[-63.94323,67.31915]]],[[[-80.51305,59.69773],[-80.5587,59.6719],[-80.53851,59.66713],[-80.50437,59.682],[-80.51305,59.69773]]],[[[-90.00741,68.92434],[-90.04898,68.89758],[-89.98511,68.90502],[-90.00741,68.92434]]],[[[-93.43184,61.82821],[-93.42022,61.81231],[-93.38231,61.80549],[-93.35053,61.80855],[-93.43184,61.82821]]],[[[-111.84896,68.20198],[-111.82906,68.18289],[-111.77126,68.19739],[-111.84896,68.20198]]],[[[-92.2044,62.31918],[-92.21908,62.30384],[-92.19969,62.29328],[-92.1658,62.30541],[-92.2044,62.31918]]],[[[-82.65782,69.82913],[-82.67527,69.81885],[-82.60881,69.80723],[-82.61777,69.8214],[-82.65782,69.82913]]],[[[-65.07396,61.71404],[-65.10785,61.71018],[-65.11726,61.69648],[-65.06899,61.69404],[-65.07396,61.71404]]],[[[-73.1328,62.2552],[-73.08987,62.25122],[-73.08296,62.26614],[-73.13859,62.26805],[-73.1328,62.2552]]],[[[-90.15711,69.42663],[-90.17829,69.42155],[-90.14766,69.40284],[-90.12308,69.42665],[-90.15711,69.42663]]],[[[-76.09001,79.03078],[-76.16103,79.02007],[-76.0336,79.02013],[-76.09001,79.03078]]],[[[-67.13145,65.99312],[-67.1145,65.96714],[-67.0684,65.97658],[-67.13145,65.99312]]],[[[-95.45316,75.72561],[-95.49724,75.72012],[-95.48711,75.71016],[-95.42316,75.71395],[-95.45316,75.72561]]],[[[-94.59488,79.31061],[-94.57385,79.29752],[-94.51719,79.29883],[-94.53806,79.30952],[-94.59488,79.31061]]],[[[-73.63605,83.00993],[-73.61135,83.02199],[-73.7317,83.01799],[-73.63605,83.00993]]],[[[-66.94561,68.49396],[-67.02509,68.48577],[-67.0058,68.47087],[-66.94561,68.49396]]],[[[-114.50885,67.92705],[-114.49206,67.91332],[-114.44061,67.92137],[-114.47799,67.93178],[-114.50885,67.92705]]],[[[-73.01904,64.05352],[-73.04872,64.05449],[-73.06693,64.04186],[-73.05453,64.03317],[-73.01664,64.04404],[-73.01904,64.05352]]],[[[-66.48149,68.34429],[-66.51745,68.32497],[-66.46143,68.31786],[-66.48149,68.34429]]],[[[-113.9821,67.96256],[-113.88438,67.95794],[-113.87106,67.971],[-113.9821,67.96256]]],[[[-71.91155,63.62935],[-71.97093,63.62253],[-71.93839,63.60376],[-71.91155,63.62935]]],[[[-72.6455,63.78783],[-72.63144,63.80495],[-72.66993,63.80404],[-72.69218,63.79056],[-72.6455,63.78783]]],[[[-95.74736,72.87834],[-95.76573,72.88866],[-95.80623,72.88705],[-95.80059,72.87116],[-95.74736,72.87834]]],[[[-108.75387,76.85667],[-108.79183,76.84025],[-108.7069,76.84185],[-108.75387,76.85667]]],[[[-66.84291,65.28811],[-66.86705,65.25871],[-66.83237,65.24584],[-66.84291,65.28811]]],[[[-64.53154,64.29865],[-64.56072,64.30111],[-64.57476,64.28411],[-64.54237,64.27666],[-64.53154,64.29865]]],[[[-84.76901,65.94874],[-84.78821,65.93353],[-84.75453,65.92547],[-84.73418,65.93809],[-84.76901,65.94874]]],[[[-108.00591,71.79808],[-108.01275,71.78393],[-107.97546,71.77812],[-107.9564,71.79045],[-108.00591,71.79808]]],[[[-93.52276,63.9618],[-93.54862,63.94863],[-93.50939,63.93621],[-93.49914,63.95281],[-93.52276,63.9618]]],[[[-95.67294,73.62569],[-95.66817,73.60384],[-95.61028,73.61427],[-95.67294,73.62569]]],[[[-105.98929,73.11501],[-105.99937,73.11049],[-105.96711,73.08945],[-105.937,73.08694],[-105.96869,73.10855],[-105.98929,73.11501]]],[[[-85.60854,72.25296],[-85.6646,72.24181],[-85.60141,72.23116],[-85.60854,72.25296]]],[[[-113.99996,67.82747],[-114.0288,67.8136],[-113.98259,67.809],[-113.9629,67.81819],[-113.99996,67.82747]]],[[[-108.99037,72.77117],[-108.99391,72.75595],[-108.93827,72.76563],[-108.95176,72.77635],[-108.99037,72.77117]]],[[[-109.32235,67.93713],[-109.32339,67.92829],[-109.26398,67.91727],[-109.27732,67.93479],[-109.32235,67.93713]]],[[[-97.18175,79.64675],[-97.2003,79.63975],[-97.14338,79.63221],[-97.11573,79.64143],[-97.18175,79.64675]]],[[[-94.23899,71.98976],[-94.27679,71.98909],[-94.2908,71.97409],[-94.25214,71.97157],[-94.23899,71.98976]]],[[[-79.1514,55.76007],[-79.23829,55.70292],[-79.20898,55.70734],[-79.1514,55.76007]]],[[[-95.71519,69.31244],[-95.69441,69.29355],[-95.66394,69.2978],[-95.66852,69.31133],[-95.71519,69.31244]]],[[[-96.73728,71.31726],[-96.76496,71.30562],[-96.73783,71.29125],[-96.71531,71.3104],[-96.73728,71.31726]]],[[[-89.04484,81.94201],[-89.08863,81.95166],[-89.13107,81.94705],[-89.09525,81.93716],[-89.04484,81.94201]]],[[[-98.87572,68.07753],[-98.8815,68.06056],[-98.89736,68.05262],[-98.87889,68.04095],[-98.85625,68.05196],[-98.87572,68.07753]]],[[[-83.04229,69.9872],[-83.00431,69.96454],[-82.97244,69.97924],[-83.04229,69.9872]]],[[[-63.88543,67.45888],[-63.94217,67.45595],[-63.93389,67.43382],[-63.88543,67.45888]]],[[[-102.12806,68.61141],[-102.17485,68.60626],[-102.14667,68.59408],[-102.11201,68.59647],[-102.12806,68.61141]]],[[[-78.69426,58.68879],[-78.6897,58.64757],[-78.65943,58.65225],[-78.69426,58.68879]]],[[[-92.5137,62.16883],[-92.5277,62.15834],[-92.49857,62.14294],[-92.47787,62.15688],[-92.5137,62.16883]]],[[[-78.11009,60.7749],[-78.16955,60.77123],[-78.15874,60.75061],[-78.11009,60.7749]]],[[[-85.19306,68.79764],[-85.14101,68.77814],[-85.11103,68.79118],[-85.19306,68.79764]]],[[[-84.92204,66.95361],[-84.95634,66.94247],[-84.91946,66.93418],[-84.89103,66.93983],[-84.92204,66.95361]]],[[[-80.53148,59.43794],[-80.54389,59.41985],[-80.52182,59.40537],[-80.51023,59.43659],[-80.53148,59.43794]]],[[[-107.441,73.34449],[-107.51095,73.36032],[-107.49885,73.3396],[-107.441,73.34449]]],[[[-78.07557,58.36495],[-78.03899,58.33816],[-78.00529,58.34748],[-78.07557,58.36495]]],[[[-107.9462,67.90521],[-107.97227,67.90919],[-107.99858,67.88846],[-107.99808,67.87721],[-107.9462,67.90521]]],[[[-95.24241,77.81422],[-95.27092,77.80253],[-95.34155,77.79233],[-95.29309,77.78865],[-95.24017,77.80841],[-95.24241,77.81422]]],[[[-102.72139,68.80498],[-102.70432,68.81786],[-102.73962,68.82694],[-102.75319,68.80861],[-102.72139,68.80498]]],[[[-66.80243,65.21522],[-66.8358,65.1961],[-66.78418,65.18855],[-66.80243,65.21522]]],[[[-100.90469,68.52328],[-100.94163,68.511],[-100.92058,68.49339],[-100.8965,68.51797],[-100.90469,68.52328]]],[[[-108.41156,67.98941],[-108.41802,67.97675],[-108.39196,67.96994],[-108.37476,67.99683],[-108.41156,67.98941]]],[[[-107.01751,68.25201],[-106.98234,68.24116],[-106.94372,68.24036],[-106.94574,68.24939],[-106.99625,68.25405],[-107.01751,68.25201]]],[[[-111.38813,68.27895],[-111.45988,68.26361],[-111.46766,68.25239],[-111.38568,68.27288],[-111.38813,68.27895]]],[[[-85.04929,65.70451],[-84.98851,65.67421],[-84.98385,65.69218],[-85.04929,65.70451]]],[[[-64.68896,60.5018],[-64.7494,60.50492],[-64.72394,60.48338],[-64.68896,60.5018]]],[[[-79.99456,70.22687],[-79.99551,70.20307],[-79.95982,70.19922],[-79.96498,70.21394],[-79.99456,70.22687]]],[[[-66.6898,65.20594],[-66.70721,65.18286],[-66.654,65.18326],[-66.6898,65.20594]]],[[[-87.01754,70.45089],[-87.03669,70.44082],[-87.00858,70.42461],[-86.98879,70.43631],[-87.01754,70.45089]]],[[[-95.24792,76.31167],[-95.23268,76.31609],[-95.2479,76.33577],[-95.28283,76.33908],[-95.24792,76.31167]]],[[[-109.26288,67.98215],[-109.28101,67.97242],[-109.24423,67.96093],[-109.21979,67.9675],[-109.26288,67.98215]]],[[[-66.92849,65.26855],[-66.98252,65.26181],[-66.95778,65.24256],[-66.92849,65.26855]]],[[[-109.28173,67.96644],[-109.20422,67.93928],[-109.17793,67.94556],[-109.28173,67.96644]]],[[[-97.57614,79.61344],[-97.57157,79.61818],[-97.64744,79.62401],[-97.64895,79.61813],[-97.60102,79.60985],[-97.57614,79.61344]]],[[[-97.22674,76.53281],[-97.2266,76.51336],[-97.18957,76.51823],[-97.19183,76.53199],[-97.22674,76.53281]]],[[[-76.31597,64.34952],[-76.31805,64.33853],[-76.30374,64.33006],[-76.26312,64.32471],[-76.26993,64.34092],[-76.31094,64.34],[-76.31597,64.34952]]],[[[-89.41383,81.94293],[-89.38414,81.94943],[-89.43862,81.95499],[-89.48401,81.95007],[-89.41383,81.94293]]],[[[-91.63167,62.63388],[-91.65723,62.62757],[-91.62118,62.61785],[-91.59522,62.61508],[-91.61669,62.63492],[-91.63167,62.63388]]],[[[-73.48971,64.22193],[-73.51501,64.21749],[-73.49399,64.20499],[-73.46322,64.20473],[-73.47229,64.22007],[-73.48971,64.22193]]],[[[-77.66455,58.23134],[-77.66227,58.21686],[-77.60286,58.19667],[-77.6056,58.20814],[-77.62752,58.21261],[-77.66455,58.23134]]],[[[-93.51295,68.60331],[-93.46342,68.58264],[-93.44138,68.59725],[-93.51295,68.60331]]],[[[-89.05766,63.97676],[-89.06844,63.96492],[-89.06153,63.96184],[-89.05056,63.96271],[-89.05214,63.95919],[-89.03866,63.95352],[-89.01615,63.96505],[-89.05766,63.97676]]],[[[-108.20904,67.9053],[-108.23452,67.89233],[-108.20883,67.8802],[-108.18796,67.90075],[-108.20904,67.9053]]],[[[-85.96308,79.51871],[-85.97502,79.50728],[-85.91323,79.50205],[-85.92,79.51234],[-85.96308,79.51871]]],[[[-104.54705,68.13111],[-104.55906,68.12333],[-104.50558,68.10992],[-104.50658,68.12466],[-104.54705,68.13111]]],[[[-66.88087,62.03089],[-66.92067,62.02806],[-66.90567,62.0121],[-66.87041,62.01909],[-66.88087,62.03089]]],[[[-107.48026,71.82798],[-107.46384,71.82137],[-107.43335,71.81894],[-107.39159,71.81076],[-107.39405,71.81857],[-107.44006,71.82775],[-107.48026,71.82798]]],[[[-75.18935,64.421],[-75.18571,64.40784],[-75.13714,64.38618],[-75.12687,64.38921],[-75.16528,64.40452],[-75.15909,64.41471],[-75.18935,64.421]]],[[[-65.80382,65.84495],[-65.83075,65.82971],[-65.7949,65.82337],[-65.779,65.83426],[-65.80382,65.84495]]],[[[-64.43577,60.44235],[-64.45994,60.42061],[-64.43179,60.41021],[-64.42482,60.42768],[-64.43577,60.44235]]],[[[-67.81187,63.2805],[-67.85506,63.26527],[-67.80765,63.2553],[-67.81187,63.2805]]],[[[-72.10149,63.71494],[-72.14673,63.70029],[-72.1019,63.68933],[-72.10149,63.71494]]],[[[-84.7958,78.0354],[-84.75282,78.04446],[-84.76434,78.05428],[-84.8183,78.04179],[-84.7958,78.0354]]],[[[-67.50934,58.36044],[-67.49213,58.38568],[-67.54165,58.37993],[-67.50934,58.36044]]],[[[-65.24207,64.5611],[-65.26976,64.55417],[-65.25914,64.5378],[-65.22304,64.55088],[-65.24207,64.5611]]],[[[-66.95758,62.72436],[-66.93875,62.73019],[-66.96306,62.73739],[-66.98622,62.70719],[-66.94513,62.71801],[-66.95758,62.72436]]],[[[-92.06101,70.55284],[-92.05721,70.53229],[-92.00393,70.54394],[-92.06101,70.55284]]],[[[-72.14475,63.59441],[-72.18697,63.59371],[-72.17584,63.58247],[-72.12343,63.58183],[-72.14475,63.59441]]],[[[-97.99696,73.05323],[-98.05927,73.0504],[-98.05609,73.04386],[-97.99158,73.04206],[-97.99696,73.05323]]],[[[-66.67643,68.56977],[-66.71041,68.54957],[-66.64987,68.55269],[-66.67643,68.56977]]],[[[-88.30957,65.41542],[-88.31164,65.39762],[-88.27032,65.40076],[-88.27241,65.41138],[-88.30957,65.41542]]],[[[-66.66481,64.976],[-66.67462,64.93705],[-66.64295,64.94931],[-66.66481,64.976]]],[[[-101.75622,76.61231],[-101.796,76.60517],[-101.76979,76.59945],[-101.70517,76.60958],[-101.75622,76.61231]]],[[[-94.42298,71.98682],[-94.43959,71.96089],[-94.39597,71.9624],[-94.42298,71.98682]]],[[[-109.1901,68.08245],[-109.17169,68.06667],[-109.11959,68.06309],[-109.16859,68.0815],[-109.1901,68.08245]]],[[[-76.50829,64.15257],[-76.56047,64.15426],[-76.53643,64.1324],[-76.50829,64.15257]]],[[[-79.0675,55.96503],[-79.04255,56],[-79.05583,56.00579],[-79.0742,55.98345],[-79.0675,55.96503]]],[[[-113.14227,67.91569],[-113.00543,67.91495],[-113.05082,67.92321],[-113.14227,67.91569]]],[[[-83.69988,66.15974],[-83.7143,66.12866],[-83.6783,66.13021],[-83.69988,66.15974]]],[[[-67.88717,69.14667],[-67.91851,69.14014],[-67.87507,69.12742],[-67.85698,69.13278],[-67.88717,69.14667]]],[[[-80.4616,59.4825],[-80.48473,59.43863],[-80.45161,59.45421],[-80.4616,59.4825]]],[[[-62.6151,66.9715],[-62.62831,66.98136],[-62.67329,66.97679],[-62.67004,66.96638],[-62.6151,66.9715]]],[[[-89.1623,81.95617],[-89.11304,81.9601],[-89.15601,81.96888],[-89.19737,81.96336],[-89.1623,81.95617]]],[[[-72.90764,63.96142],[-72.94741,63.9513],[-72.86707,63.94433],[-72.90764,63.96142]]],[[[-92.52235,62.1937],[-92.52141,62.18102],[-92.49184,62.1622],[-92.46856,62.17118],[-92.4966,62.1777],[-92.52235,62.1937]]],[[[-109.04183,68.01907],[-109.04848,68.01409],[-109.01029,67.99231],[-108.99483,68.0029],[-109.04183,68.01907]]],[[[-64.17261,63.75946],[-64.2137,63.75237],[-64.21762,63.73747],[-64.17796,63.74578],[-64.17261,63.75946]]],[[[-97.05123,68.39497],[-97.03762,68.38508],[-96.98596,68.37358],[-96.98206,68.38325],[-97.05123,68.39497]]],[[[-72.53477,63.83303],[-72.58789,63.81704],[-72.53572,63.81263],[-72.53477,63.83303]]],[[[-100.07973,70.56909],[-100.09138,70.57838],[-100.13599,70.57647],[-100.13622,70.56532],[-100.07973,70.56909]]],[[[-65.45453,64.81446],[-65.50044,64.81847],[-65.48061,64.79355],[-65.45453,64.81446]]],[[[-66.00104,62.98142],[-66.01359,62.96041],[-65.96321,62.96005],[-66.00104,62.98142]]],[[[-78.01233,56.30521],[-78.05815,56.30294],[-78.04581,56.28036],[-78.01233,56.30521]]],[[[-64.91199,62.66258],[-64.9321,62.64512],[-64.89866,62.63787],[-64.89298,62.65227],[-64.91199,62.66258]]],[[[-99.10377,68.50206],[-99.1178,68.50992],[-99.16452,68.50287],[-99.16427,68.49306],[-99.10377,68.50206]]],[[[-62.89902,65.51432],[-62.89559,65.52835],[-62.93191,65.53237],[-62.93536,65.51799],[-62.89902,65.51432]]],[[[-85.02429,69.04238],[-85.0386,69.03289],[-84.98926,69.0267],[-84.97162,69.03305],[-85.02429,69.04238]]],[[[-65.85233,62.92549],[-65.8727,62.91032],[-65.84123,62.90573],[-65.82248,62.91591],[-65.85233,62.92549]]],[[[-88.53487,80.15697],[-88.58885,80.16347],[-88.61106,80.15585],[-88.55431,80.15018],[-88.53487,80.15697]]],[[[-73.66185,64.17998],[-73.69263,64.1701],[-73.66971,64.16189],[-73.6386,64.16122],[-73.66185,64.17998]]],[[[-94.23005,81.04115],[-94.27253,81.03723],[-94.23633,81.03035],[-94.1755,81.03755],[-94.23005,81.04115]]],[[[-66.85211,62.98718],[-66.86054,62.97935],[-66.83904,62.96574],[-66.79941,62.95892],[-66.85211,62.98718]]],[[[-90.14707,68.28057],[-90.2061,68.27277],[-90.16291,68.26081],[-90.14707,68.28057]]],[[[-89.98116,68.87167],[-90.02031,68.8474],[-89.98949,68.83988],[-89.98116,68.87167]]],[[[-102.90852,69.47408],[-102.92914,69.49464],[-102.9574,69.4967],[-102.94394,69.48017],[-102.90852,69.47408]]],[[[-96.7003,68.05352],[-96.73986,68.03851],[-96.71183,68.03634],[-96.67562,68.04386],[-96.7003,68.05352]]],[[[-67.9819,63.44744],[-67.97868,63.43082],[-67.96035,63.4222],[-67.936,63.42913],[-67.9819,63.44744]]],[[[-67.15184,66.2928],[-67.20307,66.29289],[-67.21636,66.28509],[-67.1615,66.28176],[-67.15184,66.2928]]],[[[-100.88611,67.83074],[-100.91342,67.82505],[-100.90571,67.81117],[-100.85764,67.82784],[-100.88611,67.83074]]],[[[-85.459,69.73874],[-85.49126,69.72187],[-85.43751,69.71787],[-85.459,69.73874]]],[[[-67.02478,65.39565],[-67.03901,65.36596],[-67.00595,65.36237],[-67.02478,65.39565]]],[[[-98.44338,71.7639],[-98.47198,71.75079],[-98.45183,71.74489],[-98.41278,71.7618],[-98.44338,71.7639]]],[[[-67.07454,66.47665],[-67.12352,66.48175],[-67.14117,66.4626],[-67.07454,66.47665]]],[[[-100.37827,70.68501],[-100.39144,70.70101],[-100.39344,70.71387],[-100.42111,70.7065],[-100.40444,70.69223],[-100.37827,70.68501]]],[[[-72.74205,63.71379],[-72.7626,63.71093],[-72.77702,63.69409],[-72.73578,63.69674],[-72.74205,63.71379]]],[[[-81.69666,68.40362],[-81.67489,68.42312],[-81.68976,68.43073],[-81.71538,68.41222],[-81.69666,68.40362]]],[[[-61.7745,66.2832],[-61.8014,66.29004],[-61.82015,66.27234],[-61.79363,66.26954],[-61.7745,66.2832]]],[[[-113.11901,67.71835],[-113.12865,67.71176],[-113.05425,67.71053],[-113.05976,67.71919],[-113.11901,67.71835]]],[[[-80.57595,59.36787],[-80.58247,59.36332],[-80.57801,59.33362],[-80.55294,59.35952],[-80.57595,59.36787]]],[[[-73.15001,64.09197],[-73.18396,64.08863],[-73.19033,64.07545],[-73.14154,64.0808],[-73.15001,64.09197]]],[[[-87.21306,67.22768],[-87.22514,67.215],[-87.20589,67.2045],[-87.17878,67.20684],[-87.21306,67.22768]]],[[[-79.91698,59.92906],[-79.9462,59.92669],[-79.95053,59.90742],[-79.91771,59.91488],[-79.91698,59.92906]]],[[[-108.18048,73.22574],[-108.20366,73.21405],[-108.16645,73.21032],[-108.14358,73.2202],[-108.18048,73.22574]]],[[[-94.59726,71.83673],[-94.61078,71.81901],[-94.57701,71.81291],[-94.58381,71.82558],[-94.57447,71.83544],[-94.59726,71.83673]]],[[[-67.47493,62.11938],[-67.51283,62.11357],[-67.50405,62.10388],[-67.46026,62.10706],[-67.47493,62.11938]]],[[[-99.66095,67.83844],[-99.68662,67.82497],[-99.66369,67.81943],[-99.6336,67.82781],[-99.66095,67.83844]]],[[[-113.5431,67.92252],[-113.63245,67.92444],[-113.59829,67.91254],[-113.5431,67.92252]]],[[[-67.80538,69.71532],[-67.8064,69.69956],[-67.74356,69.69328],[-67.80538,69.71532]]],[[[-78.84261,52.97639],[-78.90517,52.96553],[-78.90731,52.95705],[-78.83765,52.97031],[-78.84261,52.97639]]],[[[-83.23781,66.38616],[-83.24087,66.37484],[-83.27805,66.3763],[-83.28278,66.36831],[-83.24579,66.36612],[-83.21993,66.38247],[-83.23781,66.38616]]],[[[-95.72618,67.75756],[-95.75438,67.75032],[-95.76672,67.73924],[-95.72487,67.73911],[-95.72618,67.75756]]],[[[-98.78537,68.01151],[-98.78413,67.99586],[-98.75447,67.99407],[-98.74525,68.0061],[-98.78537,68.01151]]],[[[-101.34665,69.48938],[-101.37085,69.47246],[-101.32011,69.46711],[-101.34665,69.48938]]],[[[-66.54979,68.28496],[-66.58536,68.28938],[-66.61055,68.27778],[-66.56159,68.27593],[-66.54979,68.28496]]],[[[-65.44012,64.77022],[-65.48007,64.75645],[-65.435,64.74733],[-65.44012,64.77022]]],[[[-91.57616,81.48152],[-91.56616,81.49504],[-91.64501,81.48678],[-91.57616,81.48152]]],[[[-78.6675,58.63077],[-78.6887,58.62031],[-78.63875,58.59861],[-78.6675,58.63077]]],[[[-66.93228,68.5656],[-66.95326,68.57095],[-67.00986,68.56825],[-66.98423,68.55935],[-66.93228,68.5656]]],[[[-66.72077,68.31621],[-66.77354,68.32023],[-66.73507,68.29876],[-66.72077,68.31621]]],[[[-91.79604,70.3865],[-91.81579,70.37504],[-91.77628,70.36965],[-91.75778,70.37506],[-91.79604,70.3865]]],[[[-67.9527,63.33389],[-67.95274,63.31897],[-67.93971,63.30635],[-67.9201,63.30991],[-67.93319,63.32556],[-67.9527,63.33389]]],[[[-75.80863,65.35626],[-75.80634,65.37063],[-75.84446,65.36158],[-75.83749,65.34799],[-75.80863,65.35626]]],[[[-67.12458,66.27474],[-67.21994,66.28288],[-67.22151,66.27213],[-67.19763,66.27766],[-67.15893,66.27424],[-67.12897,66.26667],[-67.12458,66.27474]]],[[[-87.35238,77.19376],[-87.29753,77.19706],[-87.31482,77.20505],[-87.36748,77.20198],[-87.35238,77.19376]]],[[[-62.08813,65.98622],[-62.12748,65.97344],[-62.07764,65.9649],[-62.08813,65.98622]]],[[[-90.3091,69.44834],[-90.33968,69.44808],[-90.36755,69.42979],[-90.32072,69.43749],[-90.3091,69.44834]]],[[[-66.86995,66.44722],[-66.87613,66.43512],[-66.85561,66.42503],[-66.83671,66.42452],[-66.85161,66.44206],[-66.86995,66.44722]]],[[[-95.58089,72.63401],[-95.58921,72.61886],[-95.55919,72.60975],[-95.5549,72.62494],[-95.58089,72.63401]]],[[[-91.2786,79.35971],[-91.25766,79.36463],[-91.2896,79.36989],[-91.31744,79.3677],[-91.32595,79.35948],[-91.2786,79.35971]]],[[[-74.74131,64.76008],[-74.78022,64.74686],[-74.73614,64.73722],[-74.74131,64.76008]]],[[[-93.52746,81.15429],[-93.51354,81.16543],[-93.55928,81.16938],[-93.56263,81.15864],[-93.52746,81.15429]]],[[[-79.69889,56.23197],[-79.7132,56.23666],[-79.75835,56.21261],[-79.74384,56.21064],[-79.69889,56.23197]]],[[[-98.4154,78.79453],[-98.37762,78.80839],[-98.44541,78.80877],[-98.4154,78.79453]]],[[[-81.61923,79.94026],[-81.57938,79.92661],[-81.54034,79.93706],[-81.61923,79.94026]]],[[[-95.80172,69.28642],[-95.76241,69.2705],[-95.73088,69.28186],[-95.80172,69.28642]]],[[[-114.42808,67.90679],[-114.40824,67.89545],[-114.37202,67.90156],[-114.38207,67.90988],[-114.42808,67.90679]]],[[[-107.74011,67.95028],[-107.71994,67.93252],[-107.68112,67.94509],[-107.74011,67.95028]]],[[[-62.30551,65.88327],[-62.32544,65.8659],[-62.29337,65.86224],[-62.28353,65.87084],[-62.30551,65.88327]]],[[[-107.9129,66.98744],[-107.90558,66.96512],[-107.87473,66.95605],[-107.87927,66.97297],[-107.89154,66.97275],[-107.9129,66.98744]]],[[[-64.85675,60.42468],[-64.88884,60.42813],[-64.88719,60.41314],[-64.84198,60.41503],[-64.85675,60.42468]]],[[[-71.45588,63.08809],[-71.4811,63.07765],[-71.44279,63.0632],[-71.44278,63.07653],[-71.45588,63.08809]]],[[[-100.52426,70.79812],[-100.54642,70.81158],[-100.57229,70.80487],[-100.54599,70.792],[-100.52426,70.79812]]],[[[-90.93252,69.61209],[-90.98336,69.60834],[-90.9354,69.5935],[-90.93252,69.61209]]],[[[-66.71913,65.13273],[-66.75007,65.11132],[-66.72425,65.11052],[-66.70572,65.12184],[-66.71913,65.13273]]],[[[-101.00148,76.31618],[-101.04497,76.31067],[-101.02404,76.30715],[-100.95183,76.31684],[-100.9718,76.32115],[-101.00148,76.31618]]],[[[-72.87714,63.75888],[-72.91358,63.74949],[-72.90727,63.74243],[-72.86774,63.74369],[-72.87714,63.75888]]],[[[-80.4115,72.56749],[-80.38851,72.57775],[-80.40185,72.58686],[-80.43441,72.5817],[-80.4115,72.56749]]],[[[-74.14965,64.40723],[-74.17569,64.4081],[-74.1666,64.39223],[-74.12913,64.39476],[-74.14965,64.40723]]],[[[-93.68485,77.43366],[-93.76401,77.43396],[-93.73418,77.42228],[-93.68485,77.43366]]],[[[-73.62404,64.2448],[-73.67019,64.23908],[-73.65992,64.2279],[-73.63384,64.2308],[-73.62404,64.2448]]],[[[-94.41068,80.99532],[-94.40393,80.98721],[-94.33489,80.98561],[-94.36629,80.9944],[-94.41068,80.99532]]],[[[-79.2605,69.76753],[-79.29843,69.78066],[-79.31329,69.76182],[-79.2605,69.76753]]],[[[-77.44393,72.76979],[-77.49276,72.7742],[-77.50558,72.76631],[-77.44485,72.76218],[-77.44393,72.76979]]],[[[-103.05903,67.91592],[-103.0774,67.9138],[-103.0736,67.89838],[-103.05613,67.8959],[-103.04481,67.91206],[-103.05903,67.91592]]],[[[-109.69874,67.89492],[-109.69374,67.87498],[-109.64866,67.87639],[-109.69874,67.89492]]],[[[-73.59691,64.30942],[-73.60817,64.28828],[-73.58401,64.28724],[-73.576,64.30308],[-73.59691,64.30942]]],[[[-73.42989,64.48921],[-73.4701,64.48176],[-73.45802,64.47197],[-73.42327,64.47839],[-73.42989,64.48921]]],[[[-97.10654,68.40938],[-97.10226,68.40134],[-97.06838,68.38794],[-97.05848,68.39215],[-97.08421,68.4078],[-97.10654,68.40938]]],[[[-73.80914,64.23999],[-73.84609,64.23857],[-73.83929,64.22481],[-73.80514,64.22947],[-73.80914,64.23999]]],[[[-62.03849,66.06799],[-62.0781,66.06393],[-62.07184,66.05197],[-62.04187,66.0545],[-62.03849,66.06799]]],[[[-67.89253,63.32574],[-67.8918,63.30802],[-67.84081,63.29563],[-67.89253,63.32574]]],[[[-107.49643,66.91602],[-107.5036,66.90045],[-107.47269,66.89817],[-107.47113,66.91371],[-107.49643,66.91602]]],[[[-98.44962,68.06753],[-98.46087,68.06145],[-98.43053,68.04505],[-98.41237,68.05116],[-98.44962,68.06753]]],[[[-100.12645,70.54175],[-100.11881,70.52941],[-100.08447,70.5278],[-100.09454,70.54257],[-100.12645,70.54175]]],[[[-79.19992,52.0038],[-79.24062,51.99094],[-79.21805,51.98398],[-79.19798,51.98873],[-79.19992,52.0038]]],[[[-82.21903,69.46317],[-82.21083,69.47274],[-82.25097,69.47959],[-82.26216,69.4715],[-82.21903,69.46317]]],[[[-102.1093,67.79492],[-102.11221,67.78541],[-102.06735,67.77593],[-102.07642,67.79021],[-102.1093,67.79492]]],[[[-103.96417,78.8713],[-103.93974,78.87892],[-103.97878,78.88063],[-104.01522,78.86714],[-103.96417,78.8713]]],[[[-66.69727,65.16749],[-66.71717,65.16021],[-66.71721,65.14439],[-66.6919,65.14572],[-66.69727,65.16749]]],[[[-79.12955,68.46034],[-79.15198,68.45679],[-79.1274,68.445],[-79.09337,68.44428],[-79.12955,68.46034]]],[[[-100.29322,73.09402],[-100.33978,73.0816],[-100.30027,73.07341],[-100.29322,73.09402]]],[[[-74.30298,64.60524],[-74.32348,64.60194],[-74.29884,64.58326],[-74.28391,64.60221],[-74.30298,64.60524]]],[[[-85.11708,71.19434],[-85.14362,71.18719],[-85.15255,71.17682],[-85.11747,71.17562],[-85.11708,71.19434]]],[[[-67.23306,65.78201],[-67.26034,65.78149],[-67.26497,65.77373],[-67.24553,65.76947],[-67.21447,65.77169],[-67.23306,65.78201]]],[[[-91.11902,63.54798],[-91.13077,63.53516],[-91.10655,63.52963],[-91.08574,63.53827],[-91.11902,63.54798]]],[[[-96.27867,67.58137],[-96.26926,67.5674],[-96.27821,67.53944],[-96.26382,67.54165],[-96.25707,67.55599],[-96.2648,67.57283],[-96.27867,67.58137]]],[[[-97.666,79.41738],[-97.60748,79.40475],[-97.5873,79.41516],[-97.666,79.41738]]],[[[-70.06217,62.61456],[-70.09519,62.61568],[-70.08911,62.59921],[-70.05239,62.60801],[-70.06217,62.61456]]],[[[-101.89247,69.73214],[-101.87896,69.7204],[-101.88924,69.71663],[-101.88921,69.69953],[-101.86852,69.70714],[-101.8666,69.71568],[-101.87836,69.72203],[-101.87317,69.73016],[-101.89247,69.73214]]],[[[-85.2742,69.0013],[-85.31449,68.99694],[-85.30475,68.98442],[-85.26879,68.99411],[-85.2742,69.0013]]],[[[-85.2325,68.98577],[-85.27392,68.97363],[-85.24136,68.96247],[-85.2325,68.98577]]],[[[-82.42773,69.84358],[-82.43262,69.8318],[-82.40225,69.82428],[-82.39603,69.83749],[-82.42773,69.84358]]],[[[-73.635,64.11938],[-73.69216,64.12147],[-73.69818,64.11488],[-73.63475,64.11209],[-73.635,64.11938]]],[[[-96.13595,80.50083],[-96.20469,80.50864],[-96.2129,80.49725],[-96.13595,80.50083]]],[[[-67.25023,65.52886],[-67.25115,65.5426],[-67.28999,65.53709],[-67.26652,65.5245],[-67.25023,65.52886]]],[[[-67.03847,63.23069],[-67.05919,63.22159],[-67.05469,63.20558],[-67.03037,63.2141],[-67.03847,63.23069]]],[[[-108.44302,72.19564],[-108.46553,72.18169],[-108.43518,72.17928],[-108.41828,72.19077],[-108.44302,72.19564]]],[[[-79.91382,72.51735],[-79.92871,72.50873],[-79.92181,72.49541],[-79.89074,72.50755],[-79.91382,72.51735]]],[[[-96.31472,67.48942],[-96.31476,67.46582],[-96.27907,67.47018],[-96.31472,67.48942]]],[[[-89.385,68.12239],[-89.37218,68.12595],[-89.37629,68.14615],[-89.3946,68.14019],[-89.39698,68.12534],[-89.385,68.12239]]],[[[-99.96932,69.13148],[-99.98592,69.11975],[-99.94737,69.11513],[-99.94547,69.12794],[-99.96932,69.13148]]],[[[-89.91468,63.91723],[-89.9198,63.89665],[-89.89535,63.89814],[-89.89199,63.91229],[-89.91468,63.91723]]],[[[-91.94714,62.65589],[-91.93557,62.64596],[-91.90929,62.64706],[-91.89363,62.64023],[-91.87959,62.64882],[-91.94714,62.65589]]],[[[-90.04174,69.01174],[-90.08232,68.99435],[-90.03849,68.99261],[-90.04174,69.01174]]],[[[-92.34099,70.14233],[-92.37619,70.13084],[-92.36597,70.11997],[-92.32791,70.14075],[-92.34099,70.14233]]],[[[-84.51542,65.63556],[-84.53473,65.63957],[-84.54585,65.6151],[-84.52411,65.61255],[-84.52779,65.62679],[-84.51542,65.63556]]],[[[-100.21464,70.45062],[-100.23329,70.46554],[-100.27894,70.47499],[-100.28118,70.47091],[-100.23769,70.4593],[-100.23328,70.45249],[-100.21464,70.45062]]],[[[-66.78386,66.31141],[-66.80174,66.30303],[-66.75796,66.2943],[-66.75316,66.30292],[-66.78386,66.31141]]],[[[-114.69141,68.2242],[-114.73297,68.23863],[-114.74508,68.23231],[-114.71048,68.21982],[-114.69141,68.2242]]],[[[-80.57186,59.29165],[-80.60692,59.29446],[-80.60885,59.28063],[-80.58718,59.278],[-80.57186,59.29165]]],[[[-104.98974,68.26906],[-104.99552,68.26148],[-104.95123,68.24743],[-104.94945,68.25646],[-104.9641,68.25905],[-104.97125,68.26587],[-104.98974,68.26906]]],[[[-98.04132,68.39315],[-98.0536,68.38714],[-98.00994,68.37623],[-97.99871,68.38386],[-98.04132,68.39315]]],[[[-87.66092,75.5935],[-87.64191,75.57881],[-87.59083,75.58248],[-87.66092,75.5935]]],[[[-105.4842,79.3355],[-105.53781,79.33207],[-105.52601,79.32332],[-105.47838,79.32981],[-105.4842,79.3355]]],[[[-114.28508,68.91059],[-114.32914,68.91494],[-114.29145,68.8927],[-114.28508,68.91059]]],[[[-92.11955,69.62822],[-92.16388,69.6176],[-92.10795,69.6126],[-92.11955,69.62822]]],[[[-68.50697,70.305],[-68.53741,70.3015],[-68.53521,70.28736],[-68.5002,70.29587],[-68.50697,70.305]]],[[[-72.83613,63.66859],[-72.88983,63.6706],[-72.86347,63.65443],[-72.83613,63.66859]]],[[[-65.50336,64.68033],[-65.52468,64.68724],[-65.51696,64.65871],[-65.49713,64.67113],[-65.50336,64.68033]]],[[[-100.24794,70.62548],[-100.24555,70.63931],[-100.27792,70.64255],[-100.27588,70.62942],[-100.24794,70.62548]]],[[[-105.03629,68.44659],[-105.06357,68.44029],[-105.01168,68.43104],[-105.0131,68.44138],[-105.03629,68.44659]]],[[[-92.08723,62.38491],[-92.13782,62.37798],[-92.12482,62.36373],[-92.08723,62.38491]]],[[[-72.97912,79.55636],[-72.96411,79.56112],[-73.00242,79.57306],[-73.02566,79.57059],[-72.97912,79.55636]]],[[[-77.25297,69.82464],[-77.29227,69.82407],[-77.27699,69.81189],[-77.24333,69.81659],[-77.25297,69.82464]]],[[[-74.25048,64.37174],[-74.2726,64.37623],[-74.29503,64.36403],[-74.27395,64.35797],[-74.25048,64.37174]]],[[[-73.21473,64.21241],[-73.20515,64.1911],[-73.17108,64.19914],[-73.21473,64.21241]]],[[[-107.85495,67.1669],[-107.84266,67.15268],[-107.8148,67.15696],[-107.82552,67.1684],[-107.85495,67.1669]]],[[[-66.60576,63.02349],[-66.62459,63.02074],[-66.60202,62.99945],[-66.59072,63.01727],[-66.60576,63.02349]]],[[[-73.23729,64.09202],[-73.25592,64.07534],[-73.20918,64.0742],[-73.23729,64.09202]]],[[[-85.70342,63.79388],[-85.72625,63.79391],[-85.73774,63.77844],[-85.71182,63.77709],[-85.70342,63.79388]]],[[[-72.03037,63.49979],[-72.0485,63.50138],[-72.06489,63.48839],[-72.01599,63.48894],[-72.03037,63.49979]]],[[[-66.13515,68.26419],[-66.14615,68.25172],[-66.11283,68.24815],[-66.10467,68.25775],[-66.13515,68.26419]]],[[[-97.50338,79.61173],[-97.49823,79.62688],[-97.5335,79.6259],[-97.53533,79.61781],[-97.50338,79.61173]]],[[[-117.06844,69.65153],[-117.04155,69.64256],[-117.00392,69.64378],[-117.04768,69.65565],[-117.06844,69.65153]]],[[[-97.36971,69.87683],[-97.40944,69.86885],[-97.35505,69.85972],[-97.36971,69.87683]]],[[[-64.56562,60.59049],[-64.60127,60.57647],[-64.5597,60.57049],[-64.56562,60.59049]]],[[[-100.71684,73.59567],[-100.73283,73.5808],[-100.67066,73.58888],[-100.71684,73.59567]]],[[[-100.72322,67.90379],[-100.75441,67.8968],[-100.72822,67.88838],[-100.70338,67.89514],[-100.72322,67.90379]]],[[[-74.12293,64.65456],[-74.13856,64.64511],[-74.11473,64.63644],[-74.09657,64.64891],[-74.12293,64.65456]]],[[[-90.1788,69.05437],[-90.19835,69.03533],[-90.16334,69.02902],[-90.1788,69.05437]]],[[[-64.23658,63.64962],[-64.259,63.64622],[-64.25091,63.6326],[-64.2209,63.63642],[-64.23658,63.64962]]],[[[-90.39568,69.19882],[-90.4343,69.19845],[-90.43554,69.18947],[-90.40864,69.18469],[-90.39568,69.19882]]],[[[-92.64984,61.84067],[-92.65769,61.85021],[-92.69325,61.85326],[-92.66238,61.83344],[-92.64984,61.84067]]],[[[-95.70439,72.88992],[-95.73282,72.88337],[-95.69513,72.87006],[-95.69165,72.87998],[-95.70439,72.88992]]],[[[-73.03839,64.0869],[-73.0689,64.07738],[-73.04872,64.06649],[-73.03253,64.07315],[-73.03839,64.0869]]],[[[-108,68.14334],[-108.03113,68.11945],[-107.98979,68.12598],[-108,68.14334]]],[[[-74.64842,64.34383],[-74.68028,64.34525],[-74.66355,64.33049],[-74.63464,64.33379],[-74.64842,64.34383]]],[[[-93.18292,69.41414],[-93.17553,69.39806],[-93.12978,69.40436],[-93.18292,69.41414]]],[[[-96.372,77.6065],[-96.37587,77.61823],[-96.42054,77.61918],[-96.39673,77.60757],[-96.372,77.6065]]],[[[-65.10615,62.90568],[-65.11474,62.88634],[-65.09878,62.88216],[-65.08457,62.89589],[-65.10615,62.90568]]],[[[-96.96635,68.29034],[-96.95798,68.27801],[-96.92277,68.2662],[-96.91378,68.27135],[-96.96635,68.29034]]],[[[-79.84351,59.96013],[-79.89001,59.9373],[-79.85249,59.93904],[-79.84351,59.96013]]],[[[-72.65293,63.89115],[-72.68217,63.88945],[-72.67381,63.87375],[-72.64325,63.88479],[-72.65293,63.89115]]],[[[-83.10886,65.59367],[-83.12115,65.60674],[-83.15123,65.59728],[-83.14726,65.59069],[-83.10886,65.59367]]],[[[-79.54672,56.08383],[-79.51576,56.09958],[-79.53502,56.10669],[-79.54993,56.0989],[-79.54672,56.08383]]],[[[-95.71089,73.46846],[-95.70913,73.44711],[-95.6733,73.44905],[-95.71089,73.46846]]],[[[-97.36868,69.75612],[-97.38866,69.7431],[-97.3617,69.73825],[-97.3474,69.74735],[-97.36868,69.75612]]],[[[-75.66989,69.46449],[-75.66214,69.48004],[-75.68366,69.4806],[-75.70073,69.4695],[-75.66989,69.46449]]],[[[-73.82769,64.14857],[-73.8779,64.15202],[-73.87722,64.14585],[-73.83772,64.13881],[-73.82769,64.14857]]],[[[-65.52086,68.08208],[-65.56874,68.08104],[-65.54611,68.06559],[-65.52086,68.08208]]],[[[-80.07952,55.91979],[-80.13269,55.9193],[-80.11962,55.91076],[-80.08038,55.91206],[-80.07952,55.91979]]],[[[-80.61784,59.26181],[-80.64057,59.23476],[-80.60964,59.2381],[-80.61784,59.26181]]],[[[-96.71676,77.78854],[-96.76694,77.78762],[-96.76228,77.77987],[-96.71721,77.78039],[-96.71676,77.78854]]],[[[-94.29372,81.05829],[-94.27282,81.04626],[-94.21866,81.05141],[-94.29372,81.05829]]],[[[-67.13845,66.01251],[-67.15531,66.00409],[-67.11329,65.99546],[-67.10782,66.00207],[-67.13845,66.01251]]],[[[-65.98472,62.10022],[-65.99298,62.07997],[-65.95178,62.08915],[-65.98472,62.10022]]],[[[-90.51137,63.62599],[-90.53605,63.62773],[-90.53036,63.61382],[-90.49472,63.61428],[-90.51137,63.62599]]],[[[-78.78267,56.58896],[-78.81886,56.57977],[-78.79498,56.57375],[-78.77328,56.57481],[-78.78267,56.58896]]],[[[-90.69007,69.5856],[-90.73169,69.57461],[-90.69132,69.56715],[-90.69007,69.5856]]],[[[-93.16794,63.93917],[-93.178,63.93004],[-93.14307,63.92343],[-93.14124,63.93705],[-93.16794,63.93917]]],[[[-65.82275,65.73488],[-65.8396,65.74562],[-65.8671,65.73899],[-65.83772,65.72847],[-65.82275,65.73488]]],[[[-85.30948,69.87578],[-85.35519,69.8712],[-85.33976,69.8625],[-85.31536,69.86383],[-85.30948,69.87578]]],[[[-69.91415,60.94393],[-69.89583,60.97476],[-69.92409,60.96822],[-69.91415,60.94393]]],[[[-90.38027,78.29264],[-90.31831,78.29465],[-90.36817,78.30515],[-90.38027,78.29264]]],[[[-81.68549,66.96137],[-81.69427,66.94959],[-81.68328,66.94141],[-81.65665,66.94911],[-81.68549,66.96137]]],[[[-79.47107,54.83097],[-79.49924,54.8297],[-79.51192,54.81968],[-79.46276,54.82146],[-79.47107,54.83097]]],[[[-67.24254,82.74987],[-67.1186,82.75686],[-67.10467,82.76368],[-67.24254,82.74987]]],[[[-67.63618,69.05211],[-67.58651,69.06237],[-67.59436,69.06857],[-67.63471,69.06127],[-67.63618,69.05211]]],[[[-84.68134,65.83341],[-84.68823,65.80324],[-84.66185,65.81048],[-84.68134,65.83341]]],[[[-72,63.66778],[-72.01355,63.64585],[-71.97474,63.65368],[-72,63.66778]]],[[[-91.82848,70.11245],[-91.85823,70.10028],[-91.80726,70.0961],[-91.82848,70.11245]]],[[[-72.88851,83.08707],[-72.84808,83.09234],[-72.92265,83.09343],[-72.93923,83.08755],[-72.88851,83.08707]]],[[[-77.48505,56.44443],[-77.49787,56.44049],[-77.50738,56.41813],[-77.47915,56.42937],[-77.48505,56.44443]]],[[[-107.70244,67.43411],[-107.72611,67.41861],[-107.68979,67.41113],[-107.70244,67.43411]]],[[[-83.291,66.35766],[-83.33005,66.34016],[-83.29027,66.33908],[-83.291,66.35766]]],[[[-81.61291,77.44979],[-81.59928,77.45545],[-81.62682,77.46522],[-81.64709,77.45567],[-81.61291,77.44979]]],[[[-69.49905,62.61663],[-69.519,62.61163],[-69.48834,62.59342],[-69.48653,62.60981],[-69.49905,62.61663]]],[[[-113.05094,67.94459],[-113.0349,67.93453],[-112.97869,67.94481],[-113.05094,67.94459]]],[[[-87.25529,67.18876],[-87.26562,67.18197],[-87.26372,67.1665],[-87.24691,67.16467],[-87.24614,67.18239],[-87.25529,67.18876]]],[[[-94.52206,79.28916],[-94.58944,79.28903],[-94.5907,79.27822],[-94.52206,79.28916]]],[[[-89.95611,68.64715],[-89.97242,68.64566],[-89.97418,68.6376],[-89.99037,68.63084],[-89.97031,68.61584],[-89.96854,68.62625],[-89.97694,68.63114],[-89.96019,68.6383],[-89.95611,68.64715]]],[[[-85.17019,69.06992],[-85.16574,69.06166],[-85.18857,69.05102],[-85.14834,69.05443],[-85.15031,69.06796],[-85.17019,69.06992]]],[[[-64.9506,61.88593],[-64.96334,61.87627],[-64.93672,61.86655],[-64.92497,61.87506],[-64.9506,61.88593]]],[[[-92.68412,62.04984],[-92.66554,62.02982],[-92.63479,62.0358],[-92.68412,62.04984]]],[[[-108.91377,68.3793],[-108.94007,68.37555],[-108.94834,68.364],[-108.91604,68.36521],[-108.91377,68.3793]]],[[[-104.58107,68.17587],[-104.58888,68.16825],[-104.5823,68.15224],[-104.55816,68.16895],[-104.58107,68.17587]]],[[[-89.92951,68.64229],[-89.94319,68.64967],[-89.9644,68.62958],[-89.94947,68.62664],[-89.92951,68.64229]]],[[[-64.31397,63.68295],[-64.32879,63.66094],[-64.29734,63.65882],[-64.31397,63.68295]]],[[[-66.64099,62.90499],[-66.65398,62.90037],[-66.628,62.89307],[-66.62036,62.88513],[-66.60522,62.88711],[-66.61064,62.89481],[-66.64099,62.90499]]],[[[-112.2835,68.15459],[-112.24759,68.14614],[-112.23642,68.15515],[-112.25945,68.16135],[-112.2835,68.15459]]],[[[-72.41632,62.07177],[-72.43147,62.06312],[-72.39428,62.05508],[-72.38733,62.0624],[-72.41632,62.07177]]],[[[-106.16858,73.10565],[-106.17333,73.09282],[-106.19315,73.08662],[-106.16866,73.08015],[-106.15612,73.09994],[-106.16858,73.10565]]],[[[-95.5972,67.49538],[-95.62274,67.49135],[-95.6205,67.48252],[-95.58018,67.48406],[-95.5972,67.49538]]],[[[-114.7382,67.92367],[-114.64489,67.92346],[-114.63722,67.93112],[-114.7382,67.92367]]],[[[-114.2958,67.92527],[-114.29486,67.91857],[-114.23101,67.91723],[-114.24415,67.92328],[-114.2958,67.92527]]],[[[-78.07387,62.39027],[-78.10227,62.37822],[-78.08685,62.37128],[-78.06354,62.38001],[-78.07387,62.39027]]],[[[-66.01311,62.0407],[-66.02845,62.05127],[-66.04734,62.0473],[-66.04289,62.03328],[-66.01311,62.0407]]],[[[-100.57743,73.22086],[-100.59139,73.21334],[-100.54176,73.20662],[-100.55987,73.22065],[-100.57743,73.22086]]],[[[-72.8071,63.72633],[-72.8122,63.71284],[-72.77818,63.71649],[-72.77577,63.72498],[-72.8071,63.72633]]],[[[-66.02892,62.92951],[-66.03891,62.93636],[-66.06729,62.92696],[-66.03954,62.91785],[-66.02892,62.92951]]],[[[-68.32067,70.12827],[-68.37063,70.13515],[-68.36727,70.12055],[-68.32067,70.12827]]],[[[-105.0681,68.35782],[-105.08059,68.35121],[-105.08024,68.3339],[-105.05318,68.34705],[-105.0681,68.35782]]],[[[-94.00172,81.03244],[-93.98019,81.03581],[-94.01461,81.04333],[-94.04365,81.03468],[-94.00172,81.03244]]],[[[-98.99745,68.32593],[-98.99312,68.30683],[-98.95615,68.30667],[-98.99745,68.32593]]],[[[-64.94297,64.59894],[-64.98303,64.59827],[-64.98469,64.58894],[-64.9535,64.58848],[-64.94297,64.59894]]],[[[-97.54875,75.41992],[-97.57373,75.43902],[-97.59627,75.42826],[-97.54875,75.41992]]],[[[-93.53376,68.5943],[-93.54972,68.58547],[-93.51004,68.57998],[-93.50377,68.58714],[-93.53376,68.5943]]],[[[-78.72699,55.80172],[-78.74095,55.80455],[-78.75907,55.78184],[-78.74746,55.77877],[-78.72699,55.80172]]],[[[-81.45368,69.91731],[-81.49681,69.90606],[-81.45746,69.90017],[-81.45368,69.91731]]],[[[-109.55422,72.85576],[-109.57587,72.85645],[-109.56081,72.84467],[-109.54845,72.84391],[-109.52741,72.8543],[-109.55422,72.85576]]],[[[-88.67033,56.7745],[-88.6412,56.74566],[-88.627,56.75549],[-88.67033,56.7745]]],[[[-78.80206,57.36851],[-78.84822,57.35873],[-78.84741,57.35037],[-78.81289,57.35752],[-78.80206,57.36851]]],[[[-101.06485,67.76523],[-101.07573,67.75381],[-101.09661,67.74157],[-101.0731,67.74171],[-101.05589,67.76059],[-101.06485,67.76523]]],[[[-79.1696,52.56238],[-79.17812,52.53375],[-79.15065,52.54443],[-79.1696,52.56238]]],[[[-72.56916,63.7974],[-72.59478,63.79151],[-72.58019,63.78129],[-72.55066,63.79296],[-72.56916,63.7974]]],[[[-76.97279,69.7868],[-76.93624,69.76487],[-76.92307,69.77588],[-76.97279,69.7868]]],[[[-94.17564,71.82355],[-94.14207,71.83167],[-94.1538,71.84256],[-94.17613,71.83361],[-94.17564,71.82355]]],[[[-100.25878,67.87043],[-100.2815,67.85142],[-100.25216,67.85486],[-100.24172,67.86205],[-100.25878,67.87043]]],[[[-90.00219,68.48119],[-89.9683,68.49166],[-90.01241,68.49838],[-90.00219,68.48119]]],[[[-66.72449,66.30098],[-66.72606,66.2816],[-66.69044,66.28228],[-66.72449,66.30098]]],[[[-101.21535,78.98238],[-101.19939,78.98759],[-101.22504,78.99523],[-101.25445,78.98948],[-101.21535,78.98238]]],[[[-96.52656,79.80652],[-96.54814,79.7929],[-96.49515,79.79444],[-96.52656,79.80652]]],[[[-96.00873,67.33437],[-95.99684,67.32643],[-96.00384,67.3113],[-95.96766,67.3294],[-96.00873,67.33437]]],[[[-95.57652,68.51595],[-95.63297,68.5022],[-95.62022,68.49313],[-95.57652,68.51595]]],[[[-67.88498,62.1643],[-67.9244,62.15388],[-67.89223,62.14495],[-67.88498,62.1643]]],[[[-72.96671,64.07142],[-72.97919,64.08473],[-72.99857,64.07947],[-72.97738,64.06274],[-72.96671,64.07142]]],[[[-64.97927,62.50625],[-65.00909,62.50804],[-65.02132,62.49712],[-64.99406,62.495],[-64.97927,62.50625]]],[[[-92.46925,62.48084],[-92.44707,62.46422],[-92.42344,62.46391],[-92.41721,62.47161],[-92.45322,62.47494],[-92.46925,62.48084]]],[[[-73.80478,64.4358],[-73.80214,64.41819],[-73.77445,64.42096],[-73.78155,64.4307],[-73.80478,64.4358]]],[[[-81.81184,82.4955],[-81.81976,82.50658],[-81.87791,82.50155],[-81.81184,82.4955]]],[[[-80.54566,59.1132],[-80.59104,59.10334],[-80.55628,59.09582],[-80.54566,59.1132]]],[[[-79.05785,51.65941],[-79.08406,51.65855],[-79.07853,51.64126],[-79.05874,51.64772],[-79.05785,51.65941]]],[[[-86.49356,67.4544],[-86.49485,67.47833],[-86.52315,67.47399],[-86.49356,67.4544]]],[[[-86.62876,67.65268],[-86.61852,67.63419],[-86.60586,67.63369],[-86.60444,67.6523],[-86.62876,67.65268]]],[[[-71.09777,62.78501],[-71.09795,62.77795],[-71.07183,62.77386],[-71.07034,62.76719],[-71.04698,62.76454],[-71.05551,62.77287],[-71.08134,62.78168],[-71.09777,62.78501]]],[[[-73.45736,64.30779],[-73.49666,64.29996],[-73.45393,64.29119],[-73.45736,64.30779]]],[[[-74.11714,64.41957],[-74.1328,64.40681],[-74.11327,64.40381],[-74.09102,64.41218],[-74.11714,64.41957]]],[[[-92.22184,62.81669],[-92.22113,62.80557],[-92.19679,62.79275],[-92.1827,62.79591],[-92.22184,62.81669]]],[[[-77.76334,56.37995],[-77.79487,56.3787],[-77.79185,56.36892],[-77.76661,56.36587],[-77.76334,56.37995]]],[[[-93.09724,69.14275],[-93.10973,69.13808],[-93.13204,69.1239],[-93.12531,69.11756],[-93.10803,69.12983],[-93.08784,69.13877],[-93.09724,69.14275]]],[[[-90.51905,70.08315],[-90.53976,70.08077],[-90.51304,70.06824],[-90.4935,70.07805],[-90.51905,70.08315]]],[[[-78.74515,56.81041],[-78.76895,56.805],[-78.74248,56.79326],[-78.72895,56.80003],[-78.74515,56.81041]]],[[[-79.23777,55.67303],[-79.15661,55.73651],[-79.19412,55.71546],[-79.23777,55.67303]]],[[[-76.6746,64.27668],[-76.70134,64.27892],[-76.69485,64.26542],[-76.66864,64.26391],[-76.6746,64.27668]]],[[[-109.2698,68.02681],[-109.27241,68.01529],[-109.25861,68.00199],[-109.24394,68.01216],[-109.2698,68.02681]]],[[[-97.92073,68.37787],[-97.93319,68.39379],[-97.96485,68.40293],[-97.93561,68.37995],[-97.92073,68.37787]]],[[[-64.62828,64.13164],[-64.64103,64.11491],[-64.60255,64.11276],[-64.62828,64.13164]]],[[[-109.38006,67.98792],[-109.40235,67.98131],[-109.36212,67.97712],[-109.34859,67.98627],[-109.38006,67.98792]]],[[[-67.37172,65.81407],[-67.42177,65.80357],[-67.38434,65.79805],[-67.37172,65.81407]]],[[[-72.38227,63.70098],[-72.41404,63.70268],[-72.41593,63.69056],[-72.38706,63.69121],[-72.38227,63.70098]]],[[[-92.8426,61.94602],[-92.85711,61.9304],[-92.81285,61.93207],[-92.8426,61.94602]]],[[[-81.48042,52.28883],[-81.50196,52.30463],[-81.52705,52.2921],[-81.48042,52.28883]]],[[[-66.89,63.00816],[-66.91372,63.00462],[-66.87996,62.9913],[-66.86981,62.99723],[-66.89,63.00816]]],[[[-67.57477,69.0215],[-67.56317,69.02963],[-67.59672,69.03648],[-67.60335,69.02678],[-67.57477,69.0215]]],[[[-76.65022,56.87899],[-76.66908,56.85882],[-76.64204,56.85262],[-76.65022,56.87899]]],[[[-109.18751,67.88952],[-109.19083,67.87826],[-109.15966,67.87027],[-109.15028,67.87399],[-109.18751,67.88952]]],[[[-67.3414,68.63333],[-67.38809,68.63681],[-67.36359,68.62084],[-67.3414,68.63333]]],[[[-77.40071,63.69219],[-77.44489,63.68411],[-77.43389,63.6712],[-77.40071,63.69219]]],[[[-78.13147,64.53198],[-78.11392,64.51429],[-78.0878,64.52548],[-78.13147,64.53198]]],[[[-90.80361,69.19059],[-90.82217,69.17832],[-90.76816,69.1787],[-90.80361,69.19059]]],[[[-103.0239,67.92393],[-103.03924,67.90772],[-102.99868,67.90785],[-103.0239,67.92393]]],[[[-105.61606,72.99818],[-105.63549,72.98641],[-105.60043,72.97394],[-105.61606,72.99818]]],[[[-66.35287,62.84659],[-66.36118,62.85364],[-66.38279,62.84785],[-66.37998,62.84116],[-66.3506,62.83755],[-66.35287,62.84659]]],[[[-62.19919,65.96843],[-62.2358,65.9496],[-62.21093,65.94456],[-62.19919,65.96843]]],[[[-73.41703,64.07166],[-73.43697,64.06813],[-73.43556,64.05596],[-73.40703,64.05828],[-73.41703,64.07166]]],[[[-91.57256,63.63794],[-91.57374,63.62597],[-91.55296,63.62032],[-91.54103,63.62984],[-91.57256,63.63794]]],[[[-80.25299,59.41833],[-80.26084,59.41809],[-80.27703,59.3992],[-80.25688,59.39038],[-80.25813,59.40494],[-80.25299,59.41833]]],[[[-100.64826,72.17154],[-100.63396,72.14867],[-100.60887,72.15393],[-100.64826,72.17154]]],[[[-67.27795,65.77497],[-67.26895,65.75875],[-67.23146,65.76737],[-67.24869,65.76993],[-67.25574,65.76871],[-67.26018,65.77196],[-67.27795,65.77497]]],[[[-107.69922,72.10472],[-107.71921,72.09815],[-107.67647,72.09253],[-107.66835,72.09928],[-107.69922,72.10472]]],[[[-95.21655,74.01803],[-95.23251,74.03056],[-95.25978,74.02789],[-95.25327,74.02036],[-95.21655,74.01803]]],[[[-89.75573,81.92764],[-89.7372,81.93405],[-89.77702,81.93688],[-89.79734,81.92999],[-89.75573,81.92764]]],[[[-77.65097,60.20901],[-77.67419,60.19698],[-77.62982,60.19235],[-77.65097,60.20901]]],[[[-64.75413,60.65909],[-64.7457,60.66122],[-64.73818,60.67334],[-64.75707,60.66973],[-64.77468,60.64849],[-64.76671,60.64812],[-64.75413,60.65909]]],[[[-64.69712,62.37315],[-64.73849,62.36972],[-64.7443,62.36256],[-64.6993,62.36496],[-64.69712,62.37315]]],[[[-96.63484,68.07191],[-96.66382,68.07926],[-96.67781,68.07315],[-96.63725,68.06364],[-96.63484,68.07191]]],[[[-105.30828,68.56974],[-105.30298,68.55098],[-105.27078,68.55729],[-105.30828,68.56974]]],[[[-67.07194,68.54092],[-67.12758,68.54196],[-67.10652,68.53012],[-67.07194,68.54092]]],[[[-113.67178,67.90851],[-113.65805,67.89438],[-113.62401,67.90567],[-113.67178,67.90851]]],[[[-98.12717,68.36937],[-98.13045,68.36045],[-98.11321,68.35026],[-98.0952,68.35774],[-98.12717,68.36937]]],[[[-84.07804,76.53371],[-84.11454,76.53269],[-84.0946,76.52375],[-84.06558,76.52376],[-84.07804,76.53371]]],[[[-75.82096,79.0247],[-75.88606,79.02322],[-75.88326,79.01941],[-75.82355,79.01836],[-75.82096,79.0247]]],[[[-78.50634,57.54231],[-78.54783,57.5407],[-78.53444,57.52596],[-78.50634,57.54231]]],[[[-85.23416,77.779],[-85.28742,77.77498],[-85.24616,77.76625],[-85.23416,77.779]]],[[[-84.70222,66.95551],[-84.66133,66.94127],[-84.65152,66.95328],[-84.70222,66.95551]]],[[[-73.61398,64.09753],[-73.63129,64.09051],[-73.60242,64.08209],[-73.59248,64.09323],[-73.61398,64.09753]]],[[[-113.73428,67.76402],[-113.69774,67.7537],[-113.68837,67.7683],[-113.73428,67.76402]]],[[[-73.82317,64.28009],[-73.82466,64.26258],[-73.78807,64.26994],[-73.82317,64.28009]]],[[[-109.32641,67.96878],[-109.30998,67.95099],[-109.27099,67.94706],[-109.32641,67.96878]]],[[[-72.1096,63.6741],[-72.13535,63.66971],[-72.11854,63.66079],[-72.09453,63.66012],[-72.1096,63.6741]]],[[[-65.33879,61.68063],[-65.36638,61.67256],[-65.35649,61.66429],[-65.32999,61.67066],[-65.33879,61.68063]]],[[[-95.31784,80.87532],[-95.31388,80.86808],[-95.25727,80.8669],[-95.27991,80.8737],[-95.31784,80.87532]]],[[[-113.27001,68.03405],[-113.28181,68.04087],[-113.3038,68.04361],[-113.31556,68.03844],[-113.29915,68.032],[-113.27001,68.03405]]],[[[-85.73122,63.75695],[-85.72391,63.76363],[-85.7374,63.77036],[-85.76155,63.74401],[-85.73122,63.75695]]],[[[-95.23649,77.84726],[-95.25418,77.84505],[-95.25169,77.83349],[-95.2145,77.83983],[-95.23649,77.84726]]],[[[-65.25045,61.81026],[-65.26576,61.7941],[-65.24568,61.78984],[-65.23747,61.80411],[-65.25045,61.81026]]],[[[-85.29994,68.78228],[-85.29345,68.76516],[-85.26151,68.77685],[-85.29994,68.78228]]],[[[-77.428,63.66422],[-77.45701,63.66688],[-77.46941,63.65504],[-77.43399,63.65695],[-77.428,63.66422]]],[[[-73.69015,64.49868],[-73.704,64.48881],[-73.66957,64.4835],[-73.66819,64.49264],[-73.69015,64.49868]]],[[[-79.1386,52.57356],[-79.17109,52.57802],[-79.1722,52.56794],[-79.14723,52.56349],[-79.1386,52.57356]]],[[[-79.89271,53.90637],[-79.88302,53.8887],[-79.86709,53.89095],[-79.86958,53.90487],[-79.89271,53.90637]]],[[[-95.35419,79.34171],[-95.39267,79.34473],[-95.40613,79.33899],[-95.35826,79.33458],[-95.35419,79.34171]]],[[[-113.93643,69.21058],[-113.89736,69.1999],[-113.87453,69.20953],[-113.93643,69.21058]]],[[[-80.41807,72.08312],[-80.44061,72.07856],[-80.43061,72.07031],[-80.39592,72.07478],[-80.41807,72.08312]]],[[[-73.82937,64.26049],[-73.84463,64.247],[-73.80076,64.24531],[-73.82937,64.26049]]],[[[-90.64212,63.56242],[-90.66477,63.56013],[-90.66346,63.54902],[-90.64297,63.54493],[-90.64212,63.56242]]],[[[-73.0089,63.71573],[-73.04717,63.70751],[-73.03634,63.69932],[-73.01583,63.70379],[-73.0089,63.71573]]],[[[-82.1257,69.64167],[-82.13467,69.62924],[-82.08126,69.63459],[-82.1257,69.64167]]],[[[-74.50007,68.53905],[-74.48942,68.54758],[-74.51352,68.55625],[-74.52543,68.54804],[-74.50007,68.53905]]],[[[-106.26807,73.2734],[-106.27443,73.26729],[-106.2951,73.26313],[-106.23157,73.26365],[-106.2393,73.26772],[-106.26807,73.2734]]],[[[-67.78618,82.69784],[-67.77555,82.70154],[-67.86324,82.69996],[-67.84133,82.69542],[-67.78618,82.69784]]],[[[-78.57389,58.95277],[-78.59988,58.94712],[-78.59512,58.93678],[-78.57444,58.9375],[-78.57389,58.95277]]],[[[-65.12526,61.72007],[-65.14462,61.71459],[-65.16854,61.71278],[-65.15486,61.70404],[-65.12504,61.71247],[-65.12526,61.72007]]],[[[-72.1539,70.81658],[-72.17771,70.80991],[-72.16815,70.80344],[-72.13584,70.8057],[-72.1539,70.81658]]],[[[-90.86656,69.5333],[-90.89107,69.53118],[-90.88766,69.52186],[-90.86629,69.5157],[-90.86656,69.5333]]],[[[-100.15233,70.46974],[-100.13846,70.44654],[-100.11941,70.45861],[-100.15233,70.46974]]],[[[-64.09166,63.62235],[-64.08271,63.60348],[-64.05413,63.61122],[-64.09166,63.62235]]],[[[-64.08863,63.67187],[-64.11014,63.67353],[-64.13769,63.66504],[-64.11611,63.6603],[-64.08863,63.67187]]],[[[-90.46049,69.61385],[-90.46577,69.60238],[-90.43726,69.60452],[-90.42559,69.61238],[-90.46049,69.61385]]],[[[-75.66539,78.91766],[-75.66042,78.90605],[-75.61062,78.91152],[-75.66539,78.91766]]],[[[-80.206,69.4461],[-80.19946,69.44693],[-80.19311,69.46122],[-80.20049,69.4736],[-80.20211,69.48503],[-80.21318,69.49539],[-80.20044,69.45444],[-80.206,69.4461]]],[[[-109.94459,67.85107],[-109.95491,67.87538],[-109.98031,67.87667],[-109.94459,67.85107]]],[[[-66.82124,65.46471],[-66.83539,65.46504],[-66.84736,65.45024],[-66.82177,65.44952],[-66.82124,65.46471]]],[[[-99.24603,67.75732],[-99.22575,67.74011],[-99.19698,67.74533],[-99.24603,67.75732]]],[[[-102.90067,79.25569],[-102.91205,79.25175],[-102.87033,79.24268],[-102.85559,79.24734],[-102.90067,79.25569]]],[[[-100.7689,76.34068],[-100.71582,76.34731],[-100.75797,76.35335],[-100.7689,76.34068]]],[[[-89.78445,68.97617],[-89.77133,68.97992],[-89.77231,68.99035],[-89.79182,68.99186],[-89.79834,68.98352],[-89.78445,68.97617]]],[[[-74.44682,65.40342],[-74.47086,65.39854],[-74.46106,65.38719],[-74.43821,65.39381],[-74.44682,65.40342]]],[[[-66.39732,62.94623],[-66.40069,62.93834],[-66.41605,62.9351],[-66.38406,62.92739],[-66.38182,62.93972],[-66.39732,62.94623]]],[[[-82.67292,62.99432],[-82.62719,63.0113],[-82.64503,63.01769],[-82.67292,62.99432]]],[[[-91.49708,70.22084],[-91.49842,70.20352],[-91.47955,70.20093],[-91.47606,70.21205],[-91.49708,70.22084]]],[[[-74.02953,64.26162],[-74.07323,64.25048],[-74.06393,64.23926],[-74.02953,64.26162]]],[[[-66.16148,68.18984],[-66.16686,68.17734],[-66.14193,68.17279],[-66.14014,68.18441],[-66.16148,68.18984]]],[[[-95.40876,79.35575],[-95.39814,79.35992],[-95.42457,79.36733],[-95.4511,79.36116],[-95.40876,79.35575]]],[[[-104.42509,77.12517],[-104.40579,77.13747],[-104.45438,77.13726],[-104.42509,77.12517]]],[[[-79.10293,51.82271],[-79.12916,51.81307],[-79.1144,51.80602],[-79.09706,51.80806],[-79.10293,51.82271]]],[[[-91.36829,69.73136],[-91.42406,69.73051],[-91.41291,69.72005],[-91.36829,69.73136]]],[[[-67.8661,68.65214],[-67.89368,68.64407],[-67.89025,68.63872],[-67.85318,68.64204],[-67.8661,68.65214]]],[[[-72.51888,63.67412],[-72.52537,63.663],[-72.49606,63.66124],[-72.495,63.6718],[-72.51888,63.67412]]],[[[-64.94616,67.84027],[-64.96961,67.83518],[-64.94754,67.82379],[-64.93404,67.83197],[-64.94616,67.84027]]],[[[-68.51561,70.15844],[-68.54644,70.16134],[-68.54868,70.15036],[-68.52038,70.14985],[-68.51561,70.15844]]],[[[-62.86204,67.09375],[-62.84416,67.07805],[-62.86538,67.07354],[-62.8395,67.0666],[-62.83364,67.07985],[-62.86204,67.09375]]],[[[-99.21835,67.76439],[-99.23506,67.75806],[-99.19568,67.74856],[-99.19984,67.75948],[-99.21835,67.76439]]],[[[-64.59076,64.11226],[-64.61241,64.10646],[-64.59392,64.09576],[-64.57714,64.10493],[-64.59076,64.11226]]],[[[-66.32829,64.94084],[-66.3522,64.94085],[-66.35848,64.9312],[-66.34041,64.92524],[-66.32829,64.94084]]],[[[-78.72828,57.52879],[-78.72399,57.50078],[-78.71019,57.51334],[-78.71677,57.52692],[-78.72828,57.52879]]],[[[-98.61618,68.10772],[-98.62916,68.10447],[-98.60311,68.09207],[-98.59394,68.10691],[-98.61618,68.10772]]],[[[-74.40015,68.50949],[-74.41568,68.50392],[-74.3677,68.49506],[-74.37306,68.50293],[-74.40015,68.50949]]],[[[-107.70607,67.15068],[-107.71224,67.13138],[-107.68253,67.12985],[-107.70607,67.15068]]],[[[-102.11379,76.34331],[-102.13394,76.34213],[-102.13276,76.32864],[-102.10732,76.33204],[-102.11379,76.34331]]],[[[-108.06864,71.85737],[-108.05984,71.86625],[-108.06298,71.87882],[-108.08555,71.87161],[-108.06864,71.85737]]],[[[-64.36248,63.72082],[-64.36523,63.70649],[-64.32513,63.70406],[-64.36248,63.72082]]],[[[-113.70993,67.92176],[-113.69854,67.91511],[-113.65916,67.91508],[-113.67297,67.92112],[-113.69558,67.92436],[-113.70993,67.92176]]],[[[-84.47397,66.85099],[-84.4411,66.83724],[-84.4338,66.85183],[-84.47397,66.85099]]],[[[-69.75476,62.76703],[-69.77914,62.77676],[-69.79463,62.77478],[-69.77472,62.76136],[-69.75476,62.76703]]],[[[-65.27996,68.01784],[-65.29648,68.04356],[-65.30444,68.02088],[-65.27996,68.01784]]],[[[-71.79122,63.3055],[-71.83206,63.30358],[-71.81048,63.29042],[-71.79122,63.3055]]],[[[-65.28481,61.68936],[-65.30244,61.68666],[-65.30658,61.67204],[-65.28679,61.67252],[-65.28481,61.68936]]],[[[-78.05536,60.77474],[-78.06596,60.77355],[-78.08428,60.76604],[-78.14611,60.75181],[-78.13736,60.751],[-78.09359,60.75915],[-78.07927,60.7635],[-78.07082,60.76975],[-78.05536,60.77474]]],[[[-77.90532,70.22951],[-77.90191,70.24597],[-77.94115,70.22619],[-77.90532,70.22951]]],[[[-98.57719,68.1575],[-98.59302,68.15311],[-98.58632,68.14529],[-98.56634,68.14066],[-98.56622,68.1531],[-98.57719,68.1575]]],[[[-73.50969,82.87291],[-73.5711,82.87822],[-73.57273,82.86898],[-73.50969,82.87291]]],[[[-66.09944,62.28079],[-66.09712,62.25304],[-66.07669,62.25633],[-66.09944,62.28079]]],[[[-107.56941,68.32745],[-107.59111,68.3195],[-107.55355,68.31377],[-107.55355,68.32331],[-107.56941,68.32745]]],[[[-77.31665,69.66452],[-77.29455,69.67053],[-77.30357,69.68038],[-77.32631,69.67592],[-77.31665,69.66452]]],[[[-100.79375,72.92114],[-100.82301,72.9105],[-100.77921,72.90681],[-100.79375,72.92114]]],[[[-101.25049,69.37553],[-101.27774,69.36631],[-101.26828,69.35879],[-101.23863,69.37086],[-101.25049,69.37553]]],[[[-67.50511,62.09591],[-67.53004,62.11086],[-67.54851,62.10523],[-67.52489,62.09656],[-67.50511,62.09591]]],[[[-79.68472,56.98549],[-79.68816,56.97597],[-79.70578,56.96978],[-79.69024,56.96323],[-79.67222,56.97493],[-79.68472,56.98549]]],[[[-100.7537,68.84828],[-100.79893,68.8414],[-100.77945,68.83172],[-100.7537,68.84828]]],[[[-109.15579,68.00635],[-109.18155,68.00688],[-109.14904,67.99206],[-109.13622,67.99562],[-109.15579,68.00635]]],[[[-113.71126,69.19797],[-113.6669,69.18895],[-113.64483,69.19735],[-113.71126,69.19797]]],[[[-99.19241,74.20201],[-99.19688,74.19364],[-99.16224,74.18974],[-99.16408,74.19921],[-99.19241,74.20201]]],[[[-91.47753,63.62766],[-91.51405,63.6178],[-91.46612,63.61514],[-91.47753,63.62766]]],[[[-64.70793,64.12587],[-64.75145,64.12761],[-64.74247,64.11416],[-64.70793,64.12587]]],[[[-71.75698,63.54907],[-71.76784,63.53067],[-71.73021,63.54198],[-71.75698,63.54907]]]]}}